submission_id,loan_id,nps_score,nps_bucket,submitted_at,snapshot_date,days_past_due,arrears,balance,risk_category,age_band,avg_monthly_income_band,account_status_l2,rn
vGYd9e4,rec2nkcjtNuETMV42,6.0,Detractor,2025-06-01 15:37:00,2025-03-30,0,9139.0,59699.0,Low,36-45,,Active,1
yP9EX58,rec33933amrPEBxwf,1.0,Detractor,2025-06-09 12:56:00,2025-03-30,0,100.0,0.0,Low,,,Paid Off,1
obzyKDx,rec3THNTGVJLBwXBt,8.0,Passive,2025-10-07 15:19:00,2025-09-30,0,0.0,0.0,Low,,,Paid Off,1
ob0Drg5,rec4d46T67799i4oL,3.0,Detractor,2025-08-19 17:47:00,2025-06-30,0,0.0,20240.0,Low,36-45,"150,000+",Active,1
KY1az7A,rec57hI40IWkwN2xm,10.0,Promoter,2025-06-01 12:00:00,2025-03-30,0,0.0,21440.0,Low,26-35,,Active,1
gDqoDkd,rec8GtEiJVXB3rD25,8.0,Passive,2025-05-18 10:32:00,2025-03-30,0,0.0,550.0,Low,,,Active,1
LZOYK2l,rec8fZseXDkS8SQZL,5.0,Detractor,2025-10-08 13:43:00,2025-09-30,482,38640.0,38640.0,Critical,,,Return,1
LZOb0lj,recALZtBFJjepGZmQ,0.0,Detractor,2025-10-07 14:54:00,2025-09-30,0,0.0,0.0,Low,,,Paid Off,1
MelNrjA,recBojaSVNU5veQ0M,1.0,Detractor,2025-12-04 15:09:00,2025-09-30,439,58070.0,58070.0,Critical,,,Return,1
Gx4P7do,recEoa9bN8tUHYoSE,2.0,Detractor,2025-11-24 11:25:00,2025-09-30,367,11266.0,11266.0,Critical,,,Return,1
b5gL180,recFRh0WBMRCAR3N4,5.0,Detractor,2025-10-25 04:31:00,2025-09-30,0,7440.0,23830.0,Low,36-45,,Active,1
vGrjax0,recGZd4dTL0wrPBvj,9.0,Promoter,2025-04-22 16:38:00,2025-03-30,0,0.0,22400.0,Low,18-25,"10,000-19,999",Active,1
Y59ddAd,recGxWW7MVAyhDnRs,8.0,Passive,2025-10-08 05:27:00,2025-09-30,0,100.0,0.0,Low,,,Paid Off,1
Gxla0A2,recHpSTKruLZylEJJ,10.0,Promoter,2025-06-03 09:25:00,2025-03-30,288,29350.0,29350.0,Critical,,,PAR 30,1
9q4W2W4,recILX514PjeReYer,3.0,Detractor,2025-10-07 15:18:00,2025-09-30,536,34200.0,34200.0,Critical,,,Return,1
GxpAVAL,recJJooC0TN9L05A2,0.0,Detractor,2025-05-18 08:43:00,2025-03-30,0,0.0,50100.0,Low,,"50,000-99,999",Active,1
vGyYgql,recN9bsYMaseKqFdr,10.0,Promoter,2025-06-07 16:20:00,2025-03-30,0,0.0,25800.0,Low,,"100,000-149,999",Active,1
9qlbWV4,recNlcrJA2VAf5Bim,2.0,Detractor,2025-07-22 17:06:00,2025-06-30,228,29300.0,29300.0,Critical,,,PAR 30,1
Me8aZJl,recNm7jrvCTr8r0EG,,,2025-08-28 18:52:00,2025-06-30,7,2220.0,18870.0,Medium,,,Inactive,1
xXzp9kd,recOF2XBllFm15ezJ,10.0,Promoter,2025-10-07 15:20:00,2025-09-30,0,0.0,0.0,Low,,,Paid Off,1
A79dJpz,recOSap5YLi4TDySp,0.0,Detractor,2025-10-07 14:46:00,2025-09-30,480,14440.0,14440.0,Critical,,,Return,1
D4aNEzl,recQKhZgLkrX2YeNA,10.0,Promoter,2025-10-07 16:05:00,2025-09-30,0,11929.0,0.0,Low,,,Paid Off,1
2EPDZXe,recQLPIPGzBYu5INO,10.0,Promoter,2025-06-01 14:43:00,2025-03-30,78,13320.0,42180.0,Critical,,,PAR 30,1
A7vjPDy,recQrlgZenz2uIJXp,3.0,Detractor,2025-06-01 11:33:00,2025-03-30,0,100.0,23560.0,Low,,,Active,1
rj1Zq6M,recSO4fb4jG9crhLb,1.0,Detractor,2025-11-24 11:28:00,2025-09-30,845,43479.0,37739.0,Critical,,,Return,1
68NXbzY,recSTgLFG5Az2rsX2,7.0,Passive,2025-06-05 12:28:00,2025-03-30,0,1440.0,34000.0,Low,26-35,"30,000-49,999",Active,1
J9lvbyd,recThBBjoC1sbOuxU,9.0,Promoter,2025-05-18 08:37:00,2025-03-30,0,100.0,9780.0,Low,,,Active,1
Gx9BPXZ,recVjZgMs4MWCliO4,0.0,Detractor,2025-08-20 15:22:00,2025-06-30,0,860.0,20640.0,Low,,,Active,1
Y50zAb0,recWk4pL4GsYeFyb5,10.0,Promoter,2025-05-06 11:43:00,2025-03-30,0,60.0,58520.0,Low,26-35,,Active,1
rjPvpEp,recWzwwUKXtDCJg0d,,,2025-06-01 19:29:00,2025-03-30,0,1300.0,13300.0,Low,,,Active,1
Gx9BPko,recX4W1Ryzmzp3o2o,2.0,Detractor,2025-05-06 11:43:00,2025-03-30,0,0.0,31610.0,Low,,"50,000-99,999",Active,1
xXMNqpJ,recX5rxOBbmOk3jqP,7.0,Passive,2025-05-06 11:46:00,2025-03-30,0,0.0,25529.0,Low,,,Active,1
EkEayoA,recZl51FXWV0U6u4u,0.0,Detractor,2025-11-21 22:09:00,2025-09-30,246,59760.0,59760.0,Critical,,,Return,1
QKBYxAA,recZm13W6g7sGkLrx,,,2025-08-12 15:58:00,2025-06-30,0,0.0,5360.0,Low,,,Active,1
jay6kVY,recbX3Y887SSjvV76,8.0,Passive,2025-06-16 16:32:00,2025-03-30,0,100.0,20800.0,Low,,,Active,1
jabZGN6,recfCPp41ZuEnUiUu,0.0,Detractor,2025-04-23 06:11:00,2025-03-30,90,11180.0,43000.0,Critical,26-35,,FMD,1
NpQj5rW,recgB9tuqSd4qrRsP,0.0,Detractor,2025-11-24 12:39:00,2025-09-30,557,55370.0,55370.0,Critical,,,Return,1
81rKjAz,recgxIBSCAxDSZ5bT,0.0,Detractor,2025-10-07 15:20:00,2025-09-30,136,8220.0,8220.0,Critical,,,Return,1
1ARl5eO,rech03dcYx5zngEPj,9.0,Promoter,2025-10-07 15:58:00,2025-09-30,0,0.0,0.0,Low,,,Paid Off,1
MeN8dqk,rechIf61hjD1t9byy,10.0,Promoter,2025-05-06 16:51:00,2025-03-30,229,45140.0,58940.0,Critical,,,PAR 30,1
dWNqK2d,reciMIpVjO2lBzHt8,7.0,Passive,2025-04-22 15:44:00,2025-03-30,0,8199.0,45999.0,Low,,,Active,1
BzK4WXQ,recjiIBCDTaMtcEd9,0.0,Detractor,2025-04-22 16:53:00,2025-03-30,0,0.0,52140.0,Low,,,Active,1
1AVpXZQ,reclc4aKIWsNxd1Ti,0.0,Detractor,2025-06-01 11:59:00,2025-03-30,0,0.0,42840.0,Low,26-35,,Active,1
kdzYRRZ,reco2kB0JKmqrthH2,3.0,Detractor,2025-10-07 18:42:00,2025-09-30,228,50466.0,68946.0,Critical,18-25,"20,000-29,999",Return,1
PdDjPGB,recrJt7yyQsVpOkQI,9.0,Promoter,2025-04-22 16:01:00,2025-03-30,0,0.0,29410.0,Low,,,Active,1
5BDAQVM,recs3CvAMsP4mR1eD,8.0,Passive,2025-11-24 11:33:00,2025-09-30,0,1180.0,14270.0,Low,26-35,"20,000-29,999",Active,1
lbzl2Xk,recumVFei9fYu9U7L,0.0,Detractor,2025-10-09 01:23:00,2025-09-30,383,95149.0,95149.0,Critical,,,Return,1
eqz6X9x,recwtDAUK4jEOSRIM,6.0,Detractor,2025-10-07 16:38:00,2025-09-30,0,100.0,0.0,Low,,,Paid Off,1
XxGYd4O,recxROdM7jKHz6QNs,9.0,Promoter,2025-07-07 15:01:00,2025-06-30,0,0.0,0.0,Low,,,Paid Off,1
QKBYY97,recxzwpy3ZeJlxhti,10.0,Promoter,2025-08-12 15:48:00,2025-06-30,0,0.0,26400.0,Low,18-25,"50,000-99,999",Active,1
lblLE26,reczKQFFRrpJHwI1Q,0.0,Detractor,2025-08-12 14:03:00,2025-06-30,286,29519.0,35999.0,Critical,,,FMD,1
XxoVYWd,reczZPqAcCvmUlkOy,8.0,Passive,2025-05-19 21:24:00,2025-03-30,0,0.0,22680.0,Low,,,Active,1
xXjxB8k,rec0ITuqc7Hbmh5I0,9.0,Promoter,2025-04-22 16:19:00,2025-03-30,0,0.0,78240.0,Low,26-35,"Below 5,000",Active,1
PdDjePV,rec3F60HEZQdHj8kA,10.0,Promoter,2025-04-22 16:24:00,2025-03-30,0,0.0,73140.0,Low,36-45,"20,000-29,999",Active,1
RGd5pPQ,rec4oIBuIQtVCtVwA,10.0,Promoter,2025-04-24 12:56:00,2025-03-30,0,0.0,47200.0,Low,18-25,"30,000-49,999",Active,1
pbAWVlJ,rec7SgyiD5n315BLt,2.0,Detractor,2025-07-07 13:53:00,2025-06-30,0,0.0,36750.0,Low,26-35,"50,000-99,999",Active,1
9qDYY8E,rec8Om3bWXus692vX,6.0,Detractor,2025-06-12 13:22:00,2025-03-30,0,0.0,63140.0,Low,,"50,000-99,999",Active,1
LZqrZxy,rec8po1txvUMM0U2V,6.0,Detractor,2025-12-02 14:11:00,2025-09-30,0,0.0,20330.0,Low,36-45,"30,000-49,999",Active,1
pbyPlvP,recA2rQH2AIZl8pMU,0.0,Detractor,2025-06-22 12:23:00,2025-03-30,7,2880.0,60210.0,Medium,18-25,"30,000-49,999",Inactive,1
ZjeNeky,recAvwO3c2RyeIchE,0.0,Detractor,2025-10-07 15:41:00,2025-09-30,200,30330.0,52380.0,Critical,26-35,"50,000-99,999",Return,1
81zoDgA,recA8DuV3yLD4bP7m,7.0,Passive,2025-04-22 16:45:00,2025-03-30,0,0.0,22140.0,Low,26-35,"Below 5,000",Active,1
QKM2pvA,recCEq4crXYGLkUFQ,10.0,Promoter,2025-04-22 16:36:00,2025-03-30,0,0.0,44060.0,Low,,"Below 5,000",Active,1
PdEBgvx,recI30mpJB9sTsxmL,10.0,Promoter,2025-07-07 20:35:00,2025-06-30,12,2440.0,47580.0,Medium,,,PAR 7,1
A7bDqb0,recMkzRPSG8bmOvNo,8.0,Passive,2025-08-12 15:51:00,2025-06-30,0,0.0,44840.0,Low,36-45,"150,000+",Active,1
81kj7oY,recS26xxRDLxGS8Sf,5.0,Detractor,2025-07-08 08:26:00,2025-06-30,0,2190.0,89140.0,Low,18-25,"50,000-99,999",Active,1
b5Neez0,recS5lYaOyvYssBA0,8.0,Passive,2025-08-28 16:33:00,2025-06-30,0,910.0,30030.0,Low,26-35,"30,000-49,999",Active,1
ODPZQY7,recWKuFBxv77lMIMG,10.0,Promoter,2025-07-10 18:42:00,2025-06-30,0,0.0,69900.0,Low,26-35,"50,000-99,999",Active,1
ODl1Np7,recYsFZwCxGw6mR2m,6.0,Detractor,2025-04-22 17:04:00,2025-03-30,0,0.0,76000.0,Low,26-35,"150,000+",Active,1
81apBbA,recfRpeAh0dWOURSw,9.0,Promoter,2025-05-06 11:49:00,2025-03-30,0,0.0,25200.0,Low,26-35,"50,000-99,999",Active,1
b59xAxe,recg7qJl2qXye16z4,10.0,Promoter,2025-04-24 11:35:00,2025-03-30,0,0.0,65190.0,Low,36-45,"20,000-29,999",Active,1
pbMX0y8,recgC6NF6aU6ykuWP,8.0,Passive,2025-11-05 14:34:00,2025-09-30,1,1470.0,26460.0,Low,26-35,"50,000-99,999",Inactive,1
zxePZRa,recYTdcNJjJQgB1FT,10.0,Promoter,2025-07-22 17:28:00,2025-06-30,0,0.0,49260.0,Low,26-35,"20,000-29,999",Active,1
EkB5JlN,recZA4Gt50gcQpkzf,5.0,Detractor,2025-08-19 15:21:00,2025-06-30,0,0.0,42940.0,Low,26-35,"50,000-99,999",Active,1
GxQaQbe,recifdQdSzDzzCQj4,10.0,Promoter,2025-09-25 13:13:00,2025-06-30,0,0.0,0.0,Low,,,Paid Off,1
Np0kPZN,recmEZjReV9PSJO1V,8.0,Passive,2025-07-22 14:39:00,2025-06-30,0,0.0,60680.0,Low,18-25,"30,000-49,999",Active,1
VLjGoAy,recngic85o7ZM6NIJ,0.0,Detractor,2025-04-23 06:21:00,2025-03-30,0,0.0,70590.0,Low,26-35,"30,000-49,999",Active,1
KYeQN9M,recpY4yLXU4vvvMrB,10.0,Promoter,2025-04-22 16:29:00,2025-03-30,0,0.0,53600.0,Low,26-35,"150,000+",Active,1
WOQNZrQ,recrQBzCOXa91Qvr2,0.0,Detractor,2025-10-24 09:44:00,2025-09-30,0,0.0,28800.0,Low,26-35,"30,000-49,999",Active,1
2EAGyve,reckAeNgVLfxBZq0S,10.0,Promoter,2025-05-18 08:05:00,2025-03-30,0,0.0,63200.0,Low,26-35,"50,000-99,999",Active,1
KYNjbrV,recsdEpKyQFIYCrrj,7.0,Passive,2025-12-02 13:52:00,2025-09-30,0,0.0,29820.0,Low,26-35,"20,000-29,999",Active,1
GNjBKz,rectx4v04Pn7ZpRCj,6.0,Detractor,2025-06-11 15:39:00,2025-03-30,0,0.0,72380.0,Low,18-25,"30,000-49,999",Active,1
zxA45d1,recvXRQf7Lql3tZtH,8.0,Passive,2025-12-18 16:20:00,2025-09-30,27,5250.0,23870.0,Medium,,"50,000-99,999",PAR 7,1
Pd9JJ0b,reczn5f5IJZcgbmYn,10.0,Promoter,2025-08-28 15:54:00,2025-06-30,0,1140.0,34200.0,Low,26-35,"50,000-99,999",Active,1
zxyQa9q,recvIHjYPgsEWSo3Q,10.0,Promoter,2025-05-06 12:16:00,2025-03-30,0,0.0,34960.0,Low,,,Active,1
vGBLbQ8,rec2Xp2hRvFZ0fM6c,1.0,Detractor,2025-07-07 15:06:00,2025-06-30,0,0.0,30079.0,Low,18-25,"10,000-19,999",Active,1
MeOYv2A,rec4Ln3H3b3TIG6Yd,5.0,Detractor,2025-07-07 14:22:00,2025-06-30,1,770.0,33880.0,Low,46-55,"100,000-149,999",Inactive,1
681jZBk,rec4v2nPlbEbBQntj,2.0,Detractor,2025-08-19 18:34:00,2025-06-30,0,0.0,51520.0,Low,18-25,"50,000-99,999",Active,1
68kOLzO,rec5BQbDUw5MqBRlj,9.0,Promoter,2025-07-07 16:10:00,2025-06-30,0,0.0,65799.0,Low,,,Active,1
VL8lRQE,rec89PrDPZI2uCiSu,10.0,Promoter,2025-07-16 12:27:00,2025-06-30,0,0.0,39100.0,Low,18-25,"100,000-149,999",Active,1
D4vDKDZ,rec8FJHUtWGv9vmmh,10.0,Promoter,2025-08-12 14:55:00,2025-06-30,0,0.0,0.0,Low,26-35,"10,000-19,999",Paid Off,1
zx2rk6a,rec8Q3PCjeYssivzX,9.0,Promoter,2025-09-08 15:34:00,2025-06-30,0,0.0,50870.0,Low,18-25,"30,000-49,999",Active,1
NpVYMol,rec9MHIPy9uYJ2aRP,,,2025-07-07 14:17:00,2025-06-30,0,0.0,50700.0,Low,36-45,"150,000+",Active,1
aQrE6B9,rec9WAFMqAS3xiITf,5.0,Detractor,2025-08-12 15:29:00,2025-06-30,0,0.0,49500.0,Low,26-35,"100,000-149,999",Active,1
QKrYqQg,rec9vx5PnBUGs8Aef,10.0,Promoter,2025-07-07 15:10:00,2025-06-30,0,0.0,58280.0,Low,36-45,"10,000-19,999",Active,1
xXQ6Xjv,recAgBG0Vqvck7R33,6.0,Detractor,2025-07-09 08:57:00,2025-06-30,0,0.0,66150.0,High,26-35,"150,000+",PAR 30,1
WODMaVN,recAsrQXSnrg7RaN7,10.0,Promoter,2025-09-08 15:17:00,2025-06-30,0,0.0,72030.0,Low,26-35,"150,000+",Active,1
PdEYAOb,rec55f52RE9uLQuGK,10.0,Promoter,2025-07-07 13:43:00,2025-06-30,0,0.0,50700.0,Low,26-35,"30,000-49,999",Active,1
lbAWLKv,rec5OdT8TCgd4s6IV,6.0,Detractor,2025-07-07 13:56:00,2025-06-30,2,950.0,41800.0,High,26-35,"100,000-149,999",PAR 30,1
pbAWy7B,rec8Q3PCjeYssivzX,9.0,Promoter,2025-07-07 13:20:00,2025-06-30,0,0.0,50870.0,Low,18-25,"30,000-49,999",Active,1
vGxLXav,recCCVWFEuLnsmAcg,8.0,Passive,2025-08-12 14:46:00,2025-06-30,0,0.0,33300.0,Low,18-25,"20,000-29,999",Active,1
q4QvEg8,recEB6LXVzcqlim1p,10.0,Promoter,2025-12-27 02:06:00,2025-09-30,0,0.0,0.0,Low,26-35,,Paid Off,1
rjpR2y5,recEs5aqpy5Me9GZM,3.0,Detractor,2025-11-05 14:38:00,2025-09-30,0,0.0,31640.0,Low,26-35,"10,000-19,999",Active,1
rjY6k7R,recF7NFz221C59n6M,8.0,Passive,2025-10-07 15:34:00,2025-09-30,0,0.0,66519.0,Low,,,Active,1
jaXDB6R,recFMwy03DW7Xx5kr,10.0,Promoter,2025-12-03 17:12:00,2025-09-30,0,0.0,48879.0,Low,,,Active,1
68xoPbY,recG03t9bK0KZ3Y0E,10.0,Promoter,2025-07-22 14:41:00,2025-06-30,0,0.0,39925.0,Low,26-35,"150,000+",Active,1
44j5jlk,recIlh0XDRkZIlH12,10.0,Promoter,2025-07-23 11:03:00,2025-06-30,0,0.0,50250.0,Low,26-35,,Active,1
Np0ke1Q,recJE0cEY8F6JFR3Z,10.0,Promoter,2025-07-22 16:02:00,2025-06-30,0,0.0,46330.0,Low,18-25,"30,000-49,999",Active,1
rj2aWpN,recK588fcjGc2iRmz,8.0,Passive,2025-08-28 14:55:00,2025-06-30,0,0.0,29890.0,Low,46-55,"30,000-49,999",Active,1
81kJvVl,recKqkOt5ayTWUVjx,8.0,Passive,2025-07-08 03:48:00,2025-06-30,0,0.0,71910.0,Low,46-55,"50,000-99,999",Active,1
dWZNEGy,recKtMwBIAINsG8zM,8.0,Passive,2025-08-19 14:29:00,2025-06-30,0,0.0,50760.0,Low,18-25,"30,000-49,999",Active,1
2Ekb5gp,recC4G6Aattx2VyYi,0.0,Detractor,2025-07-08 01:53:00,2025-06-30,0,0.0,31040.0,Low,26-35,"20,000-29,999",Active,1
NpBN4dO,recMIGPRPpSnI9G9V,10.0,Promoter,2025-08-16 07:21:00,2025-06-30,0,0.0,69750.0,Low,26-35,"50,000-99,999",Active,1
obpY0Be,recNLX61ZFxmAu0wj,3.0,Detractor,2025-11-05 14:35:00,2025-09-30,2,950.0,24700.0,Low,36-45,"150,000+",Inactive,1
vGzA2Dg,recT8DewLrpk0LdKl,10.0,Promoter,2025-10-07 14:48:00,2025-09-30,0,0.0,0.0,Low,,,Paid Off,1
dWAeRkq,recTSL0ibGCaduPwm,7.0,Passive,2025-07-11 14:06:00,2025-06-30,0,0.0,38950.0,Low,18-25,"50,000-99,999",Active,1
eqLyZVJ,recUqRNYh0F3mLxuN,7.0,Passive,2025-07-28 20:27:00,2025-06-30,0,0.0,44610.0,Low,18-25,"30,000-49,999",Active,1
2EkvXg9,recVMuTRxFv1b3fem,0.0,Detractor,2025-07-07 13:14:00,2025-06-30,0,0.0,63210.0,Low,26-35,"30,000-49,999",Active,1
VLbE5ll,recW57USPCLJYXKQa,10.0,Promoter,2025-09-13 09:32:00,2025-06-30,0,0.0,91349.0,Low,,,Active,1
b5DX4PE,recZCgt63sm1vCmzY,10.0,Promoter,2025-11-05 14:33:00,2025-09-30,0,0.0,15440.0,Low,36-45,"5,000-9,999",Active,1
J907kA4,recZXgfZxmsflEp2D,,,2025-07-22 13:59:00,2025-06-30,0,950.0,41800.0,Low,18-25,"Below 5,000",Active,1
q4q9xD5,recZoxN8sd3ohWJR4,7.0,Passive,2025-12-20 06:27:00,2025-09-30,0,0.0,28500.0,Low,18-25,"10,000-19,999",Active,1
q4P6ll5,recafm26uWl93BuDK,6.0,Detractor,2025-07-22 15:37:00,2025-06-30,0,0.0,30740.0,Low,26-35,"150,000+",Active,1
Ek09DxL,recbEWJrzyEaYq4Vf,2.0,Detractor,2025-07-22 13:56:00,2025-06-30,0,0.0,36550.0,Low,26-35,"50,000-99,999",Active,1
2ExbpEg,recdGH4BlhIYl5yVG,8.0,Passive,2025-08-13 08:53:00,2025-06-30,0,0.0,33880.0,Low,26-35,"100,000-149,999",Active,1
b5OP67Z,recYlFxjiVhKldFZ2,8.0,Passive,2025-07-22 14:26:00,2025-06-30,0,0.0,129360.0,Low,26-35,"50,000-99,999",Active,1
xXZKqPk,recda5ukR5pcItX8V,8.0,Passive,2025-07-22 15:40:00,2025-06-30,0,0.0,50700.0,Low,18-25,"10,000-19,999",Active,1
WOerNbe,receSDDbnZX9K4fLl,10.0,Promoter,2025-08-19 14:57:00,2025-06-30,0,0.0,23850.0,Low,26-35,"5,000-9,999",Active,1
q4BK4O2,recfnqVF3jfcXCUr5,8.0,Passive,2025-07-07 16:01:00,2025-06-30,12,47999.0,47999.0,Medium,18-25,"10,000-19,999",PAR 7,1
D4YgAVZ,recih7pd4MXz4qb7D,10.0,Promoter,2025-11-07 10:39:00,2025-09-30,0,0.0,13630.0,Low,26-35,"30,000-49,999",Active,1
Gx1DXjL,reck2UxNmK6F0decj,7.0,Passive,2025-07-07 14:21:00,2025-06-30,0,0.0,51390.0,Low,26-35,"100,000-149,999",Active,1
obK7jaX,reco7OoGEFs77bBkc,5.0,Detractor,2025-09-08 15:26:00,2025-06-30,0,29999.0,0.0,Low,18-25,,Paid Off,1
PdgJ2v5,recpy32cxcpwwQ6xJ,5.0,Detractor,2025-11-06 08:50:00,2025-09-30,0,539.0,83139.0,Low,,,Active,1
9qyKbp5,recraXFPBK224pKWz,5.0,Detractor,2025-11-24 12:28:00,2025-09-30,0,0.0,27550.0,Low,26-35,"10,000-19,999",Active,1
gDY7XRO,recsUwSARrwhlHYkP,7.0,Passive,2025-09-08 15:05:00,2025-06-30,0,0.0,46920.0,Low,18-25,"20,000-29,999",Active,1
NpVJW6Q,recsqX35XoaTWxzgw,10.0,Promoter,2025-07-07 16:33:00,2025-06-30,0,0.0,46490.0,Low,26-35,"10,000-19,999",Active,1
ja9kDr1,recudgsRdp9RIZaDO,10.0,Promoter,2025-08-13 22:25:00,2025-06-30,0,0.0,64410.0,Low,18-25,"Below 5,000",Active,1
lbAWAaX,recrvciosCaIVJG1a,10.0,Promoter,2025-07-07 13:48:00,2025-06-30,0,0.0,40850.0,Low,18-25,"5,000-9,999",Active,1
0QMvL1j,rectcU0wUQ8yxrcB2,5.0,Detractor,2025-07-07 13:55:00,2025-06-30,0,0.0,52020.0,Low,18-25,"5,000-9,999",Active,1
xXQyZ4o,recwup8u29g525S5b,10.0,Promoter,2025-07-07 16:41:00,2025-06-30,0,0.0,58550.0,Low,26-35,"50,000-99,999",Active,1
ODPYPEk,recwnTPFRdw9hs9Yi,4.0,Detractor,2025-07-07 13:52:00,2025-06-30,0,0.0,58500.0,Low,26-35,"100,000-149,999",Active,1
NpVY6KO,recz0gRvEum7Dmfvp,10.0,Promoter,2025-07-07 13:43:00,2025-06-30,0,0.0,30030.0,Low,18-25,"100,000-149,999",Active,1
eqlXy2O,rec45R6dqdxTudJf6,0.0,Detractor,2025-11-24 11:29:00,2025-09-30,5,1550.0,79050.0,Low,18-25,"20,000-29,999",FPD,1
eqlXpN0,rec4NcoE9YdQm8qUH,9.0,Promoter,2025-11-24 11:38:00,2025-09-30,31,7520.0,74170.0,High,36-45,"50,000-99,999",FMD,1
QKXpMGl,recAVdb7XLq4bi5KC,6.0,Detractor,2025-11-05 13:37:00,2025-09-30,0,0.0,38200.0,Low,36-45,"150,000+",Active,1
yPrYyxx,recESVgweIu6eVRIq,0.0,Detractor,2025-12-05 03:20:00,2025-09-30,0,0.0,91800.0,Low,26-35,"150,000+",Active,1
0QlzD0j,recKpT4CWPFDxoTFr,10.0,Promoter,2025-11-05 14:52:00,2025-09-30,0,0.0,27300.0,Low,18-25,"20,000-29,999",Active,1
ZjgXGBo,recOfniVg039dXGEI,9.0,Promoter,2025-11-05 14:37:00,2025-09-30,0,0.0,77500.0,Low,26-35,"20,000-29,999",Active,1
WOgXRzk,recV4ov4lFa7HScDu,5.0,Detractor,2025-11-05 13:43:00,2025-09-30,0,0.0,56640.0,Low,26-35,"30,000-49,999",Active,1
gDpXGbl,recVVPZtTqPeThY0J,7.0,Passive,2025-11-05 13:51:00,2025-09-30,0,0.0,68160.0,Low,18-25,"20,000-29,999",Active,1
KYg4rjD,recW6Qah0HUMb4fMm,10.0,Promoter,2025-11-05 19:20:00,2025-09-30,0,0.0,45360.0,Low,,,Active,1
81WVjvO,recdl5vQPxb1BWA5z,,,2025-11-05 14:41:00,2025-09-30,0,0.0,38880.0,Low,26-35,"150,000+",Active,1
689EVOe,recfaPjJaKqnzb0ZN,10.0,Promoter,2025-11-06 09:26:00,2025-09-30,0,0.0,65170.0,Low,26-35,"20,000-29,999",Active,1
RGare4v,recjB2YEijISbeaar,10.0,Promoter,2025-11-21 20:58:00,2025-09-30,0,0.0,42120.0,Low,26-35,"30,000-49,999",Active,1
2EYYVbM,recoTEhguiGXaU0o4,10.0,Promoter,2025-12-18 19:33:00,2025-09-30,0,0.0,42351.0,Low,26-35,"30,000-49,999",Active,1
J9bpeZ4,rectX8pe2zC4CLYfR,1.0,Detractor,2025-12-04 15:22:00,2025-09-30,0,0.0,31680.0,Low,26-35,"50,000-99,999",Active,1
EkMblGN,reczVLijV8d5kc3l3,2.0,Detractor,2025-09-30 15:41:00,2025-09-30,0,0.0,86000.0,Low,46-55,"100,000-149,999",Active,1
9qYjaA1,reczbNHdlCyMT7fIN,0.0,Detractor,2025-12-19 11:08:00,2025-09-30,0,0.0,60630.0,Low,26-35,"30,000-49,999",Active,1
5B4KYOM,recv1tFEyKwaqsvG5,8.0,Passive,2025-04-22 16:39:00,,,,,,,,,1
gD422xK,recomdF0WZPEQDofl,10.0,Promoter,2025-07-22 15:54:00,,,,,,,,,1
D40ePPb,recjZopdDpA1Ty0Rm,9.0,Promoter,2025-08-30 10:11:00,,,,,,,,,1
5BeNabd,recFMYC9bDPDyB1BR,10.0,Promoter,2025-09-19 14:12:00,,,,,,,,,1
jaJKjd4,recr2R4h9N94oidI4,0.0,Detractor,2025-09-19 14:32:00,,,,,,,,,1
7Rzk5XA,recAPihwo1WUIhtJL,6.0,Detractor,2025-11-24 11:36:00,,,,,,,,,1
QKqVV8k,recy7iTRrAfVNLiLW,1.0,Detractor,2025-12-14 00:21:00,,,,,,,,,1
XxRrq0g,recELoLoakgAA4xMF,8.0,Passive,2025-08-19 15:06:00,,,,,,,,,1
b5Njv5g,recf6U7QTvQkErswm,0.0,Detractor,2025-08-28 14:30:00,,,,,,,,,1
WODMVbe,reciMpHbRD5cx2IoI,9.0,Promoter,2025-09-08 15:19:00,,,,,,,,,1
81rKx1l,recWktoSOHNHWO90M,8.0,Passive,2025-10-07 14:26:00,,,,,,,,,1
japXxPx,recIP5YRf1RPke806,7.0,Passive,2025-11-05 14:12:00,,,,,,,,,1
68xaQ6o,recaC1ERVJamYgXqS,10.0,Promoter,2025-07-22 17:47:00,,,,,,,,,1
zx0NZNZ,recr9qWM7YAUGPMfI,5.0,Detractor,2025-08-19 15:12:00,,,,,,,,,1
7R9vLk6,recCiP2SAc4zyTICj,0.0,Detractor,2025-08-19 16:05:00,,,,,,,,,1
ODzKQJg,recq8JTZDkRIqDczy,10.0,Promoter,2025-06-22 04:51:00,,,,,,,,,1
ja9Wle1,rec2Y4WAAcnEfSiTZ,10.0,Promoter,2025-08-12 15:08:00,,,,,,,,,1
PdBYz75,recGZITquu3CJw3cU,10.0,Promoter,2025-08-12 15:14:00,,,,,,,,,1
xX9M6R9,rec50bP9wtnmjockb,5.0,Detractor,2025-08-28 14:43:00,,,,,,,,,1
QK8ePR7,recGZITquu3CJw3cU,10.0,Promoter,2025-08-28 15:58:00,,,,,,,,,1
449ZE9Y,rec0Im25Fa2EYNaN2,,,2025-09-19 13:37:00,,,,,,,,,1
Xx8j6WV,recjI0kx7t6tie8uV,9.0,Promoter,2025-09-25 15:26:00,,,,,,,,,1
XxQDkj4,recCPnDzZjPyaXRh4,4.0,Detractor,2025-10-07 16:03:00,,,,,,,,,1
0QDzZky,recdKd30jliqr4gAc,5.0,Detractor,2025-09-25 13:10:00,,,,,,,,,1
81eOV85,recSKcxGRIDmkcGfM,10.0,Promoter,2025-07-22 15:11:00,,,,,,,,,1
yPDVgb0,recLo95V0vbMr1FRu,10.0,Promoter,2025-07-22 18:42:00,,,,,,,,,1
2EkJkVj,recEDGVmRKo2rcOW9,10.0,Promoter,2025-08-20 16:52:00,,,,,,,,,1
D4xLbLX,recCKn7bitJmR6PAg,10.0,Promoter,2025-09-19 13:41:00,,,,,,,,,1
GxbzdaO,recK5DyPfXrGCcfiF,7.0,Passive,2025-10-07 14:36:00,,,,,,,,,1
dWNq4xq,recUXVKFRJ94o0Xtx,5.0,Detractor,2025-04-22 16:26:00,,,,,,,,,1
QK0gkGp,recXLASKOTMfZtZ6l,8.0,Passive,2025-07-23 05:33:00,,,,,,,,,1
WOpYJbj,recVusXKxCO2ZTRuO,10.0,Promoter,2025-08-12 14:49:00,,,,,,,,,1
aQjeqX2,recKJOi8ccTCUpHOm,8.0,Passive,2025-08-29 21:00:00,,,,,,,,,1
pbkaq1V,recmYzmqhW1BaeuDS,10.0,Promoter,2025-09-26 22:44:00,,,,,,,,,1
9qgkBe4,recrHLqOYLXynfIJP,9.0,Promoter,2025-12-02 14:22:00,,,,,,,,,1
EkZpgzB,recaTuUs8AmCHa3z2,9.0,Promoter,2025-09-19 13:45:00,,,,,,,,,1
GxXJMGk,rec2JQAdRD7EWk8T8,10.0,Promoter,2025-09-08 16:13:00,,,,,,,,,1
Y5JEDpW,recdtYPdos5r1Fym0,9.0,Promoter,2025-09-20 06:58:00,,,,,,,,,1
J9G6oBz,recL2gUEranFdmReW,7.0,Passive,2025-10-24 09:43:00,,,,,,,,,1
VL82ool,recMiSjwGJSSEr6Iu,5.0,Detractor,2025-07-22 17:59:00,,,,,,,,,1
aQZ4B22,recEZio5EEqv0U510,7.0,Passive,2025-08-28 16:56:00,,,,,,,,,1
D4Av2W5,recGTmba9zCtC5MXc,3.0,Detractor,2025-09-08 16:00:00,,,,,,,,,1
EkMdQGX,rec8PqdRBRi9JBpVQ,10.0,Promoter,2025-09-28 18:09:00,,,,,,,,,1
Ek6PlRX,recfaWHOoSS2mlJZO,7.0,Passive,2025-10-07 17:45:00,,,,,,,,,1
PdgLx21,recRcX9hLyUH3UK2h,8.0,Passive,2025-11-05 15:58:00,,,,,,,,,1
J9x4gvr,recZxeDLoCEoMY0WG,9.0,Promoter,2025-11-24 11:34:00,,,,,,,,,1
J9Z7PA7,recJxRifZ6EIW1XgA,0.0,Detractor,2025-12-03 05:43:00,,,,,,,,,1
ob0DMLP,rectZljXq9tGFTy0K,10.0,Promoter,2025-08-19 14:53:00,,,,,,,,,1
44j5Goo,receN1SZ1jAhHlEJO,5.0,Detractor,2025-08-19 18:20:00,,,,,,,,,1
5BEZXKo,rec50k9hdNh9JcdUD,10.0,Promoter,2025-08-28 20:09:00,,,,,,,,,1
5BeRMXM,recWelxER68yVZRUi,1.0,Detractor,2025-09-19 16:51:00,,,,,,,,,1
rjYlyjl,recJ5LHoyWvCyyBMl,10.0,Promoter,2025-10-07 17:10:00,,,,,,,,,1
44PJWNY,recmFDJgHJB98SbMo,9.0,Promoter,2025-08-28 15:56:00,,,,,,,,,1
xXzp5ly,recQZBWKRROsjcN42,8.0,Passive,2025-10-07 16:30:00,,,,,,,,,1
aQy1W72,recVqg2XKRju1yVCl,10.0,Promoter,2025-11-05 19:49:00,,,,,,,,,1
eqE48gx,receTst45GsUTyyTC,9.0,Promoter,2025-07-22 15:14:00,,,,,,,,,1
ZjEGEo0,recaT8rzOObkTBmMu,7.0,Passive,2025-08-19 17:59:00,,,,,,,,,1
LZX7jx2,recUqRCwd38FQm80s,8.0,Passive,2025-08-20 09:48:00,,,,,,,,,1
yPe4ZN4,recxQ9SOlRSWQgx9I,10.0,Promoter,2025-08-28 16:01:00,,,,,,,,,1
b5Nejeg,recoopuT2rGUqJUQA,8.0,Passive,2025-08-28 16:38:00,,,,,,,,,1
68WqGGP,recj19WJHFZaguHN6,10.0,Promoter,2025-09-19 14:02:00,,,,,,,,,1
KYWXjQD,recrjEldvy8dF98Br,7.0,Passive,2025-09-19 14:19:00,,,,,,,,,1
xXz2Byo,recvFB2D7wSkNnMlt,8.0,Passive,2025-10-08 14:04:00,,,,,,,,,1
A7KP49z,recosDWAJvWzAKgLv,1.0,Detractor,2025-04-22 15:40:00,,,,,,,,,1
rj0BVOX,recY64qRVhflvjDJT,6.0,Detractor,2025-08-19 15:10:00,,,,,,,,,1
44jejor,recqNva8h3v0CDRz6,8.0,Passive,2025-08-24 04:37:00,,,,,,,,,1
EkvbAxo,recQNxHh6iyFRDywk,0.0,Detractor,2025-09-08 17:57:00,,,,,,,,,1
yPyvzgg,rec2AdEMOzgTTkPmR,10.0,Promoter,2025-07-07 14:31:00,,,,,,,,,1
2ErQxXp,recjs76f8BfPunYLJ,9.0,Promoter,2025-07-22 17:42:00,,,,,,,,,1
ODdJMoK,rec1dytrIaIbgoVlI,10.0,Promoter,2025-09-08 15:21:00,,,,,,,,,1
5BeRo7N,recGug6m94UrXydqX,9.0,Promoter,2025-09-19 17:33:00,,,,,,,,,1
1ApzMx1,rec5RADOmfhDK3Zpd,10.0,Promoter,2025-09-25 12:45:00,,,,,,,,,1
lb9JJ7W,recmwNkVsCX6fVjNu,9.0,Promoter,2025-12-03 09:42:00,,,,,,,,,1
jabDErR,recEK2nhHTyHdByC8,8.0,Passive,2025-04-22 16:04:00,,,,,,,,,1
dWZNPWr,rec3oP3MOwA1HtSkh,8.0,Passive,2025-08-19 15:06:00,,,,,,,,,1
BzLKyEQ,recrQsJrPjUqN3hSz,1.0,Detractor,2025-08-19 17:08:00,,,,,,,,,1
Np4WkEb,recBWSuwvqfUPUo9g,10.0,Promoter,2025-08-20 14:55:00,,,,,,,,,1
GxY9j52,recQZAcEifJSJtd2d,0.0,Detractor,2025-08-28 14:59:00,,,,,,,,,1
b5YaGPo,recvIxBlsomWdlHaY,7.0,Passive,2025-09-19 14:08:00,,,,,,,,,1
Npbzabl,recg9djH7o64Ar4Jf,9.0,Promoter,2025-09-19 14:28:00,,,,,,,,,1
obkLZp1,rec0epE07LlJgMmFD,9.0,Promoter,2025-09-26 05:07:00,,,,,,,,,1
aQo9kDE,recsYmT1liOZG6BVr,10.0,Promoter,2025-11-08 17:47:00,,,,,,,,,1
EkeP9ar,rec16fWGtqaYxKmBO,10.0,Promoter,2025-12-05 17:53:00,,,,,,,,,1
lbjXPyk,recOasz6tVJCBxQM6,2.0,Detractor,2025-12-18 16:56:00,,,,,,,,,1
1ARl22W,rec08ahIi2qmt40Ul,1.0,Detractor,2025-10-07 15:08:00,2025-09-30,0,0.0,0.0,Low,,,Paid Off,1
b59ZMd0,rec1VBsjbSbObnvEm,2.0,Detractor,2025-04-23 01:50:00,2025-03-30,259,58800.0,60370.0,Critical,36-45,,Return,1
LZz1evJ,rec1r2pV0uc5Rz2SL,5.0,Detractor,2025-05-07 02:58:00,2025-03-30,69,7200.0,24480.0,Critical,,,PAR 30,1
5BjENbb,rec3mlmw1Bx8w6SQD,9.0,Promoter,2025-05-06 18:50:00,2025-03-30,30,3900.0,24180.0,High,36-45,,PAR 7,1
xXMN8rd,rec4YPsvm2M9uOV6A,1.0,Detractor,2025-05-06 11:32:00,2025-03-30,0,100.0,19000.0,Low,,,Active,1
44BpGPB,rec6SyMZnTdZNAsu3,5.0,Detractor,2025-04-27 14:38:00,2025-03-30,0,100.0,8810.0,Low,,,Active,1
1AkPY44,rec8lTL3b9oZa8H78,0.0,Detractor,2025-04-22 16:39:00,2025-03-30,0,0.0,0.0,Low,,,Paid Off,1
Ek6J7Ml,rec9M8wYBwvMdzH7B,8.0,Passive,2025-10-08 20:06:00,2025-09-30,373,21160.0,21160.0,Critical,,,Return,1
LZOd7b1,rec9QfK6NOEZ47cXs,10.0,Promoter,2025-10-07 17:36:00,2025-09-30,343,78220.0,78220.0,Critical,,,Return,1
A726Dd0,rec9kHOim2Kz4ZYNS,1.0,Detractor,2025-05-06 14:44:00,2025-03-30,0,0.0,25720.0,Low,,,Active,1
2Eo7xke,recATK7EV1RETSVK1,10.0,Promoter,2025-10-10 04:22:00,2025-09-30,0,0.0,0.0,Low,,,Paid Off,1
zxNX1Q8,recB2N3ejw9jeBo4l,0.0,Detractor,2025-04-22 15:45:00,2025-03-30,84,8660.0,19380.0,Critical,,,PAR 30,1
NpP6NNl,recDJGIYNc9INt9hw,8.0,Passive,2025-10-07 16:20:00,2025-09-30,0,100.0,0.0,Low,,,Paid Off,1
eqz6YVl,recECEYNiXDMfy3MY,1.0,Detractor,2025-10-07 15:33:00,2025-09-30,0,100.0,0.0,Low,,,Paid Off,1
A79dAzz,recEF3lH5p7ABGkuJ,10.0,Promoter,2025-10-07 15:19:00,2025-09-30,407,44019.0,44019.0,Critical,,,Return,1
dW17EpN,recELxYLL2SMfyVih,5.0,Detractor,2025-11-24 19:18:00,2025-09-30,0,0.0,17380.0,Low,26-35,"150,000+",Active,1
pbPW7VB,recEvvKqZVzV3gVZ3,0.0,Detractor,2025-08-12 15:49:00,2025-06-30,632,59310.0,59310.0,Critical,,,FMD,1
pbdx9yE,recGimqA8tvYvh7FI,9.0,Promoter,2025-04-22 16:15:00,2025-03-30,0,0.0,43160.0,Low,,,Active,1
7REZ9eR,recIPesaR7cNeG93S,2.0,Detractor,2025-10-08 05:55:00,2025-09-30,781,47388.0,47388.0,Critical,26-35,,Return,1
yPNZ71x,recJKLuwWfZr7TL15,8.0,Passive,2025-04-22 16:01:00,2025-03-30,0,0.0,11600.0,Low,,,Active,1
lbzyX15,recJdIHNJ20Y1uFCL,10.0,Promoter,2025-10-07 16:11:00,2025-09-30,0,100.0,0.0,Low,,,Paid Off,1
b5z7kko,recLYLY70VmC93Zpr,0.0,Detractor,2025-10-07 14:45:00,2025-09-30,328,104850.0,104850.0,Critical,,,Return,1
GxKv46o,recLzhGQm212rd3Zg,4.0,Detractor,2025-04-22 16:23:00,2025-03-30,0,100.0,6260.0,Low,,,Active,1
68QvNeo,recPOg3zaAvIBerEc,3.0,Detractor,2025-08-12 15:26:00,2025-06-30,423,80050.0,80050.0,Critical,,,FPD,1
obRLxJN,recPbvGrgPqthyjes,10.0,Promoter,2025-05-18 07:34:00,2025-03-30,0,24080.0,44720.0,Low,,,Active,1
2qygxA,recQhqD0rdX9IjJOX,10.0,Promoter,2025-10-31 14:32:00,2025-09-30,0,1070.0,1070.0,Low,,,Active,1
VLNMjjl,recRWeW6gCoFihs86,5.0,Detractor,2025-10-08 17:00:00,2025-09-30,0,0.0,0.0,Low,,,Paid Off,1
lbqrxEN,recRZlMK45enyJMZa,8.0,Passive,2025-04-24 08:19:00,2025-03-30,0,1964.0,34124.0,Low,,,Active,1
BzpWPGY,recSLBefFIbaYRcnZ,8.0,Passive,2025-05-18 10:07:00,2025-03-30,297,13630.0,13630.0,Critical,,,PAR 30,1
Y5RD9G0,recQJWCGAZ7yuy0k7,8.0,Passive,2025-04-22 15:53:00,2025-03-30,0,90.0,8010.0,Low,,,Active,1
obeVY8b,recVN8X4IMWgQYjiD,3.0,Detractor,2025-05-06 11:18:00,2025-03-30,171,33000.0,40920.0,Critical,,,PAR 30,1
yPDVM5x,recWWcIEhTHemc6Id,10.0,Promoter,2025-07-22 16:27:00,2025-06-30,0,0.0,0.0,Low,,,Paid Off,1
pbdxj2q,recXTX8DhRbtR8sA8,10.0,Promoter,2025-04-22 17:35:00,2025-03-30,0,0.0,0.0,Low,,,Paid Off,1
obzyKDP,recYT8UIgxXqj7YKq,10.0,Promoter,2025-10-07 15:18:00,2025-09-30,0,100.0,0.0,Low,,,Paid Off,1
xXzpN1k,recYrTEh3a7t7Vgz4,10.0,Promoter,2025-10-07 15:07:00,2025-09-30,391,50130.0,50130.0,Critical,26-35,,Return,1
2EVe7DM,recZA3qjw6gA5ZTuc,7.0,Passive,2025-10-24 09:36:00,2025-09-30,0,0.0,12640.0,Low,26-35,"50,000-99,999",Active,1
0Q8RWKy,recZupjyz7ItnYfbj,8.0,Passive,2025-05-18 09:23:00,2025-03-30,0,13470.0,95310.0,Low,,,Active,1
rj0BqMv,recamnt3oE5wLhe3o,7.0,Passive,2025-08-19 16:05:00,2025-06-30,0,0.0,7100.0,Low,,,Active,1
A7K7lv0,reccPQBzpdtFYzdXm,9.0,Promoter,2025-04-22 18:33:00,2025-03-30,0,3170.0,4740.0,Low,,,Active,1
44O8lGB,recdwb1ZE12dJR9yw,9.0,Promoter,2025-10-07 16:25:00,2025-09-30,0,0.0,4450.0,Low,,,Active,1
xX0jyMJ,recgatLDASsFCAxlO,8.0,Passive,2025-08-28 15:09:00,2025-06-30,0,0.0,9540.0,Low,,,Active,1
LZEBLz2,recguEeHJwcx7q86Q,10.0,Promoter,2025-08-25 09:49:00,2025-06-30,221,44800.0,67200.0,Critical,,,FMD,1
q4zdkk7,rechJnln4ar2Kys5l,10.0,Promoter,2025-10-07 15:32:00,2025-09-30,0,0.0,0.0,Low,,,Paid Off,1
Y5oRQZW,rechNKAxYsliPhJRW,4.0,Detractor,2025-08-19 14:55:00,2025-06-30,0,0.0,40139.0,Low,26-35,"150,000+",Active,1
xX9zOVo,rechNONSU5iBbuSEP,10.0,Promoter,2025-09-01 19:16:00,2025-06-30,0,0.0,25410.0,Low,36-45,"50,000-99,999",Active,1
5Br21eM,reciUmnbfnVFYqXON,9.0,Promoter,2025-10-24 19:18:00,2025-09-30,53,8180.0,21260.0,High,26-35,"10,000-19,999",PAR 30,1
lbzyM7v,recjR7btCbtx8qkyd,7.0,Passive,2025-10-07 15:30:00,2025-09-30,0,5460.0,8580.0,Low,,"20,000-29,999",Active,1
5BVzZaM,reckAPZHoCFpaB8M4,7.0,Passive,2025-10-07 14:26:00,2025-09-30,0,0.0,7650.0,Low,26-35,"100,000-149,999",Active,1
jazy599,reckHkeJE9yhguMIS,10.0,Promoter,2025-10-07 15:21:00,2025-09-30,0,1260.0,0.0,Low,55+,,Paid Off,1
2EoeOoj,recnEaHW31AZN1oXs,5.0,Detractor,2025-10-07 15:18:00,2025-09-30,0,3580.0,0.0,Low,,,Paid Off,1
MeglJGp,recno15WSqtSwnWzX,0.0,Detractor,2025-11-05 14:27:00,2025-09-30,315,64400.0,70000.0,Critical,,,Return,1
dWZNZ4V,reco7ujp2aOzt6Vjd,9.0,Promoter,2025-08-19 15:36:00,2025-06-30,0,0.0,28160.0,Low,,,Active,1
NpBYeBj,recoPFQxzD2jjZSfs,9.0,Promoter,2025-08-12 18:12:00,2025-06-30,236,30399.0,44799.0,Critical,,,FMD,1
44K5dyk,recpea5xiSaSDK41s,6.0,Detractor,2025-05-27 07:51:00,2025-03-30,31,3150.0,29370.0,High,26-35,"20,000-29,999",PAR 30,1
lbzRM4X,recq2gbpHBGFOHsp2,10.0,Promoter,2025-10-08 06:35:00,2025-09-30,0,0.0,0.0,Low,,,Paid Off,1
WOR78xL,recsptS8VQRcxqelB,10.0,Promoter,2025-08-28 15:25:00,2025-06-30,0,1437.0,20137.0,Low,,,Active,1
pbdxZrq,rect7DnuaYY5R6mKZ,8.0,Passive,2025-04-22 15:59:00,2025-03-30,1,100.0,10660.0,Low,,,Inactive,1
vGbR6gD,reczlPq05ZWz00PWP,5.0,Detractor,2025-11-16 09:55:00,2025-09-30,0,0.0,0.0,Low,,,Paid Off,1
Y59Zzov,reczlWsMPQNj2ZuLG,3.0,Detractor,2025-10-07 18:47:00,2025-09-30,0,100.0,0.0,Low,,,Paid Off,1
D4b1WAR,rec0CsNk3ewkMBGBu,10.0,Promoter,2025-10-24 16:34:00,2025-09-30,34,3560.0,18760.0,High,,,PAR 30,1
7RYlED0,rec3SiZAeyeF6eIuI,7.0,Passive,2025-12-12 05:45:00,2025-09-30,0,0.0,34000.0,Low,,"30,000-49,999",Active,1
dW2ZBxq,rec6zYdX4U7niQueN,8.0,Passive,2025-08-13 09:11:00,2025-06-30,0,0.0,42700.0,Low,18-25,"50,000-99,999",Active,1
gDGkdyJ,rec8YF7qX8bVimBes,4.0,Detractor,2025-06-01 12:16:00,2025-03-30,0,0.0,62100.0,Low,36-45,"50,000-99,999",Active,1
pb4yQo1,recEl20jEaGsASG5T,10.0,Promoter,2025-08-28 15:34:00,2025-06-30,0,0.0,21550.0,Low,46-55,"50,000-99,999",Active,1
VL8ge6E,recFRxcBfLJ8JIQ31,9.0,Promoter,2025-07-22 15:41:00,2025-06-30,61,12470.0,65010.0,Critical,26-35,"150,000+",PAR 30,1
VL1Y5Wl,recIOIQnnz8nRs8po,9.0,Promoter,2025-08-12 15:20:00,2025-06-30,0,0.0,14580.0,Low,,"30,000-49,999",Active,1
EkrRvLq,recPG0DYTJYTqGMDD,2.0,Detractor,2025-12-02 15:28:00,2025-09-30,0,0.0,18080.0,Low,26-35,"30,000-49,999",Active,1
dWNqG2r,recSYY72QxE6P3LeX,0.0,Detractor,2025-08-28 15:34:00,2025-06-30,0,0.0,47220.0,Low,26-35,"150,000+",Active,1
BzBMzD1,recT0tky5KX2jBnTh,8.0,Passive,2025-07-22 16:16:00,2025-06-30,0,460.0,47380.0,Low,,"50,000-99,999",Active,1
PdDjWjB,recQqKMpvU6GUh8jS,8.0,Passive,2025-04-22 16:25:00,2025-03-30,18,2250.0,42200.0,Medium,18-25,"10,000-19,999",FMD,1
2EPDa5j,recUmAYucpcCQ7wmD,9.0,Promoter,2025-06-01 12:13:00,2025-03-30,0,0.0,56700.0,Low,18-25,"20,000-29,999",Active,1
OD8a8Ya,recVGIFJcHrw7DDuB,10.0,Promoter,2025-08-28 06:07:00,2025-06-30,0,0.0,60800.0,Low,26-35,"150,000+",Active,1
0QBokVy,recWAkAXazxrEN1f0,1.0,Detractor,2025-05-06 17:27:00,2025-03-30,0,0.0,61610.0,Low,26-35,"50,000-99,999",Active,1
81RVJ4x,recX2dj27KJ9vzl6y,6.0,Detractor,2025-09-25 13:01:00,2025-06-30,24,4880.0,42700.0,Medium,,"20,000-29,999",PAR 7,1
Ek0yK14,recYXmoOIZiLvhaFy,5.0,Detractor,2025-07-22 16:25:00,2025-06-30,0,0.0,57240.0,Low,26-35,"30,000-49,999",Active,1
2EgWjzA,recYb3rVZ5nXYdX4f,8.0,Passive,2025-12-02 14:25:00,2025-09-30,0,0.0,49640.0,Low,26-35,"20,000-29,999",Active,1
eqQ9Dlk,recZ0j9B1mCwLwRMP,10.0,Promoter,2025-06-01 13:20:00,2025-03-30,0,0.0,63440.0,Low,18-25,"10,000-19,999",Active,1
kdgyzrd,recZNI80pG0AJlJib,10.0,Promoter,2025-10-24 09:41:00,2025-09-30,0,0.0,11390.0,Low,26-35,"30,000-49,999",Active,1
yPGrqOp,recaF6YsBBHX5ySSe,9.0,Promoter,2025-11-05 14:33:00,2025-09-30,0,0.0,17850.0,Low,36-45,"20,000-29,999",Active,1
ZjL7lAA,recaIsahVF0i1AmpI,10.0,Promoter,2025-12-02 15:06:00,2025-09-30,18,2730.0,22750.0,Medium,18-25,"Below 5,000",PAR 7,1
lbMX40N,recb1fcXbU6xl9iCC,8.0,Passive,2025-09-25 13:23:00,2025-06-30,0,0.0,0.0,Low,,,Paid Off,1
WOerjEe,reccMVt4HjDBZFDUe,8.0,Passive,2025-08-19 15:46:00,2025-06-30,0,0.0,34650.0,Low,,,Active,1
0QlYLXP,recedmVkVaMyQdQ6d,8.0,Passive,2025-11-05 17:33:00,2025-09-30,0,1380.0,24840.0,Low,36-45,"150,000+",Active,1
7RKr0PA,recg8wlsfOAYAB3xe,0.0,Detractor,2025-05-18 08:50:00,2025-03-30,0,0.0,45600.0,Low,36-45,"150,000+",Active,1
lbeMaQB,rechdVDEmH7XZR7dr,5.0,Detractor,2025-05-07 06:42:00,2025-03-30,0,0.0,44000.0,Low,26-35,"30,000-49,999",Active,1
J907P6Y,recmCIEU0Egxpvybr,3.0,Detractor,2025-07-22 15:41:00,2025-06-30,0,0.0,18600.0,Low,18-25,"10,000-19,999",Active,1
447bQJX,recnzSq9tQOQUjwi3,0.0,Detractor,2025-05-18 10:49:00,2025-03-30,0,0.0,30880.0,Low,36-45,"150,000+",Active,1
XxQDNDg,recoL7Nev6OtG283P,8.0,Passive,2025-10-07 15:50:00,2025-09-30,0,0.0,25390.0,Low,26-35,"10,000-19,999",Active,1
1Apz8bW,recrrIqXXH1zmrGeh,7.0,Passive,2025-09-25 14:18:00,2025-06-30,0,0.0,0.0,Low,26-35,"150,000+",Paid Off,1
VLdayrv,recsh0TBrdpJGxI2l,7.0,Passive,2025-11-05 18:48:00,2025-09-30,0,0.0,49680.0,Low,36-45,"150,000+",Active,1
Pdr6ND5,recslQte7n1H1Dk1H,2.0,Detractor,2025-10-07 16:12:00,2025-09-30,140,15960.0,29640.0,Critical,,,Return,1
rjarepo,recvQF8wbPVq5uNnB,8.0,Passive,2025-05-06 11:54:00,2025-03-30,0,0.0,69960.0,Low,18-25,"30,000-49,999",Active,1
68kQQ4e,recyPyhMgUFvFrOFn,7.0,Passive,2025-07-07 19:56:00,2025-06-30,0,0.0,42700.0,Low,,"150,000+",Active,1
2EDY5zj,recyoqpfXs3eotSXX,9.0,Promoter,2025-09-25 16:14:00,2025-06-30,134,53000.0,132500.0,Critical,26-35,"30,000-49,999",Return,1
b54r917,recyzWEv6BQ7zh12m,10.0,Promoter,2025-09-04 15:30:00,2025-06-30,0,0.0,30940.0,Low,26-35,"30,000-49,999",Active,1
0QMvMd9,recuooLvPRmwdPJYU,10.0,Promoter,2025-07-07 13:47:00,2025-06-30,0,0.0,45140.0,Low,26-35,"50,000-99,999",Active,1
NpD5QGp,rect5BpHLRHHJ1biS,4.0,Detractor,2025-04-22 16:23:00,2025-03-30,0,0.0,67850.0,Low,,"5,000-9,999",Active,1
NpVYxzW,rec3PJGbKifs4C0hQ,0.0,Detractor,2025-07-07 15:12:00,2025-06-30,0,0.0,73800.0,Low,18-25,"150,000+",Active,1
D410Wpp,rec4Oee1c2NR2w4Zq,2.0,Detractor,2025-07-08 06:46:00,2025-06-30,0,0.0,33110.0,Low,26-35,"50,000-99,999",Active,1
OD0vjdK,rec6gIqpc9hlxYEVk,2.0,Detractor,2025-07-22 14:10:00,2025-06-30,0,0.0,43230.0,Low,36-45,"150,000+",Active,1
aQPLKNX,rec8oaF5Gt7HtQTN2,1.0,Detractor,2025-12-02 15:33:00,2025-09-30,0,0.0,66820.0,Low,36-45,"100,000-149,999",Active,1
PdvBjjb,rec6ySPxPhQmuBCKP,8.0,Passive,2025-09-08 15:57:00,2025-06-30,0,0.0,49980.0,Low,26-35,"10,000-19,999",Active,1
q4EEY87,rec6yYNNy2KSXzgUh,0.0,Detractor,2025-08-13 01:46:00,2025-06-30,0,0.0,55200.0,Low,26-35,"50,000-99,999",Active,1
5Bqvk66,rec7sLZH025Q3t49q,4.0,Detractor,2025-08-12 15:39:00,2025-06-30,0,0.0,29160.0,Low,36-45,"30,000-49,999",Active,1
kdAW7DJ,recBxwF2AGjb4z7yS,,,2025-09-25 12:14:00,2025-06-30,0,0.0,54600.0,Low,26-35,"50,000-99,999",Active,1
QKXq5Xg,recDdbhOjuYp7MmQ3,1.0,Detractor,2025-11-05 17:08:00,2025-09-30,78,8559.0,32239.0,Critical,,,Return,1
rjrLa5v,recEA1c5qdbi1Ljjy,0.0,Detractor,2025-08-12 14:58:00,2025-06-30,0,0.0,55860.0,Low,26-35,"50,000-99,999",Active,1
Xxvar0g,recEljai0KhS2CLlX,8.0,Passive,2025-12-02 14:20:00,2025-09-30,0,0.0,25000.0,Low,26-35,"50,000-99,999",Active,1
J9kDzV4,recFFCehmXUGVHLnH,4.0,Detractor,2025-08-12 15:13:00,2025-06-30,0,0.0,61100.0,Low,26-35,"100,000-149,999",Active,1
vGBLb2A,recGckAKsJUHE4Ih9,10.0,Promoter,2025-07-07 14:54:00,2025-06-30,0,0.0,42750.0,Low,26-35,"10,000-19,999",Active,1
jaMWpR9,recHgOTYk9x3wsWnA,6.0,Detractor,2025-07-07 14:48:00,2025-06-30,0,0.0,33300.0,Low,26-35,"50,000-99,999",Active,1
rjrLbJR,recIDJVy6uDsyNLWv,10.0,Promoter,2025-08-12 16:59:00,2025-06-30,3,850.0,41650.0,Low,18-25,"10,000-19,999",Inactive,1
lbAWXDk,recJ3bwxWeW6b7d06,1.0,Detractor,2025-07-07 15:01:00,2025-06-30,0,0.0,32560.0,Low,26-35,"30,000-49,999",Active,1
xXZKRk9,recKVtRZ27RxZy5XP,10.0,Promoter,2025-07-22 14:25:00,2025-06-30,0,0.0,120795.0,Low,36-45,"100,000-149,999",Active,1
NpVJ0gj,recFTBunczCzSeqNW,10.0,Promoter,2025-07-07 16:51:00,2025-06-30,0,0.0,24000.0,Low,18-25,"Below 5,000",Active,1
q4BWWMG,recL8WJkvruFxw8Ss,8.0,Passive,2025-07-07 14:01:00,2025-06-30,0,660.0,29040.0,Low,26-35,"5,000-9,999",Active,1
KYovO77,recLyKnhzgPpuKHKh,10.0,Promoter,2025-07-08 11:29:00,2025-06-30,0,0.0,127859.0,Low,,,Active,1
Y5poR0J,recNAJkM986XnI4Q7,10.0,Promoter,2025-09-08 19:51:00,2025-06-30,0,0.0,59770.0,Low,18-25,"20,000-29,999",Active,1
q47WG27,recNaKFOXuzGU0Ahw,10.0,Promoter,2025-11-28 08:51:00,2025-09-30,0,0.0,37080.0,Low,36-45,"50,000-99,999",Active,1
xXQyzE5,recO1hLgR8LnQ6NyD,10.0,Promoter,2025-08-28 15:49:00,2025-06-30,24,4360.0,47960.0,Medium,36-45,"150,000+",PAR 7,1
2EkJLae,recOsO33iBjBE4pw4,0.0,Detractor,2025-07-07 16:52:00,2025-06-30,56,11700.0,65000.0,High,26-35,"50,000-99,999",Return,1
xXZK4gr,recQp0OtVU6tEtNzh,2.0,Detractor,2025-07-22 14:21:00,2025-06-30,0,0.0,55000.0,Low,46-55,"50,000-99,999",Active,1
1AKvDYl,recQwJnAnXe02AU09,10.0,Promoter,2025-07-07 14:20:00,2025-06-30,0,0.0,66150.0,Low,18-25,"50,000-99,999",Active,1
VLNaGaM,recSmTxtywc122dcu,10.0,Promoter,2025-10-12 06:57:00,2025-09-30,174,32950.0,67530.0,Critical,,"100,000-149,999",FPD,1
WOjXKzP,recTIKKpNHyIfTUH0,10.0,Promoter,2025-09-25 13:09:00,2025-06-30,6,31999.0,31999.0,Low,,"100,000-149,999",FPD,1
7ReOJDP,recV0PfYMGK5vq0AZ,2.0,Detractor,2025-11-05 14:37:00,2025-09-30,0,0.0,15810.0,Low,46-55,"20,000-29,999",Active,1
RGvvXrJ,recV2WuMMRyQQmiTo,10.0,Promoter,2025-09-09 07:28:00,2025-06-30,14,7860.0,121380.0,Medium,36-45,"10,000-19,999",PAR 7,1
WO0y47v,recVSKHIZTmCybhAt,8.0,Passive,2025-07-22 15:49:00,2025-06-30,0,0.0,55080.0,Low,18-25,"30,000-49,999",Active,1
Gx1DyNz,recVadGttZldTE8wW,1.0,Detractor,2025-07-07 14:56:00,2025-06-30,0,0.0,33860.0,Low,26-35,"30,000-49,999",Active,1
Np0kNdO,recWtWXR7wp0enBiV,10.0,Promoter,2025-07-22 15:19:00,2025-06-30,0,0.0,44500.0,Low,18-25,"20,000-29,999",Active,1
xXQypYJ,recXX8rxxqoHVl64O,8.0,Passive,2025-07-07 13:40:00,2025-06-30,6,1130.0,48590.0,Low,18-25,"20,000-29,999",Inactive,1
BzYqYZ4,recYyy0cMxWn4wb3m,9.0,Promoter,2025-12-18 16:07:00,2025-09-30,17,2420.0,40500.0,Medium,55+,"50,000-99,999",PAR 7,1
0QMv5LZ,recaLxFyWJQM8tram,7.0,Passive,2025-07-07 14:51:00,2025-06-30,0,0.0,42570.0,Low,26-35,"5,000-9,999",Active,1
Bz1DdvR,recbZMzHZkzzSZyCv,9.0,Promoter,2025-07-07 13:23:00,2025-06-30,0,0.0,71430.0,Low,26-35,"30,000-49,999",Active,1
b5k8vl1,recUV18BlMMZEqNtU,10.0,Promoter,2025-07-07 17:31:00,2025-06-30,0,0.0,55080.0,Low,26-35,"50,000-99,999",Active,1
kdAWQlJ,recWmMeaFUttrKvku,7.0,Passive,2025-07-07 14:59:00,2025-06-30,0,0.0,55780.0,Low,26-35,"50,000-99,999",Active,1
XxGYZMO,recdbEP235pKKvfqa,10.0,Promoter,2025-07-07 15:46:00,2025-06-30,13,1900.0,43700.0,Medium,26-35,"30,000-49,999",PAR 7,1
Bz1Dk85,recerI3pQoaUHXUL4,9.0,Promoter,2025-07-07 13:36:00,2025-06-30,0,0.0,62300.0,Low,26-35,"50,000-99,999",Active,1
pb6xK9q,recg1cqwMfINABPeT,0.0,Detractor,2025-11-25 15:50:00,2025-09-30,0,0.0,41040.0,Low,18-25,"30,000-49,999",Active,1
EkGGLMl,rechldw57gf2pxNso,2.0,Detractor,2025-12-18 18:19:00,2025-09-30,119,45779.0,63200.0,Critical,46-55,"150,000+",Return,1
D4ZO4Dj,rechvSpYwqES0yjkR,0.0,Detractor,2025-09-25 17:24:00,2025-06-30,0,0.0,58800.0,Low,26-35,"20,000-29,999",Active,1
obK7N9P,recibILjq15EyKNgv,10.0,Promoter,2025-09-08 15:10:00,2025-06-30,0,0.0,51840.0,Low,18-25,"10,000-19,999",Active,1
kdA7GXr,recjPz5nhcOMRn0nx,10.0,Promoter,2025-07-07 16:22:00,2025-06-30,0,0.0,70500.0,Low,36-45,"150,000+",Active,1
J98lzxJ,reck3LkDMSHtgvsCA,7.0,Passive,2025-08-28 16:43:00,2025-06-30,0,0.0,72030.0,Low,18-25,"10,000-19,999",Active,1
Ek1Nqlo,reck4RiYUr9JTQnou,1.0,Detractor,2025-09-26 16:21:00,2025-06-30,0,0.0,63240.0,Low,18-25,"30,000-49,999",Active,1
lbK71av,reckRV9jniefcU7lN,10.0,Promoter,2025-09-08 14:57:00,2025-06-30,0,0.0,33130.0,Low,,,Active,1
ja57jJ9,reckzhkOIZg1Tc1gi,1.0,Detractor,2025-09-08 15:35:00,2025-06-30,0,0.0,33369.0,Low,,,Active,1
rjE7ZR5,reclkTFLMOhWZj8IY,10.0,Promoter,2025-07-22 15:39:00,2025-06-30,0,0.0,59800.0,Low,26-35,"30,000-49,999",Active,1
KY07eW8,recg0P2FUlp4lWJyx,4.0,Detractor,2025-07-23 02:58:00,2025-06-30,0,0.0,59850.0,Low,26-35,"10,000-19,999",Active,1
ZjVYRzo,reckcuQhdME0hQNX6,10.0,Promoter,2025-07-07 14:08:00,2025-06-30,0,0.0,29600.0,Low,26-35,"150,000+",Active,1
kdAW9ZR,recpC1jwMf86Op87s,10.0,Promoter,2025-07-07 13:16:00,2025-06-30,0,0.0,30030.0,Low,18-25,"50,000-99,999",Active,1
obzQvJ5,recpw2lCUeuRctSJn,10.0,Promoter,2025-10-11 09:03:00,2025-09-30,0,0.0,51300.0,Low,18-25,"30,000-49,999",Active,1
WOB4GWJ,recuqJHJbKtgqVXgL,2.0,Detractor,2025-11-24 23:22:00,2025-09-30,0,0.0,34980.0,Low,26-35,"30,000-49,999",Active,1
b5OP6e1,rectq2wT2hVyixSj3,5.0,Detractor,2025-07-22 14:28:00,2025-06-30,0,0.0,40850.0,Low,26-35,"20,000-29,999",Active,1
ZjJ0LBz,recukIjBOIqzv1yjt,10.0,Promoter,2025-07-22 15:09:00,2025-06-30,0,0.0,49660.0,Low,26-35,"Below 5,000",Active,1
xXQypdE,recvEVwG9Jly0QUce,8.0,Passive,2025-07-07 13:41:00,2025-06-30,0,0.0,36800.0,Low,36-45,"10,000-19,999",Active,1
gDkXJRP,recvb9rGig9nw1OOw,10.0,Promoter,2025-09-25 13:11:00,2025-06-30,0,0.0,0.0,Low,36-45,"30,000-49,999",Paid Off,1
LZEzrRz,recwJ4DCw113qCdFC,7.0,Passive,2025-08-19 17:13:00,2025-06-30,0,0.0,70530.0,Low,26-35,"50,000-99,999",Active,1
obaPpy5,recwvE0f5CXfNwR7n,7.0,Passive,2025-12-02 15:59:00,2025-09-30,0,0.0,29260.0,Low,26-35,"50,000-99,999",Active,1
ZjZXjDe,recyObKVDfEB2hTzJ,6.0,Detractor,2025-09-25 11:56:00,2025-06-30,0,0.0,50188.0,Low,26-35,,Active,1
ODevNgp,rec7UlqGJh0Xaof5p,6.0,Detractor,2025-12-03 05:38:00,2025-09-30,0,0.0,66650.0,Low,26-35,"20,000-29,999",Active,1
xXLK88y,rec8YrNy22sUij5I5,10.0,Promoter,2025-12-03 05:25:00,2025-09-30,0,0.0,44840.0,Low,26-35,"150,000+",Active,1
VLNoQ1g,recC0OgAJsx0wvVAp,8.0,Passive,2025-10-09 09:08:00,2025-09-30,0,0.0,28380.0,Low,18-25,"20,000-29,999",Active,1
lb5Xx5N,recF5U1CyjmJGHKYx,5.0,Detractor,2025-11-05 16:00:00,2025-09-30,0,0.0,47040.0,Low,26-35,"50,000-99,999",Active,1
44O22gk,recNPjUA4RgBY4uzC,7.0,Passive,2025-10-07 18:16:00,2025-09-30,0,0.0,34170.0,Low,36-45,"150,000+",Active,1
Xxka5xL,recPRtk8y60LEiUYB,4.0,Detractor,2025-11-24 12:44:00,2025-09-30,0,0.0,28060.0,Low,26-35,"150,000+",Active,1
2Ey62qV,recSwlaIkG4O7uNCG,,,2025-11-24 12:20:00,2025-09-30,0,0.0,22885.0,Low,26-35,"Below 5,000",Active,1
81YYdRY,recUb5xHmlCab9vSe,,,2025-12-18 18:02:00,2025-09-30,0,0.0,75600.0,Low,26-35,"50,000-99,999",Active,1
dWoXGkV,rece0qJgixy8uBLVV,8.0,Passive,2025-12-18 16:10:00,2025-09-30,0,0.0,47500.0,Low,26-35,"150,000+",Active,1
QK8RME8,reclnYf4d3hlACa2X,8.0,Passive,2025-12-26 21:42:00,2025-09-30,0,0.0,72850.0,Low,36-45,"150,000+",Active,1
ZjAXKPA,recsW8CWPVPZCcgvj,8.0,Passive,2025-12-18 15:49:00,2025-09-30,0,0.0,46440.0,Low,18-25,"20,000-29,999",Active,1
QKjDPM1,rectJY9ZukjJR4aGB,8.0,Passive,2025-10-24 11:04:00,2025-09-30,0,0.0,41300.0,Low,36-45,"150,000+",Active,1
68YXB2e,recuiSQiJLBNJwOtB,8.0,Passive,2025-12-21 07:08:00,2025-09-30,4,660.0,27720.0,Low,26-35,"10,000-19,999",Inactive,1
pb5KvJP,recylC1v7QJqjxOEn,5.0,Detractor,2025-10-24 09:45:00,2025-09-30,47,5320.0,35720.0,High,18-25,"50,000-99,999",PAR 30,1
GxoKRDe,recqnvg2yjwNNu9lB,10.0,Promoter,2025-08-19 14:42:00,,,,,,,,,1
A7A4ZV0,recjZopdDpA1Ty0Rm,8.0,Passive,2025-09-09 10:03:00,,,,,,,,,1
1ARr5kL,recC0DkfTmyUDK9oF,6.0,Detractor,2025-10-07 19:42:00,,,,,,,,,1
KYG0zgM,recDFnmBThSG2cSuc,10.0,Promoter,2025-10-08 03:53:00,,,,,,,,,1
zxo6vN1,recIj6EelOXtNc8vf,9.0,Promoter,2025-11-24 11:37:00,,,,,,,,,1
2EYv1qg,rec3bHcBQLGnWwaIc,10.0,Promoter,2025-12-15 16:47:00,,,,,,,,,1
7RJbkqL,recl9zejFAZotH712,7.0,Passive,2025-08-19 17:02:00,,,,,,,,,1
PdeMDJd,recZnpJdpoC9mW1Sk,0.0,Detractor,2025-11-25 12:35:00,,,,,,,,,1
kdXAal1,recrE70a8wdtWk5gx,10.0,Promoter,2025-12-05 18:13:00,,,,,,,,,1
lbOk5gX,recBd7NAjVdtmYbIW,6.0,Detractor,2025-05-18 07:47:00,,,,,,,,,1
vGJRkQd,recfK4beRLvuy9KeK,0.0,Detractor,2025-09-19 14:40:00,,,,,,,,,1
ODEzjBg,recYsnMRhdlbfZxo7,10.0,Promoter,2025-10-07 15:11:00,,,,,,,,,1
5BgW18o,recFsYrnPVfLTqEc5,10.0,Promoter,2025-12-03 08:21:00,,,,,,,,,1
dWAjgAr,rec8yTSncl4rpfhwG,0.0,Detractor,2025-07-07 14:46:00,,,,,,,,,1
ODB8G2M,rec50bP9wtnmjockb,8.0,Passive,2025-08-13 10:27:00,,,,,,,,,1
GxYpvYL,recTKpRCnY5rVQMI2,10.0,Promoter,2025-08-28 16:02:00,,,,,,,,,1
7Ra80NR,recDyl2tJIMKJac99,7.0,Passive,2025-09-20 05:22:00,,,,,,,,,1
WOjXr0R,recAhnpXW23U5SNx1,10.0,Promoter,2025-09-25 12:12:00,,,,,,,,,1
44NNMZd,rec9w1qcJMMCWduD9,10.0,Promoter,2025-08-13 04:34:00,,,,,,,,,1
44PJRGk,rec7IH4DXzcXqOSrp,4.0,Detractor,2025-08-28 15:05:00,,,,,,,,,1
kdJMl6o,recOfsQmaGw5FCcyQ,8.0,Passive,2025-09-19 19:14:00,,,,,,,,,1
Y5X09EW,recYLHx0QXGRw0Wba,10.0,Promoter,2025-12-04 15:36:00,,,,,,,,,1
0QPNo1Q,recNCsJ6IVS8mtNoT,7.0,Passive,2025-07-22 17:57:00,,,,,,,,,1
68QrJ0O,recYF0gQdgheg9SNg,9.0,Promoter,2025-08-19 19:42:00,,,,,,,,,1
81jaB6k,recfJQF17KRGBdNmF,8.0,Passive,2025-08-28 15:32:00,,,,,,,,,1
5BeWyZP,recLZTfqtdeAupDIS,9.0,Promoter,2025-09-19 23:43:00,,,,,,,,,1
PdgLXLQ,recdnLa5CaVCWBCfF,7.0,Passive,2025-11-05 14:27:00,,,,,,,,,1
zxo9BaR,recQTjKusSRVaK3dS,10.0,Promoter,2025-11-24 14:44:00,,,,,,,,,1
Gx0WX4o,recRFbjO4lYwQi4t1,8.0,Passive,2025-07-22 14:34:00,,,,,,,,,1
dWQ06Oq,recY6IUAb065QjHxV,,,2025-08-28 16:53:00,,,,,,,,,1
0QDzZWQ,recTNwLvEeEaa4TWb,5.0,Detractor,2025-09-25 13:11:00,,,,,,,,,1
68rjzrB,rec7UlqGJh0Xaof5p,6.0,Detractor,2025-08-28 15:01:00,,,,,,,,,1
2EOaq9M,recRlmsvJnibHtEMf,10.0,Promoter,2025-08-28 15:59:00,,,,,,,,,1
zxo6L2a,recKHZV5mhWGG6C9v,9.0,Promoter,2025-11-24 11:16:00,,,,,,,,,1
0Qb7MNP,reccM6dF8KBAbpK0h,1.0,Detractor,2025-08-29 03:40:00,,,,,,,,,1
VLoVvbN,rectTsJpPmAs5Z9YX,10.0,Promoter,2025-08-30 14:32:00,,,,,,,,,1
WOKyraj,recTxEHc2z3t1yNNK,10.0,Promoter,2025-09-19 15:19:00,,,,,,,,,1
rjb46Eo,recHVjxSDdCxHVKdE,1.0,Detractor,2025-12-02 14:49:00,,,,,,,,,1
xXZKqRv,recaESb37Z3k0tr4e,10.0,Promoter,2025-07-22 15:39:00,,,,,,,,,1
2ExpK1g,recnRMYizULZfqQEY,10.0,Promoter,2025-08-17 14:01:00,,,,,,,,,1
q4jDgJ7,recghZIjQNOlhnBPn,8.0,Passive,2025-08-28 14:43:00,,,,,,,,,1
A7WD71W,recJMvJlhzfijiZnl,1.0,Detractor,2025-08-30 17:42:00,,,,,,,,,1
pbV8JMV,recu27JcoiQWWFA30,10.0,Promoter,2025-07-22 18:12:00,,,,,,,,,1
XxBYLyz,recGQFtCHb6pjQbkJ,9.0,Promoter,2025-08-12 14:52:00,,,,,,,,,1
KYPep0X,reck8lO1r6inXIDWT,1.0,Detractor,2025-08-19 14:23:00,,,,,,,,,1
vGEx990,reck8lO1r6inXIDWT,1.0,Detractor,2025-09-08 18:51:00,,,,,,,,,1
RGb7e59,recglp8opNOVlh0JS,3.0,Detractor,2025-09-20 05:21:00,,,,,,,,,1
KYaANy8,recu27JcoiQWWFA30,6.0,Detractor,2025-09-25 13:43:00,,,,,,,,,1
44P78yr,recAA781QW7bMZrhG,10.0,Promoter,2025-08-28 16:53:00,,,,,,,,,1
VLbrxog,rec0fgivE1Xv7sHFV,10.0,Promoter,2025-09-19 13:35:00,,,,,,,,,1
44BX0AA,recAHPocrT5YrCPOC,8.0,Passive,2025-04-22 16:45:00,,,,,,,,,1
1AdbXDO,recxbnhI4iMurrA9C,7.0,Passive,2025-05-06 12:36:00,,,,,,,,,1
GxoKkaL,rec1dytrIaIbgoVlI,8.0,Passive,2025-08-19 16:10:00,,,,,,,,,1
gDJBpVl,rechQoFy9G3zne7n9,10.0,Promoter,2025-09-19 13:45:00,,,,,,,,,1
rjPJxzv,rec19ZURsb3ZhUhtm,0.0,Detractor,2025-06-01 11:26:00,2025-03-30,38,6240.0,30600.0,High,36-45,,PAR 30,1
vGxLGaA,rec1KCsLOYf8bMgNM,10.0,Promoter,2025-08-12 14:42:00,2025-06-30,0,0.0,17000.0,Low,26-35,"100,000-149,999",Active,1
Bzl7ek5,rec4BvCKIrZtWHxYP,10.0,Promoter,2025-11-18 17:30:00,2025-09-30,599,25460.0,25460.0,Critical,,,Return,1
xXzpWPk,rec7MF365rfb6d0HQ,9.0,Promoter,2025-10-07 16:32:00,2025-09-30,551,36190.0,36190.0,Critical,,,Return,1
1Zgdjg,rec95VMkX4zJdrb1U,10.0,Promoter,2025-04-23 19:43:00,2025-03-30,0,0.0,59940.0,Low,26-35,"100,000-149,999",Active,1
ODgKJeK,rec9PUtt6MsOy9RPm,7.0,Passive,2025-11-05 14:28:00,2025-09-30,237,38619.0,51489.0,Critical,,,Return,1
J9o202Y,rec9mow0uePOn0WI6,9.0,Promoter,2025-10-07 18:20:00,2025-09-30,0,100.0,0.0,Low,,,Paid Off,1
9q4Wp4E,recAWUoDILoofKTzL,10.0,Promoter,2025-10-07 15:23:00,2025-09-30,0,0.0,0.0,Low,,,Paid Off,1
7REZpJ9,recDr8tY1KL6XhmfT,6.0,Detractor,2025-10-08 06:32:00,2025-09-30,0,0.0,0.0,Low,,,Paid Off,1
2EB87Zg,rec4fZqbuemGwnwZF,10.0,Promoter,2025-04-22 15:53:00,2025-03-30,0,3360.0,7980.0,Low,,,Active,1
BzK4lWY,rec8l8Z3r5ZlxJgYm,5.0,Detractor,2025-04-22 16:25:00,2025-03-30,0,0.0,31000.0,Low,,,Active,1
J9o6NqX,recFsZeRhWTznTm7c,10.0,Promoter,2025-10-07 17:00:00,2025-09-30,398,63159.0,54980.0,Critical,,,Return,1
dWzPBvo,recHFellH1FtQMloe,10.0,Promoter,2025-10-08 08:46:00,2025-09-30,673,31819.0,31819.0,Critical,,,Return,1
jazyJbQ,recINkCAHApjg7l9c,9.0,Promoter,2025-10-07 15:23:00,2025-09-30,0,0.0,0.0,Low,,,Paid Off,1
xXMNgvE,recJZmJhF1DymTq57,0.0,Detractor,2025-05-06 10:52:00,2025-03-30,55,5965.0,29965.0,High,,,PAR 30,1
XxQD8vP,recK9QseqaimraXBE,9.0,Promoter,2025-10-07 15:27:00,2025-09-30,0,0.0,0.0,Low,,,Paid Off,1
LZObo9y,recM999x8LmmlnFnU,0.0,Detractor,2025-10-07 15:45:00,2025-09-30,0,10420.0,0.0,Low,,,Paid Off,1
Y59Qxbz,recMHKrFYE7pVBUWu,0.0,Detractor,2025-10-07 15:31:00,2025-09-30,209,21540.0,28020.0,Critical,18-25,"10,000-19,999",Return,1
vGpVxbD,recMg8KMcxe3FMiAs,10.0,Promoter,2025-11-05 14:31:00,2025-09-30,295,64069.0,75989.0,Critical,,,Return,1
KYA5GqX,recMznocGj7lrIkaC,2.0,Detractor,2025-12-04 15:36:00,2025-09-30,337,27840.0,27840.0,Critical,,,Return,1
VLN0vOv,recNAJzn2LaNJrjL6,0.0,Detractor,2025-10-07 15:22:00,2025-09-30,152,30800.0,32200.0,Critical,,,Return,1
OD4bVAR,recNCZr6Tl5L9euuo,1.0,Detractor,2025-05-07 04:03:00,2025-03-30,0,3450.0,28980.0,Low,18-25,,Active,1
Ek6Xv5r,recNdarGYO4YWBKma,0.0,Detractor,2025-10-07 15:22:00,2025-09-30,484,47600.0,47600.0,Critical,,,Return,1
9q41kzG,recNnQh6QIlT5Y6pM,7.0,Passive,2025-10-08 02:27:00,2025-09-30,0,100.0,0.0,Low,,,Paid Off,1
eq6Ozpe,recNzLznisvvtowLL,6.0,Detractor,2025-06-22 19:14:00,2025-03-30,0,0.0,45000.0,Low,,,Active,1
LZVbONy,recNzVJ7ttBMXABMd,5.0,Detractor,2025-10-24 09:42:00,2025-09-30,0,0.0,9350.0,Low,26-35,"100,000-149,999",Active,1
QKVN8q8,recPGrSrglxbmBDDu,0.0,Detractor,2025-06-03 21:02:00,2025-03-30,31,7700.0,64680.0,High,18-25,"10,000-19,999",Return,1
7REWjJP,recPM6tTTXnajMlw3,10.0,Promoter,2025-10-07 16:00:00,2025-09-30,0,100.0,0.0,Low,,,Paid Off,1
eqjJ5WJ,recQ4rg9nqMaUjSvu,8.0,Passive,2025-12-02 14:24:00,2025-09-30,0,4740.0,22120.0,Low,,"50,000-99,999",Active,1
RG8MqO9,recQUOaCoReNbBm8U,7.0,Passive,2025-08-28 15:19:00,2025-06-30,0,100.0,9100.0,Low,,,Active,1
PdDy5V1,recQhByHT8wy1EmHv,10.0,Promoter,2025-04-28 18:24:00,2025-03-30,3,100.0,24940.0,Low,,,Inactive,1
ODXMWPk,recSOzT3mIVxdHO1j,8.0,Passive,2025-05-18 14:58:00,2025-03-30,0,0.0,17280.0,Low,,,Active,1
D4aNOVq,recFMeRMi3dlCkVFk,9.0,Promoter,2025-10-07 16:19:00,2025-09-30,0,0.0,0.0,Low,,,Paid Off,1
lblWKJB,recJTxQLG2QZdtKrD,10.0,Promoter,2025-08-12 16:13:00,2025-06-30,0,0.0,22880.0,Low,26-35,"10,000-19,999",Active,1
WOlEvEe,recTTiPUS9PyYGFCT,0.0,Detractor,2025-08-28 15:52:00,2025-06-30,0,0.0,37000.0,Low,46-55,,Active,1
QK4Djkg,recVeb3nsKPemvjIK,4.0,Detractor,2025-10-07 15:51:00,2025-09-30,0,100.0,0.0,Low,,,Paid Off,1
44JNYyb,recW1hP4LyugXlXbk,10.0,Promoter,2025-05-06 11:26:00,2025-03-30,0,1940.0,22710.0,Low,,"30,000-49,999",Active,1
VL82d5J,recWiZ0YwP11HpUSd,9.0,Promoter,2025-08-19 15:37:00,2025-06-30,0,0.0,31740.0,Low,26-35,"150,000+",Active,1
zxdq0BZ,recXIdwuFMlthrSqg,10.0,Promoter,2025-10-07 15:13:00,2025-09-30,0,100.0,0.0,Low,,,Paid Off,1
VLN09W6,recXOWu2zA1O7Y3Wt,7.0,Passive,2025-10-07 15:13:00,2025-09-30,519,75059.0,65280.0,Critical,,,Return,1
Ek6XEDo,recZ0uTregdj21Ijc,,,2025-10-07 16:01:00,2025-09-30,294,50310.0,59670.0,Critical,26-35,"10,000-19,999",Return,1
b5z7Pjo,recaMvCK6MGg1raZU,10.0,Promoter,2025-10-07 16:50:00,2025-09-30,0,100.0,0.0,Low,,,Paid Off,1
441B9aA,recaTfTaJC8675mmw,8.0,Passive,2025-08-19 15:43:00,2025-06-30,0,0.0,34020.0,Low,26-35,"150,000+",Active,1
vGYdd8Q,recbzR5i5H8YBWUct,8.0,Passive,2025-06-01 14:10:00,2025-03-30,0,0.0,25960.0,Low,,,Active,1
Zjo5Zao,recgdmyke1kpXBde5,10.0,Promoter,2025-05-06 11:50:00,2025-03-30,411,34890.0,34890.0,Critical,,,PAR 30,1
2EoexWj,rech07CI7tuyQb7uF,5.0,Detractor,2025-10-07 15:08:00,2025-09-30,0,0.0,0.0,Low,,,Paid Off,1
7REWEMa,rech9ClGZouPtVigW,10.0,Promoter,2025-10-07 15:39:00,2025-09-30,0,0.0,0.0,Low,26-35,,Paid Off,1
7RL9eJP,rechRz3B3KY82cUFu,8.0,Passive,2025-05-06 10:57:00,2025-03-30,622,34250.0,34250.0,Critical,,,FMD,1
RG5lDKP,rechz4UzD1zksJCk1,1.0,Detractor,2025-06-12 00:03:00,2025-03-30,0,19800.0,50480.0,Low,,,Active,1
J9pkQlR,reci7Ymgdub2aAnrY,10.0,Promoter,2025-05-06 11:51:00,2025-03-30,0,0.0,45880.0,Low,,,Active,1
Pdr0dQV,reciEEkdHoVep7xuQ,10.0,Promoter,2025-10-08 03:34:00,2025-09-30,0,0.0,0.0,Low,,,Paid Off,1
obzyvkx,recid8FcEhCiKetNS,0.0,Detractor,2025-10-07 15:35:00,2025-09-30,255,40700.0,53900.0,Critical,26-35,"10,000-19,999",Return,1
0QBj2B9,recjIN34SL5h8tPAK,10.0,Promoter,2025-05-06 12:17:00,2025-03-30,0,0.0,22620.0,Low,,"100,000-149,999",Active,1
WOqNR8Q,recjhahTeLwGpLYoE,10.0,Promoter,2025-10-07 14:19:00,2025-09-30,0,0.0,0.0,Low,,,Paid Off,1
ja97MO9,recmFIuXXkQlweuwr,7.0,Passive,2025-08-12 19:37:00,2025-06-30,0,1170.0,26910.0,Low,26-35,"50,000-99,999",Active,1
BzbD4lY,recrXpuTFnELvCeSf,9.0,Promoter,2025-08-12 14:40:00,2025-06-30,0,0.0,12870.0,Low,,,Active,1
vGzApkg,recrauM2sd3Byiny5,10.0,Promoter,2025-10-07 15:58:00,2025-09-30,0,0.0,0.0,Low,,"10,000-19,999",Paid Off,1
japA62Y,rectTVKdRmiH9jPIX,10.0,Promoter,2025-11-06 07:37:00,2025-09-30,0,0.0,6069.0,Low,26-35,"30,000-49,999",Active,1
eqyAx5O,recu1PZs3DtIVoaAC,,,2025-10-24 15:54:00,2025-09-30,88,19330.0,31250.0,Critical,26-35,"Below 5,000",PAR 30,1
J9GRPBJ,recuGyL31TGT4ly9X,8.0,Passive,2025-10-24 17:45:00,2025-09-30,60,6030.0,10050.0,Critical,,,PAR 30,1
7RZGrvZ,recvD1YRxvSMkxBrM,0.0,Detractor,2025-07-22 15:30:00,2025-06-30,51,10610.0,40410.0,High,26-35,"50,000-99,999",PAR 30,1
7RLpZNA,recvH86dgCzColcqi,10.0,Promoter,2025-05-07 07:41:00,2025-03-30,0,0.0,16920.0,Low,,"5,000-9,999",Active,1
eqz6oDx,recwLCaLv0AaqfjIt,10.0,Promoter,2025-10-07 15:41:00,2025-09-30,0,0.0,15210.0,Low,18-25,"100,000-149,999",Active,1
yPg6pox,recxQEt8wCMgUm6H8,0.0,Detractor,2025-10-24 10:15:00,2025-09-30,0,0.0,19580.0,Low,,,Active,1
yPGrkG0,recxxDNpCu1tqSjbX,0.0,Detractor,2025-11-05 15:18:00,2025-09-30,296,34400.0,36800.0,Critical,,"30,000-49,999",Return,1
9qXGANV,recy2uadFSJdH3O1u,9.0,Promoter,2025-04-22 16:47:00,2025-03-30,0,0.0,56880.0,Low,26-35,,Active,1
0Qg9QjN,recynRXKy0786FLHb,9.0,Promoter,2025-12-02 14:10:00,2025-09-30,0,1150.0,17710.0,Low,18-25,"30,000-49,999",Active,1
jabDvGE,recz6bPleTRitJUVS,3.0,Detractor,2025-04-22 15:58:00,2025-03-30,34,4450.0,32930.0,High,,,PAR 30,1
gDz0rZK,reczwCI9Q1TdaNIyl,10.0,Promoter,2025-10-07 15:57:00,2025-09-30,0,0.0,0.0,Low,,,Paid Off,1
Ek1JDLr,rec3aJNIBHgYttCDH,10.0,Promoter,2025-07-07 17:03:00,2025-06-30,0,0.0,42620.0,Low,26-35,"30,000-49,999",Active,1
XxrlzDL,recvDdpWZLA2VCChR,10.0,Promoter,2025-04-22 15:50:00,2025-03-30,0,27550.0,27550.0,Low,,,Active,1
44qRNZB,rec9DAsDzBah82QFi,10.0,Promoter,2025-11-05 14:35:00,2025-09-30,0,0.0,49680.0,Low,26-35,,Active,1
zxzJeoE,rec9WpqrvnIs8JEmf,7.0,Passive,2025-08-19 14:29:00,2025-06-30,0,0.0,42700.0,Low,26-35,"10,000-19,999",Active,1
MeDeprl,recDIxzfEMHTZr9d2,0.0,Detractor,2025-04-22 20:53:00,2025-03-30,0,0.0,44979.0,Low,26-35,"100,000-149,999",Active,1
MeJkd6M,recEVzeuxpRkXySqT,7.0,Passive,2025-08-09 09:43:00,2025-06-30,0,0.0,69120.0,Low,26-35,"150,000+",Active,1
ZjERMbz,recG7fSSRfF3K2zjn,8.0,Passive,2025-05-06 11:57:00,2025-03-30,0,0.0,72540.0,Low,46-55,"100,000-149,999",Active,1
J9dkYgK,recHOOLkShutfpEbN,6.0,Detractor,2025-06-01 13:20:00,2025-03-30,0,0.0,47250.0,Low,26-35,"10,000-19,999",Active,1
GxYRq1k,recCZSZrOlKG1Nsgc,2.0,Detractor,2025-08-28 22:24:00,2025-06-30,109,11720.0,38320.0,Critical,26-35,"50,000-99,999",FPD,1
5B4Kp16,recJKsUBTzHl4IGK3,10.0,Promoter,2025-04-22 15:44:00,2025-03-30,0,0.0,134240.0,Low,,,Active,1
68P7RLO,recOoi6I6MZBA2qJa,9.0,Promoter,2025-10-07 14:53:00,2025-09-30,0,0.0,25690.0,Low,26-35,"20,000-29,999",Active,1
81ja94r,recPJKPzEZXenqdhr,9.0,Promoter,2025-08-28 15:39:00,2025-06-30,0,0.0,65000.0,Low,26-35,"30,000-49,999",Active,1
2Er09gD,recQmxaz0nNMuiSkA,10.0,Promoter,2025-07-22 15:33:00,2025-06-30,0,0.0,40260.0,Low,26-35,"100,000-149,999",Active,1
RGV1NZj,recT4MSQPFf4OK7qy,10.0,Promoter,2025-09-25 14:08:00,2025-06-30,0,0.0,102200.0,Low,,"50,000-99,999",Active,1
dWZaaLr,recTlX229gaBE3hsZ,0.0,Detractor,2025-08-19 18:24:00,2025-06-30,97,22120.0,79000.0,Critical,18-25,"50,000-99,999",Return,1
eqDZYBO,recUmt3DbYL0gb025,10.0,Promoter,2025-04-22 15:44:00,2025-03-30,0,0.0,54530.0,Low,26-35,"30,000-49,999",Active,1
eqzBoZe,recVVrf69gCrYTztQ,10.0,Promoter,2025-10-07 19:23:00,2025-09-30,0,5800.0,21660.0,Low,,,Active,1
VLNZl1M,recY0ItnFOt2pmxW8,8.0,Passive,2025-10-07 18:15:00,2025-09-30,0,0.0,0.0,Low,26-35,,Paid Off,1
WOkWOrL,recYrjAgDkeFSXX5i,2.0,Detractor,2025-12-02 14:11:00,2025-09-30,26,2960.0,21460.0,Medium,26-35,"150,000+",Return,1
NpWgv5G,recaVVXq300aFA0IQ,4.0,Detractor,2025-06-11 14:09:00,2025-03-30,0,0.0,30800.0,Low,26-35,"50,000-99,999",Active,1
J9p8G54,reccdOUbjd5IbQj10,5.0,Detractor,2025-05-06 17:42:00,2025-03-30,5,820.0,36940.0,Low,26-35,"10,000-19,999",Inactive,1
A7L0jrN,recejCgf1aysnVEz0,0.0,Detractor,2025-06-11 13:21:00,2025-03-30,6,800.0,72350.0,Low,,,Inactive,1
2Ekvkkj,recWcgxuz8K5yAaUR,10.0,Promoter,2025-07-07 13:48:00,2025-06-30,0,0.0,32190.0,Low,18-25,"10,000-19,999",Active,1
J9dKoXo,recbprJ3ndI6F0BhS,7.0,Passive,2025-04-22 15:57:00,2025-03-30,0,0.0,82380.0,Low,26-35,"20,000-29,999",Active,1
kd9av2R,recjPY1G5I3fQxMOn,8.0,Passive,2025-04-22 15:52:00,2025-03-30,0,0.0,56760.0,Low,26-35,"30,000-49,999",Active,1
pbAP7dP,recmNoJpG0rAczolv,10.0,Promoter,2025-07-07 19:53:00,2025-06-30,0,0.0,32760.0,Low,36-45,"5,000-9,999",Active,1
KYeQr58,recoY52g8vVHAhvdL,7.0,Passive,2025-05-18 08:22:00,2025-03-30,0,0.0,63210.0,Low,18-25,"150,000+",Active,1
7RzAW96,recowfieZUWGDXTOE,10.0,Promoter,2025-11-24 13:14:00,2025-09-30,50,8540.0,33400.0,High,18-25,"150,000+",PAR 30,1
ja60R61,recozbH0rJvgQlpGZ,8.0,Passive,2025-05-06 14:55:00,2025-03-30,0,0.0,75896.0,Low,36-45,"50,000-99,999",Active,1
2EBXyjA,recrQZigDi47GG0Xd,7.0,Passive,2025-04-23 07:19:00,2025-03-30,0,0.0,26650.0,Low,,"30,000-49,999",Active,1
9q968z5,recopw807ijyfYSt5,6.0,Detractor,2025-05-06 15:03:00,2025-03-30,0,0.0,24300.0,Low,26-35,"30,000-49,999",Active,1
gDAZpDO,rec0HCSbS5TAxGsxv,10.0,Promoter,2025-07-07 14:46:00,2025-06-30,0,0.0,60180.0,Low,26-35,"30,000-49,999",Active,1
5BVzxjZ,rec1U5Abp7xSWdv5U,2.0,Detractor,2025-10-07 14:28:00,2025-09-30,0,0.0,22330.0,Low,26-35,"150,000+",Active,1
81k8PBO,rec1CjR86jpvdwu27,1.0,Detractor,2025-07-07 14:07:00,2025-06-30,5,770.0,31570.0,Low,18-25,"10,000-19,999",Inactive,1
J9Vdo94,rec2Gy51C8OjjEDP6,9.0,Promoter,2025-10-06 08:28:00,2025-09-30,0,0.0,46130.0,Low,46-55,"100,000-149,999",Active,1
2Ekvy8b,rec4JpDRBGK0hF724,9.0,Promoter,2025-07-07 14:55:00,2025-06-30,0,0.0,33880.0,Low,18-25,"20,000-29,999",Active,1
lbMXKbp,rec51hQNvEnNnFQvp,9.0,Promoter,2025-09-25 13:07:00,2025-06-30,0,0.0,0.0,Low,,,Paid Off,1
RG4747d,rec6S17jM9TCrivgL,4.0,Detractor,2025-07-13 07:51:00,2025-06-30,0,0.0,43600.0,Low,26-35,"150,000+",Active,1
1A2vlxl,rec7L8slnA4S5tumz,8.0,Passive,2025-08-12 15:25:00,2025-06-30,0,0.0,69969.0,High,26-35,"150,000+",PAR 30,1
KYoDdpg,recB8XPtLLsthQkf2,4.0,Detractor,2025-07-07 15:51:00,2025-06-30,21,2480.0,33280.0,Medium,46-55,"20,000-29,999",PAR 7,1
NpMkDW0,recBCABHIoxpfL9ED,8.0,Passive,2025-09-12 12:13:00,2025-06-30,0,0.0,37950.0,Low,26-35,"150,000+",Active,1
J907V1z,rec2dBmZcslSVR7tN,6.0,Detractor,2025-07-22 14:06:00,2025-06-30,0,0.0,78960.0,Low,46-55,"30,000-49,999",Active,1
VLoPYaj,recD6rr2M0GsBr83G,1.0,Detractor,2025-08-28 17:21:00,2025-06-30,0,0.0,50700.0,Low,18-25,"20,000-29,999",Active,1
441KALA,recDcSzgIhQOHoxyd,5.0,Detractor,2025-08-20 05:58:00,2025-06-30,0,0.0,31999.0,Low,36-45,"20,000-29,999",Active,1
Np0kYRB,recExwO38qevgjO5D,7.0,Passive,2025-07-22 13:52:00,2025-06-30,0,0.0,21500.0,Low,18-25,"10,000-19,999",Active,1
dWz66Ny,recGRXpGH1kgWMyDD,3.0,Detractor,2025-10-07 14:39:00,2025-09-30,0,0.0,30270.0,Low,26-35,"5,000-9,999",Active,1
BzBNJge,recINHSTLmv0yVAvg,9.0,Promoter,2025-07-22 15:25:00,2025-06-30,0,0.0,67240.0,Low,36-45,"150,000+",Active,1
44kvYoo,recIGmllKJb6onIVM,10.0,Promoter,2025-07-07 15:08:00,2025-06-30,0,0.0,44690.0,Low,18-25,"30,000-49,999",Active,1
ZjJ0zA0,recL27pvpAtv329lO,7.0,Passive,2025-07-22 14:11:00,2025-06-30,0,0.0,60850.0,Low,26-35,"50,000-99,999",Active,1
eqjkO8x,recLAzp3rOa0eGQjs,5.0,Detractor,2025-12-03 09:04:00,2025-09-30,0,0.0,49200.0,Low,26-35,"30,000-49,999",Active,1
vGBLJYg,recLPFZrg0Jt8ZkPT,9.0,Promoter,2025-08-19 15:56:00,2025-06-30,0,0.0,40850.0,Low,26-35,"150,000+",Active,1
VLB2BLa,recLVdBLGUkmnA2RD,9.0,Promoter,2025-12-03 08:47:00,2025-09-30,0,0.0,14500.0,Low,36-45,"150,000+",Active,1
gDLVRRN,recMTOVyDXXjalUwH,10.0,Promoter,2025-07-30 06:14:00,2025-06-30,0,0.0,47390.0,Low,26-35,"10,000-19,999",Active,1
ZjGoG0z,recOf5znDqqKrJvvs,0.0,Detractor,2025-08-19 15:38:00,2025-06-30,0,0.0,34040.0,Low,55+,"20,000-29,999",Active,1
44kvNK5,recOhuz4uVroGtaVB,6.0,Detractor,2025-07-07 14:08:00,2025-06-30,0,1100.0,55700.0,Low,46-55,"150,000+",Active,1
81k8xPx,recSmLIFaY0KcQl8N,,,2025-09-08 15:06:00,2025-06-30,0,0.0,39099.0,Low,36-45,"100,000-149,999",Active,1
kdA0jZJ,recUKZDuKSIjZUAJJ,7.0,Passive,2025-07-08 02:31:00,2025-06-30,0,0.0,36100.0,Low,18-25,"20,000-29,999",Active,1
9qaY6YG,recUtCJ4CtiGBB7sT,4.0,Detractor,2025-11-05 17:53:00,2025-09-30,0,0.0,42780.0,Low,18-25,"30,000-49,999",Active,1
RGLpELP,recWQRnTVKB6EqWvC,10.0,Promoter,2025-07-22 15:57:00,2025-06-30,0,0.0,57820.0,Low,26-35,"50,000-99,999",Active,1
J98p5ez,recYPElnm65e9CrzW,0.0,Detractor,2025-08-28 15:49:00,2025-06-30,21,3800.0,46550.0,Medium,26-35,"50,000-99,999",FMD,1
GxY94vO,recYe2czkKSaB6cn7,10.0,Promoter,2025-08-28 14:54:00,2025-06-30,0,0.0,51000.0,Low,36-45,"50,000-99,999",Active,1
LZGYVDG,recbiAur3emSto0ga,7.0,Passive,2025-07-07 14:42:00,2025-06-30,0,0.0,37000.0,Low,18-25,"20,000-29,999",Active,1
eqA2aql,recUmnM151BQYo7GS,5.0,Detractor,2025-09-08 14:52:00,2025-06-30,0,0.0,33740.0,Low,26-35,"20,000-29,999",Active,1
gD42kxP,recaCXnvfMgAumPAN,10.0,Promoter,2025-07-22 14:32:00,2025-06-30,0,0.0,67620.0,Low,26-35,"20,000-29,999",Active,1
J9RDpNR,reccuqNSNJkM6eeAc,8.0,Passive,2025-07-07 13:22:00,2025-06-30,0,0.0,48960.0,Low,18-25,"5,000-9,999",Active,1
xXQNQg9,receMCjMvYJvLJ75S,9.0,Promoter,2025-07-22 13:51:00,2025-06-30,0,0.0,40800.0,Low,18-25,"30,000-49,999",Active,1
44O8r7Y,recePDU7IJGfUkbOA,9.0,Promoter,2025-10-07 14:28:00,2025-09-30,0,0.0,30180.0,Low,26-35,"20,000-29,999",Active,1
obB7R2b,rechOcbTrJZN8PQK6,1.0,Detractor,2025-07-07 16:24:00,2025-06-30,0,0.0,42550.0,Low,26-35,"150,000+",Active,1
LZvMEGO,reciBbB7VNvWUj8FW,10.0,Promoter,2025-09-08 17:18:00,2025-06-30,0,0.0,39650.0,Low,26-35,"10,000-19,999",Active,1
44D5YvY,reciY3qIl00ycv9kK,2.0,Detractor,2025-12-03 05:10:00,2025-09-30,0,0.0,50020.0,Low,36-45,"20,000-29,999",Active,1
Pd8OOvB,recikTcU7S22c9yuQ,7.0,Passive,2025-08-29 02:21:00,2025-06-30,0,0.0,56210.0,Low,26-35,"30,000-49,999",Active,1
A7JDdvW,recirDfuxjMBIuuFx,10.0,Promoter,2025-07-07 13:42:00,2025-06-30,0,0.0,44650.0,Low,26-35,"50,000-99,999",Active,1
japXkqJ,recjP8zu8L2ZU1PBl,10.0,Promoter,2025-11-05 14:53:00,2025-09-30,36,7090.0,47390.0,High,36-45,"100,000-149,999",PAR 30,1
zxzJJ0Z,recjYRVBDHL0wTl0h,9.0,Promoter,2025-07-07 13:59:00,2025-06-30,0,0.0,48160.0,Low,26-35,"20,000-29,999",Active,1
OD0vbM8,reckpNUF35iErmfzp,0.0,Detractor,2025-07-22 14:26:00,2025-06-30,0,0.0,8000.6,Low,18-25,"10,000-19,999",Active,1
VL8rzdM,recm9DRPcY8krz088,10.0,Promoter,2025-07-22 09:21:00,2025-06-30,0,0.0,43700.0,Low,26-35,"30,000-49,999",Active,1
jaLZWl1,reclKZFgCqqnfGWFx,8.0,Passive,2025-07-23 21:44:00,2025-06-30,0,0.0,60090.0,Low,26-35,"30,000-49,999",Active,1
KYZjglg,recoFrWsD4UZYE6VY,10.0,Promoter,2025-11-24 11:33:00,2025-09-30,0,0.0,37240.0,Low,26-35,"50,000-99,999",Active,1
ZjZXPqy,recqGIaijnhEc0pBB,8.0,Passive,2025-09-25 13:05:00,2025-06-30,0,0.0,0.0,Low,18-25,"5,000-9,999",Paid Off,1
D40popX,recqJJOgG9eFYkD3R,6.0,Detractor,2025-08-28 18:47:00,2025-06-30,0,0.0,50490.0,Low,26-35,"5,000-9,999",Active,1
KYoD5eK,recrLW0dGfe76GEQ6,7.0,Passive,2025-07-07 13:23:00,2025-06-30,0,0.0,47880.0,Low,36-45,"150,000+",Active,1
5B2Rojv,rectVZEVcaO9UiQjD,10.0,Promoter,2025-07-22 15:11:00,2025-06-30,0,0.0,59100.0,Low,26-35,"30,000-49,999",Active,1
rjY6ZGo,recuGMkR576N8p845,10.0,Promoter,2025-10-07 16:35:00,2025-09-30,0,0.0,33900.0,Low,36-45,"100,000-149,999",Active,1
44NoKak,recpQHAQwuCUbRKS0,6.0,Detractor,2025-08-12 18:58:00,2025-06-30,0,0.0,24010.0,Low,18-25,"10,000-19,999",Active,1
2EDdAQV,recwVHntX09Wr0PNH,10.0,Promoter,2025-09-25 17:48:00,2025-06-30,15,3390.0,51980.0,Medium,18-25,"20,000-29,999",PAR 7,1
yPjqkW4,recwZ7l750Rx6vTyC,6.0,Detractor,2025-09-08 18:12:00,2025-06-30,0,0.0,69960.0,Low,26-35,"50,000-99,999",Active,1
b54rpZE,reczUO97AWz51fUd9,10.0,Promoter,2025-08-12 17:40:00,2025-06-30,0,0.0,99929.0,Low,36-45,"150,000+",Active,1
zxO4WYg,reczbnoz06M4nrQAo,10.0,Promoter,2025-11-05 14:38:00,2025-09-30,0,0.0,27550.0,Low,26-35,"10,000-19,999",Active,1
Xx1M64Y,recw4ONirCQHTqJoX,5.0,Detractor,2025-09-08 15:15:00,2025-06-30,0,0.0,37300.0,Low,26-35,"20,000-29,999",Active,1
KYoDXg7,recyIow8HjyEotzJF,8.0,Passive,2025-07-07 15:38:00,2025-06-30,0,0.0,32340.0,Low,26-35,"20,000-29,999",Active,1
KYGJ9Vk,rec4g4JZKQ2JqPEE6,10.0,Promoter,2025-10-08 20:20:00,2025-09-30,0,0.0,57820.0,Low,26-35,"10,000-19,999",Active,1
NpPb4DG,rec4kwwNxagCW342s,7.0,Passive,2025-10-09 17:35:00,2025-09-30,0,0.0,50950.0,Low,26-35,"30,000-49,999",Active,1
jarXAZ6,rec5QdoOYIVY0jQ3y,5.0,Detractor,2025-12-18 16:17:00,2025-09-30,0,0.0,28540.0,Low,26-35,"10,000-19,999",Active,1
GxgV2EQ,rec8E7S50SflRF9Cj,2.0,Detractor,2025-11-05 20:08:00,2025-09-30,0,0.0,30550.0,Low,18-25,"30,000-49,999",Active,1
A70Ylpz,rec8yTSncl4rpfhwG,2.0,Detractor,2025-11-05 17:16:00,2025-09-30,91,20459.0,37819.0,Critical,,,Return,1
q4vOk4O,recINO3LggDAFclTV,4.0,Detractor,2025-09-30 06:56:00,2025-09-30,0,0.0,43400.0,Low,26-35,"50,000-99,999",Active,1
Ekedp9N,recIZQhBoexQN3Q1O,4.0,Detractor,2025-12-04 16:43:00,2025-09-30,0,0.0,54240.0,Low,46-55,"100,000-149,999",Active,1
kd1zLMo,recdbXVZ59qXdnubK,10.0,Promoter,2025-11-21 17:08:00,2025-09-30,1,926.0,46286.0,Low,26-35,"50,000-99,999",Inactive,1
NpdgLqb,recqaNv0p5HtUuD1f,7.0,Passive,2025-10-02 07:28:00,2025-09-30,0,0.0,29700.0,Low,18-25,"10,000-19,999",Active,1
81reG2k,recsYtAvnQmwIA1Vh,3.0,Detractor,2025-10-08 05:38:00,2025-09-30,0,0.0,46500.0,Low,46-55,"150,000+",Active,1
ZjgXLza,reczKr4I7K3iLzmW9,0.0,Detractor,2025-11-05 15:23:00,2025-09-30,0,0.0,52120.0,Low,26-35,"150,000+",Active,1
RGV11kQ,recNxTJaWReVFpS7L,6.0,Detractor,2025-09-25 13:47:00,,,,,,,,,1
BzgqbG7,recX57MoWEKGcK0qJ,10.0,Promoter,2025-11-05 14:30:00,,,,,,,,,1
1AxeWNl,recnEFlWp937qyrDO,0.0,Detractor,2025-11-06 14:16:00,,,,,,,,,1
68Y6ybY,recmr3vPtD3G8l1kn,8.0,Passive,2025-12-19 07:26:00,,,,,,,,,1
2EB8dvM,recV3T2OHDXAUJBqK,4.0,Detractor,2025-04-22 16:45:00,,,,,,,,,1
XxBYeMO,recGUTwpWskSVAdVZ,,,2025-08-12 15:28:00,,,,,,,,,1
Ek802D2,recLflOwihF3LmBbh,5.0,Detractor,2025-08-30 11:22:00,,,,,,,,,1
Bzqpbk1,recpKAArvk4azIxmD,5.0,Detractor,2025-12-04 18:28:00,,,,,,,,,1
2ErQ2zL,recdl5vQPxb1BWA5z,1.0,Detractor,2025-07-22 20:11:00,,,,,,,,,1
A7bDDX0,recKV9z09uUs89Mkx,10.0,Promoter,2025-08-12 15:49:00,,,,,,,,,1
BzbDRb7,recl1HR7zneEEsGwY,7.0,Passive,2025-08-12 17:34:00,,,,,,,,,1
J9VdLG7,recZ4uia3egbX6QRS,7.0,Passive,2025-08-19 15:12:00,,,,,,,,,1
rjGdX62,recmgwQSnQc8lLCEN,3.0,Detractor,2025-09-08 15:34:00,,,,,,,,,1
QK4DBy1,recstI8JRWqUEvAq1,10.0,Promoter,2025-10-07 15:08:00,,,,,,,,,1
5BQYGXv,recC6ROo8olDK25hP,5.0,Detractor,2025-11-05 17:44:00,,,,,,,,,1
BzgYvWA,recSwTkv2L35uKCVq,8.0,Passive,2025-11-05 19:50:00,,,,,,,,,1
zxQJXr0,recALTQm8aMDSnaaa,4.0,Detractor,2025-08-12 14:40:00,,,,,,,,,1
EkBd8pN,recVe6IPbGIjdwihH,9.0,Promoter,2025-08-19 19:51:00,,,,,,,,,1
rj2O612,recaERznBpjBfaOVA,9.0,Promoter,2025-08-28 16:53:00,,,,,,,,,1
GxQaQYQ,recE0eTfb36D3Cm5X,9.0,Promoter,2025-09-25 13:14:00,,,,,,,,,1
Me72Gvg,recpUG4nAsquO6gyV,7.0,Passive,2025-09-25 16:03:00,,,,,,,,,1
7RXYAKa,recwbToLECRbZgHYX,10.0,Promoter,2025-10-07 17:14:00,,,,,,,,,1
obpLoDM,rec7MF6bR6lSJoLxY,5.0,Detractor,2025-11-06 08:25:00,,,,,,,,,1
pbdxXlb,recL6XUnkmp58e4Fz,9.0,Promoter,2025-04-22 16:36:00,,,,,,,,,1
VL1YzBM,recs0aCJizK2RlYzx,10.0,Promoter,2025-08-12 15:12:00,,,,,,,,,1
NpB4jdp,recV0yhCH39CztGAa,,,2025-08-13 08:47:00,,,,,,,,,1
xX9PPWr,recDEd9Nv1hXsMlz8,0.0,Detractor,2025-08-31 05:23:00,,,,,,,,,1
7R19N6A,recUuLe9KNHZD6Mql,8.0,Passive,2025-09-08 16:30:00,,,,,,,,,1
Y5JDV0N,recUuLe9KNHZD6Mql,3.0,Detractor,2025-09-13 10:44:00,,,,,,,,,1
J9kDR7o,recRXnLQ8FNrtqeF3,10.0,Promoter,2025-08-12 15:38:00,,,,,,,,,1
D4aVx7b,recT9L8upTyKkhFCw,10.0,Promoter,2025-10-24 10:18:00,,,,,,,,,1
kdXe006,rec75vhhX5wBSxiyC,10.0,Promoter,2025-12-04 15:08:00,,,,,,,,,1
LZz1qvz,recMbq0BKT2x5kP4T,10.0,Promoter,2025-05-18 08:48:00,,,,,,,,,1
Gx0WVxo,recBW3WflBlSL7aee,8.0,Passive,2025-07-22 15:14:00,,,,,,,,,1
Np0G0Nb,recn8oDJTBIxIyNWt,9.0,Promoter,2025-07-22 17:21:00,,,,,,,,,1
EkB50Kl,recmaznX4we8JEFn8,3.0,Detractor,2025-08-19 15:07:00,,,,,,,,,1
yPdry96,rec2BW7npYAfR2s4Q,,,2025-09-25 12:34:00,,,,,,,,,1
aQk7BMZ,recKW0hGEbIDsDm3L,10.0,Promoter,2025-10-29 15:16:00,,,,,,,,,1
RGg1oA9,recFq2Y8NrDl1yl9q,10.0,Promoter,2025-11-05 13:47:00,,,,,,,,,1
7ReYKG6,recwgLSTUTsTnsF8U,2.0,Detractor,2025-11-05 16:55:00,,,,,,,,,1
7RJbpVA,recNyyAyyigSl1N7U,9.0,Promoter,2025-08-19 15:53:00,,,,,,,,,1
9qpExgE,recBeCnnP39A093Uc,9.0,Promoter,2025-09-08 14:45:00,,,,,,,,,1
kdJDZOZ,recAvFaGWZj5sLAZD,10.0,Promoter,2025-09-20 08:24:00,,,,,,,,,1
7RpYpK6,recPNc76dlOU49nlb,8.0,Passive,2025-09-25 15:52:00,,,,,,,,,1
NpRN74l,recu226lAoNYuMsZZ,8.0,Passive,2025-09-25 17:50:00,,,,,,,,,1
7RzJ44P,rec1ONnMGeWkt6FBP,4.0,Detractor,2025-11-20 13:29:00,,,,,,,,,1
A7bxEoN,recwSQFEz5nxEgX6b,0.0,Detractor,2025-08-12 14:16:00,,,,,,,,,1
PdeqrKx,receDw9wswWP4sZwO,7.0,Passive,2025-11-24 11:24:00,,,,,,,,,1
0Qype9Z,recI3EuypKvjiPDli,10.0,Promoter,2025-11-25 09:43:00,,,,,,,,,1
kdQMz5M,recR6iIesK0IviGRR,1.0,Detractor,2025-12-03 08:21:00,,,,,,,,,1
RG1MJbj,receGPEjFdIoJ31Tu,10.0,Promoter,2025-12-04 15:01:00,,,,,,,,,1
D49kXLq,recf6BV2VcTXrPl6j,9.0,Promoter,2025-12-04 15:09:00,,,,,,,,,1
RGBRXKv,recF2MGHjzJ68LtJn,,,2025-08-12 14:30:00,,,,,,,,,1
RGBvp2j,rec0TuZgz5ZFQrdYf,10.0,Promoter,2025-08-13 16:46:00,,,,,,,,,1
vG0rP9X,rec5QdoOYIVY0jQ3y,4.0,Detractor,2025-08-19 14:44:00,,,,,,,,,1
D45qrZR,recMoClm5VcLePhpc,2.0,Detractor,2025-08-19 15:06:00,,,,,,,,,1
ZjPE4dV,recBNQkyAlkwiFATZ,9.0,Promoter,2025-08-28 15:56:00,,,,,,,,,1
68QvNvJ,recKBo8LbBwwriw1t,10.0,Promoter,2025-08-12 15:15:00,,,,,,,,,1
9q6XZ15,recrP0da7q6A6c8WV,9.0,Promoter,2025-08-19 14:37:00,,,,,,,,,1
GxoKVqZ,recZEuaV0GrgaCQYz,10.0,Promoter,2025-08-19 16:42:00,,,,,,,,,1
xX9Mkpk,recisz8K9W9PzyBUy,10.0,Promoter,2025-08-28 15:57:00,,,,,,,,,1
KY8xeaV,rec3tjaCUUXFtpFOx,4.0,Detractor,2025-08-28 16:22:00,,,,,,,,,1
pb4olrq,recjt7aWfDWiF9Iru,3.0,Detractor,2025-08-28 19:52:00,,,,,,,,,1
xX4NlQ9,recTQPQMHKq5I7yrf,10.0,Promoter,2025-09-08 17:36:00,,,,,,,,,1
ODdJqQR,rec0eXvE3PbzEea8R,8.0,Passive,2025-09-09 16:35:00,,,,,,,,,1
0Qyj5gj,reczhO84o7DrVs2OF,5.0,Detractor,2025-11-20 10:37:00,,,,,,,,,1
eqlXzve,recyxOMXND6ycSUb0,10.0,Promoter,2025-11-24 11:21:00,,,,,,,,,1
q4P61OG,reczTRzdqTveHVNEq,1.0,Detractor,2025-07-22 15:30:00,,,,,,,,,1
J9VpO9z,recnnNty757cQkPYH,7.0,Passive,2025-08-19 18:30:00,,,,,,,,,1
WOeYKDP,recdxuobJ4oanWOaP,0.0,Detractor,2025-08-21 15:18:00,,,,,,,,,1
zxWy2dk,recEPULqg0r4XQcpL,9.0,Promoter,2025-08-28 14:22:00,,,,,,,,,1
XxRrDaL,recgahFaY8ItudYyJ,9.0,Promoter,2025-08-28 15:19:00,,,,,,,,,1
lbMXlzk,rec3WdMPohrSLtu0s,10.0,Promoter,2025-09-25 12:58:00,,,,,,,,,1
9qoP4QX,recirZZQLHj7fFY1X,0.0,Detractor,2025-09-25 13:19:00,,,,,,,,,1
zxOAeqg,recw4pX0JdHzlEvkS,2.0,Detractor,2025-11-05 17:25:00,,,,,,,,,1
eqlJQ8q,recthEgAecVFEYmBV,5.0,Detractor,2025-11-24 13:00:00,,,,,,,,,1
LZN2xp1,recnKakHKMlIkJTgz,8.0,Passive,2025-11-24 11:57:00,,,,,,,,,1
MedYRrp,recmipc0m7r6fK07o,3.0,Detractor,2025-08-12 15:17:00,,,,,,,,,1
kdR7JzZ,recObMVtL2N13CosM,9.0,Promoter,2025-08-12 20:38:00,,,,,,,,,1
rj0A9BM,receahL1GpamBixQH,6.0,Detractor,2025-08-20 14:24:00,,,,,,,,,1
BzA85gY,receahL1GpamBixQH,7.0,Passive,2025-09-09 02:42:00,,,,,,,,,1
VLbg1Ma,rec9KZS38zox0xRDn,9.0,Promoter,2025-09-19 16:17:00,,,,,,,,,1
J9gbzpd,recvzQ4aRnzxJterm,10.0,Promoter,2025-11-05 13:50:00,,,,,,,,,1
eqj4kNl,recBIMBs5Sq2C8B2z,10.0,Promoter,2025-12-03 06:08:00,,,,,,,,,1
9q92po5,recV9883dLvSzrE1i,,,2025-05-06 17:07:00,,,,,,,,,1
RGBYMqP,recOlrLDHBQVth3kC,9.0,Promoter,2025-08-19 19:22:00,,,,,,,,,1
9q6lQ45,recy5XLrW2RY5F942,,,2025-08-21 06:38:00,,,,,,,,,1
ODdBKYp,recBSHzo8FMzaEXta,8.0,Passive,2025-09-08 18:26:00,,,,,,,,,1
rjY6K4v,rec0I3y5QktQDqkpj,10.0,Promoter,2025-10-07 14:47:00,2025-09-30,0,0.0,0.0,Low,,,Paid Off,1
aQz6AgZ,rec1OIi2NpZM20NTJ,9.0,Promoter,2025-10-07 15:31:00,2025-09-30,0,0.0,0.0,Low,,,Paid Off,1
44O8GrY,rec230ba05zEI0qFM,10.0,Promoter,2025-10-07 15:42:00,2025-09-30,0,0.0,0.0,Low,,,Paid Off,1
2Eg60rL,rec3P2R23XDA5NgLz,10.0,Promoter,2025-12-02 13:51:00,2025-09-30,0,630.0,16430.0,Low,36-45,,Active,1
VLq0DAg,rec478JIPMzr28rPs,8.0,Passive,2025-10-24 09:37:00,2025-09-30,0,0.0,14100.0,Low,26-35,,Active,1
dWz62Jd,rec4b6PtEP8BStI9X,8.0,Passive,2025-10-07 15:09:00,2025-09-30,0,100.0,0.0,Low,,,Paid Off,1
ODrAQOg,rec5RkBKW2kjzA6c5,7.0,Passive,2025-10-24 11:31:00,2025-09-30,0,1380.0,9660.0,Low,18-25,"10,000-19,999",Active,1
RGjRJ8l,rec5S4f2bAMnz4Ri0,6.0,Detractor,2025-10-08 10:38:00,2025-09-30,435,41419.0,36210.0,Critical,,,Return,1
obeVYJP,rec7UyZKfq4mPl6Tk,0.0,Detractor,2025-05-06 11:21:00,2025-03-30,33,4250.0,35700.0,High,,,PAR 30,1
44O8zWA,rec9UTMMuRZFfKngJ,1.0,Detractor,2025-10-07 15:38:00,2025-09-30,0,0.0,0.0,Low,,,Paid Off,1
jazyM76,recCpkIeHOWBPjWpT,2.0,Detractor,2025-10-07 14:46:00,2025-09-30,0,100.0,0.0,Low,,,Paid Off,1
QKVOABp,recD9uiUwqwREyNPi,10.0,Promoter,2025-06-01 12:52:00,2025-03-30,31,4400.0,36960.0,High,26-35,"100,000-149,999",PAR 30,1
dWz6kyr,recDJd0uVxyuqj8LC,0.0,Detractor,2025-10-07 15:33:00,2025-09-30,0,0.0,0.0,Low,,,Paid Off,1
1Axz06l,recFWZvJCeb2FJLir,0.0,Detractor,2025-11-05 15:38:00,2025-09-30,398,53199.0,53199.0,Critical,,,Return,1
RGjzJyQ,recFwszgb3N4RJoTW,1.0,Detractor,2025-10-07 18:38:00,2025-09-30,0,0.0,16940.0,Low,26-35,,Active,1
vGrjKyl,recHDnVDRlfvts5dQ,6.0,Detractor,2025-04-22 15:49:00,2025-03-30,7,1760.0,12320.0,Medium,,,Inactive,1
ODXMqaK,recHdnUmvQS03nEZo,10.0,Promoter,2025-05-18 08:45:00,2025-03-30,0,0.0,46480.0,Low,,,Active,1
VLN0Vxa,recLF0eA44FPrM6DE,9.0,Promoter,2025-10-07 14:55:00,2025-09-30,0,100.0,0.0,Low,,,Paid Off,1
PdgNjM5,recLLCiJ2S2MHFMDf,10.0,Promoter,2025-11-05 16:29:00,2025-09-30,250,51840.0,63360.0,Critical,36-45,"50,000-99,999",Return,1
ZjWNv6B,recLRlbzTZcBGy0LK,0.0,Detractor,2025-10-24 09:22:00,2025-09-30,343,104999.0,107099.0,Critical,36-45,,Return,1
GxBop42,recLb0o1SKE7q64Ob,1.0,Detractor,2025-08-13 05:57:00,2025-06-30,0,0.0,9840.0,Low,,,Active,1
44qYJM5,recMXjGYPpDoqf43r,10.0,Promoter,2025-11-05 16:50:00,2025-09-30,0,0.0,7650.0,Low,26-35,"50,000-99,999",Active,1
yPNZ1pW,recO4cc15FMgzK9Jf,5.0,Detractor,2025-04-22 15:57:00,2025-03-30,0,0.0,9470.0,Low,,,Active,1
xXzpLRG,recOLoOb2BuLtvnr8,6.0,Detractor,2025-10-07 16:09:00,2025-09-30,325,22220.0,22220.0,Critical,26-35,,Return,1
pbzGbEy,recOtcszkwtWQFmI4,10.0,Promoter,2025-10-08 09:14:00,2025-09-30,0,0.0,0.0,Low,,,Paid Off,1
q4j5Z9g,recR8oV2Veok1T75Z,6.0,Detractor,2025-08-27 21:57:00,2025-06-30,0,0.0,14820.0,Low,,,Active,1
pboye7q,recS99ayhL336fI3L,0.0,Detractor,2025-05-12 15:31:00,2025-03-30,0,100.0,10150.0,Low,,,Active,1
jabDkpQ,recK9QseqaimraXBE,8.0,Passive,2025-04-22 15:46:00,2025-03-30,0,0.0,35000.0,Low,,,Active,1
RGP8144,recLk28qj2QkAqNFO,0.0,Detractor,2025-05-31 17:51:00,2025-03-30,0,0.0,11070.0,Low,,,Active,1
jazykDR,recTd64vTIsI34yEy,10.0,Promoter,2025-10-07 15:28:00,2025-09-30,0,1480.0,0.0,Low,,,Paid Off,1
WOBpBpa,recXBo5ME8YsrRjt3,10.0,Promoter,2025-11-20 10:40:00,2025-09-30,0,0.0,12690.0,Low,26-35,,Active,1
japreDJ,recXRJfJVHZhplbKH,,,2025-11-05 16:31:00,2025-09-30,433,23890.0,23890.0,Critical,,,Return,1
7RJvN4a,recZx522Kp7SDL76u,9.0,Promoter,2025-08-21 14:18:00,2025-06-30,350,62730.0,62730.0,Critical,,,FPD,1
eqND22l,recdz1ztavsjsF3Qe,8.0,Passive,2025-08-19 15:16:00,2025-06-30,0,16120.0,23240.0,Low,,,Active,1
VLjENej,receqs5xvBzt3P9sN,8.0,Passive,2025-04-22 15:59:00,2025-03-30,0,100.0,0.0,Low,,,Paid Off,1
2EokQqA,recfqwNhYwZaCOjzH,5.0,Detractor,2025-10-08 03:00:00,2025-09-30,0,0.0,0.0,Low,,,Paid Off,1
rjBjLRl,recZAdXq7W0CSKRDt,10.0,Promoter,2025-04-22 18:56:00,2025-03-30,0,0.0,44030.0,Low,26-35,"100,000-149,999",Active,1
A7vjjxW,recbzR5i5H8YBWUct,8.0,Passive,2025-06-01 14:10:00,2025-03-30,0,0.0,25960.0,Low,,,Active,1
dW0eVPK,recj7ZHbk51zhJkSE,10.0,Promoter,2025-05-18 07:56:00,2025-03-30,0,0.0,6660.0,Low,,,Active,1
yP2qOZW,reck7iYhjBibsFM0a,8.0,Passive,2025-05-06 11:57:00,2025-03-30,99,10320.0,18350.0,Critical,,,PAR 30,1
9qJvZ9Q,reckuBtqPH5hN5i1j,7.0,Passive,2025-08-12 15:06:00,2025-06-30,0,0.0,14570.0,Low,26-35,"50,000-99,999",Active,1
44O8rgB,recnWqniaiUgTAlXw,2.0,Detractor,2025-10-07 14:30:00,2025-09-30,0,0.0,16840.0,Low,26-35,"50,000-99,999",Active,1
VLNZZOj,recoKG8Xxwd4ODKpq,10.0,Promoter,2025-10-07 18:10:00,2025-09-30,0,0.0,0.0,Low,,,Paid Off,1
44Jzako,recpSwnM4aI5I0Mq2,10.0,Promoter,2025-05-07 10:49:00,2025-03-30,0,0.0,16585.0,Low,,,Active,1
1ARl0LW,recpax9Az9Bia5Qbm,0.0,Detractor,2025-10-07 16:21:00,2025-09-30,340,102199.0,82250.0,Critical,,,Return,1
obzyaD5,recqMKdQs6nE2smeD,8.0,Passive,2025-10-07 16:04:00,2025-09-30,0,0.0,16890.0,Low,26-35,,Active,1
81re2Xx,rectBzlQttCoiQ3qm,10.0,Promoter,2025-10-08 07:05:00,2025-09-30,417,34310.0,34310.0,Critical,26-35,,Return,1
gDGkMgO,recv0KO26Y0VHRKAI,8.0,Passive,2025-06-01 12:40:00,2025-03-30,0,1145.0,43615.0,Low,,,Active,1
LZObYlz,recwB78YA50WVA7BN,5.0,Detractor,2025-10-07 15:00:00,2025-09-30,0,0.0,0.0,Low,,,Paid Off,1
81WVqBr,recxFssvlsUqMalbA,0.0,Detractor,2025-11-05 13:34:00,2025-09-30,459,10360.0,10360.0,Critical,18-25,,Return,1
kd9ajg1,recxcmdUN7WwNt0ut,3.0,Detractor,2025-04-22 16:46:00,2025-03-30,41,9480.0,67940.0,High,26-35,,PAR 30,1
0QGxazy,recxhhGwlHimgMoyI,4.0,Detractor,2025-10-24 09:39:00,2025-09-30,0,0.0,16900.0,Low,18-25,,Active,1
ODEzXWY,recyqGx7s1EwojCCj,8.0,Passive,2025-10-07 14:23:00,2025-09-30,0,0.0,8460.0,Low,26-35,,Active,1
5BVzDQN,reczpdRz7rRZSxAqK,1.0,Detractor,2025-10-07 16:01:00,2025-09-30,310,49200.0,49200.0,Critical,26-35,,Return,1
q4QdM7Y,rec0NSEyy825H22np,0.0,Detractor,2025-12-23 19:44:00,2025-09-30,0,0.0,21000.0,Low,36-45,"10,000-19,999",Active,1
dWAj4rd,rec5oVZaR7XBLcW1R,10.0,Promoter,2025-07-07 15:05:00,2025-06-30,0,0.0,19440.0,Low,36-45,"Below 5,000",Active,1
xXjxov9,recwdZCb5tboLX1i6,5.0,Detractor,2025-04-22 16:48:00,2025-03-30,0,0.0,32560.0,Low,26-35,,Active,1
q4a4WNg,recxKCi0IOYz2dVPE,8.0,Passive,2025-04-22 18:56:00,2025-03-30,0,0.0,10000.0,Low,,,Active,1
XxoP6Ze,recyqGx7s1EwojCCj,1.0,Detractor,2025-05-18 09:05:00,2025-03-30,0,0.0,32900.0,Low,26-35,,Active,1
xX0Mx79,rec7WjQaOMXM2mtyE,4.0,Detractor,2025-08-19 17:52:00,2025-06-30,25,2580.0,21430.0,Medium,,"30,000-49,999",PAR 7,1
lb5XMyk,rec8rf01hywIw1IjP,10.0,Promoter,2025-11-05 14:51:00,2025-09-30,0,0.0,25680.0,Low,26-35,"150,000+",Active,1
dWNWeMN,recEous78Be7KS7Sg,7.0,Passive,2025-04-22 20:55:00,2025-03-30,0,0.0,60200.0,Low,,"10,000-19,999",Active,1
q47r6e7,recGKqoNw21DfmDZl,9.0,Promoter,2025-12-02 17:06:00,2025-09-30,0,0.0,19300.0,Low,26-35,"50,000-99,999",Active,1
rjkRJDl,recHdg4PVHcMPyAWd,10.0,Promoter,2025-09-25 13:09:00,2025-06-30,0,0.0,0.0,Low,,,Paid Off,1
obD6pr1,recHpffrBFmnnaIBH,10.0,Promoter,2025-04-22 16:14:00,2025-03-30,0,0.0,41810.0,Low,26-35,"150,000+",Active,1
pbVaky1,recEVzeuxpRkXySqT,9.0,Promoter,2025-07-22 14:26:00,2025-06-30,0,0.0,69120.0,Low,26-35,"150,000+",Active,1
b5eQy6L,recEojr7uurePlbjZ,10.0,Promoter,2025-05-18 08:07:00,2025-03-30,0,0.0,24600.0,Low,,"150,000+",Active,1
BzK4y95,recK5hR1IcSJ3SBuE,0.0,Detractor,2025-04-22 17:04:00,2025-03-30,0,0.0,36090.0,Low,18-25,"20,000-29,999",Active,1
MeNr6Q0,recKiIDP0zPsTWXRa,8.0,Passive,2025-05-06 13:57:00,2025-03-30,0,0.0,78320.0,Low,26-35,"30,000-49,999",Active,1
Ekl7rEX,recM1IsgG9DRno0MA,1.0,Detractor,2025-05-18 08:21:00,2025-03-30,0,0.0,78200.0,Low,26-35,"50,000-99,999",Active,1
Bzb8l45,recO7CATdS6aKbwrJ,7.0,Passive,2025-08-13 12:23:00,2025-06-30,0,0.0,31940.0,Low,36-45,"50,000-99,999",Active,1
5BE9qxM,recRrM5eND9e28lpK,10.0,Promoter,2025-08-28 17:24:00,2025-06-30,98,16950.0,47460.0,Critical,18-25,"20,000-29,999",Return,1
Me7lk8E,recVC3jE2OYZiZnPw,1.0,Detractor,2025-09-25 14:37:00,2025-06-30,0,0.0,37820.0,Low,,"20,000-29,999",Active,1
1Axze4M,recWpWUit7YiqlUlA,8.0,Passive,2025-11-05 15:53:00,2025-09-30,0,1290.0,27690.0,Low,26-35,"5,000-9,999",Active,1
VLQdW0l,recXsoBuF5NxhqnX1,,,2025-05-08 08:46:00,2025-03-30,0,0.0,45100.0,Low,18-25,"30,000-49,999",Active,1
XxJOrVV,recYCmgQUbLX0vDtl,10.0,Promoter,2025-05-06 15:48:00,2025-03-30,38,9540.0,81090.0,High,,"50,000-99,999",FPD,1
ZjgXBN5,recaO8IMi8sVkSMpC,0.0,Detractor,2025-11-05 15:49:00,2025-09-30,0,0.0,12920.0,Low,,,Active,1
0QDzPx0,recbu9d06yUvwpIzx,10.0,Promoter,2025-09-25 12:39:00,2025-06-30,0,0.0,56000.0,Low,26-35,"20,000-29,999",Active,1
yP45bvg,recdnXr2tCOVJmj7y,10.0,Promoter,2025-05-18 08:36:00,2025-03-30,0,0.0,82680.0,Low,26-35,"50,000-99,999",Active,1
KYO6Ra7,receFa8nAyCRAPJTY,6.0,Detractor,2025-10-24 09:51:00,2025-09-30,0,7490.0,29960.0,Low,26-35,"30,000-49,999",Active,1
QKM2qbX,receQcYgH7bgNfqtp,10.0,Promoter,2025-04-22 16:43:00,2025-03-30,0,0.0,49720.0,Low,26-35,"10,000-19,999",Active,1
1AKv2g4,recYb3rVZ5nXYdX4f,10.0,Promoter,2025-07-22 14:31:00,2025-06-30,0,0.0,90440.0,Low,26-35,"20,000-29,999",Active,1
aQz6vKb,recgTKlZpEZ5BSVpA,1.0,Detractor,2025-10-07 15:35:00,2025-09-30,224,36300.0,53900.0,Critical,36-45,"20,000-29,999",Return,1
9q4WdW1,recjGAIWEhUHl6Z63,10.0,Promoter,2025-10-07 14:40:00,2025-09-30,0,0.0,0.0,Low,26-35,"50,000-99,999",Paid Off,1
PdWxyRV,reckeQj5A9UPguU9w,3.0,Detractor,2025-12-02 16:06:00,2025-09-30,0,0.0,29280.0,Low,26-35,"30,000-49,999",Active,1
vGqeQb4,reclDEbwncI4sxXOb,0.0,Detractor,2025-08-28 15:54:00,2025-06-30,58,13000.0,57100.0,High,36-45,"30,000-49,999",PAR 30,1
81z1aBl,recnHvb4CGLqVgMn8,10.0,Promoter,2025-04-22 18:05:00,2025-03-30,0,0.0,25800.0,Low,18-25,"10,000-19,999",Active,1
zxQJM7a,recnWhaqQ1uFngjzx,5.0,Detractor,2025-08-12 15:04:00,2025-06-30,0,0.0,39590.0,Low,18-25,"150,000+",Active,1
KYxlEbk,recrPTYJYCKBGpp2x,8.0,Passive,2025-05-13 11:20:00,2025-03-30,0,0.0,40600.0,Low,26-35,"30,000-49,999",Active,1
b5z70zE,recrSfcnYHURTQezR,0.0,Detractor,2025-10-07 17:05:00,2025-09-30,220,36160.0,56500.0,Critical,18-25,"50,000-99,999",Return,1
D41EOWq,recwckAcebKYL3opC,8.0,Passive,2025-07-10 13:13:00,2025-06-30,8,2140.0,39590.0,Medium,26-35,"20,000-29,999",PAR 7,1
RG4JMoj,reczY7s2YOIUaIrTX,8.0,Passive,2025-07-07 16:16:00,2025-06-30,0,0.0,61200.0,Low,36-45,"150,000+",Active,1
dWoXobq,rec0Qcx6Y3FAJZ3AU,9.0,Promoter,2025-12-18 16:05:00,2025-09-30,0,0.0,40500.0,Low,26-35,"50,000-99,999",Active,1
GxjGReZ,rec1keD12Vz50fI94,7.0,Passive,2025-12-02 14:35:00,2025-09-30,0,0.0,45420.0,Low,26-35,"100,000-149,999",Active,1
WOpY8gR,rec2CkSxxa8P0XMhw,10.0,Promoter,2025-08-12 15:12:00,2025-06-30,0,0.0,21060.0,Low,18-25,"20,000-29,999",Active,1
RGYd1A4,rec0mjEsRSPjkGD8w,3.0,Detractor,2025-08-02 10:27:00,2025-06-30,0,0.0,57490.0,Low,26-35,"50,000-99,999",Active,1
pbAWRYJ,rec1in3IzyJx6yy8e,10.0,Promoter,2025-07-07 14:36:00,2025-06-30,0,0.0,57130.0,Low,26-35,"30,000-49,999",Active,1
D41Dpob,rec0w7Xy1EffFNcRr,10.0,Promoter,2025-07-07 13:29:00,2025-06-30,0,0.0,46920.0,Low,26-35,"50,000-99,999",Active,1
xX9MBdG,rec2t7xGQzAhRFuqG,10.0,Promoter,2025-08-28 14:51:00,2025-06-30,0,0.0,33860.0,Low,26-35,"20,000-29,999",Active,1
gD42Q54,rec3E8YqU9dzW9GmA,10.0,Promoter,2025-07-22 14:06:00,2025-06-30,0,0.0,33880.0,Low,26-35,"50,000-99,999",Active,1
Y5d8Mzv,rec3eau2oGDI5v1bi,10.0,Promoter,2025-07-22 13:59:00,2025-06-30,0,0.0,91540.0,Low,26-35,"50,000-99,999",Active,1
b529jao,rec4n5DxFhSCBsEDb,1.0,Detractor,2025-08-19 14:35:00,2025-06-30,0,0.0,41650.0,Low,26-35,"10,000-19,999",Active,1
LZE7LBj,rec6yYNNy2KSXzgUh,0.0,Detractor,2025-08-19 21:16:00,2025-06-30,0,0.0,55200.0,Low,26-35,"50,000-99,999",Active,1
2EL5G99,rec7oK64sKfJktGZV,10.0,Promoter,2025-07-29 10:55:00,2025-06-30,0,0.0,38600.0,Low,26-35,"10,000-19,999",Active,1
Gx4PMxz,rec8Ck4R1JwzPXbtS,10.0,Promoter,2025-11-24 12:17:00,2025-09-30,0,0.0,23750.0,Low,26-35,"50,000-99,999",Active,1
rjKL0Dv,rec8byQsLCH161Efo,1.0,Detractor,2025-09-08 15:11:00,2025-06-30,0,0.0,69440.0,Low,36-45,"50,000-99,999",Active,1
2ExvEWg,rec8kQbzGLpKTPysm,9.0,Promoter,2025-08-12 14:45:00,2025-06-30,3,1300.0,53300.0,Low,26-35,"30,000-49,999",Inactive,1
ob0A9Nb,rec9KRljqgzmUMbS2,9.0,Promoter,2025-08-20 19:24:00,2025-06-30,36,4540.0,35340.0,High,18-25,"10,000-19,999",PAR 30,1
gDWxPLd,rec8X64bGcLoltm0d,3.0,Detractor,2025-09-02 17:09:00,2025-06-30,0,0.0,47460.0,Low,,,Active,1
obBdBDb,recEdYy0uS4jbIY8k,9.0,Promoter,2025-07-07 13:47:00,2025-06-30,0,0.0,58830.0,Low,26-35,"50,000-99,999",Active,1
81eOM1Y,recF7r2jxgPCj4gSD,1.0,Detractor,2025-07-22 14:29:00,2025-06-30,0,0.0,52920.0,Low,26-35,"150,000+",Active,1
68pY7lN,recHRpeMZy7XOABGA,9.0,Promoter,2025-09-25 15:10:00,2025-06-30,55,10399.0,62399.0,High,,,FMD,1
rj1ZgVv,recHoBX1nUEvOgKge,8.0,Passive,2025-11-24 11:33:00,2025-09-30,27,5290.0,47850.0,Medium,26-35,"50,000-99,999",PAR 7,1
Npxxb2b,recI2U0lKLmANVrev,10.0,Promoter,2025-12-18 19:03:00,2025-09-30,0,0.0,31500.0,Low,26-35,"10,000-19,999",Active,1
yPykMNd,recFUqT8Qb2s34fVs,8.0,Passive,2025-07-09 22:30:00,2025-06-30,0,0.0,71240.0,Low,26-35,"10,000-19,999",Active,1
q4XLKyO,recP2Y6BMS6LhB4i0,9.0,Promoter,2025-12-04 08:12:00,2025-09-30,1,510.0,15300.0,Low,26-35,"30,000-49,999",Inactive,1
LZGY80J,recQhUwUYeewtCEI7,8.0,Passive,2025-07-07 15:36:00,2025-06-30,0,0.0,31017.0,Low,26-35,"5,000-9,999",Active,1
RGa99xl,recRhCGSKRJ18sb16,9.0,Promoter,2025-11-24 12:07:00,2025-09-30,0,0.0,31640.0,Low,36-45,"150,000+",Active,1
Ek1DMk4,recNIJXxoQGMtslok,10.0,Promoter,2025-07-07 14:31:00,2025-06-30,0,0.0,30030.0,Low,26-35,"30,000-49,999",Active,1
J9RJyqX,recPvk2ZaUg2kZx12,8.0,Passive,2025-07-07 18:33:00,2025-06-30,0,0.0,39950.0,Low,26-35,"10,000-19,999",Active,1
81kANBr,recUM7aVvRvvFIyfD,6.0,Detractor,2025-07-08 09:01:00,2025-06-30,2,2140.0,107000.0,Low,18-25,"100,000-149,999",Inactive,1
44P7pEr,recVOBeN6lIWBUFGK,9.0,Promoter,2025-08-28 17:54:00,2025-06-30,0,0.0,63940.0,Low,36-45,"100,000-149,999",Active,1
VLvMRlg,recZdOXKFsVYRxz4P,7.0,Passive,2025-09-08 15:52:00,2025-06-30,0,0.0,55800.0,Low,18-25,"10,000-19,999",Active,1
7RDvWD6,recZkhY8teAnvgSig,10.0,Promoter,2025-08-19 16:25:00,2025-06-30,0,0.0,21930.0,Low,18-25,"10,000-19,999",Active,1
0Qjv72y,recagHXhoou5eJq0A,0.0,Detractor,2025-08-12 14:57:00,2025-06-30,0,0.0,52400.0,Low,46-55,"50,000-99,999",Active,1
1AGdzvg,recc41v3ErSp48S2F,4.0,Detractor,2025-08-28 15:06:00,2025-06-30,0,0.0,61490.0,Low,36-45,"50,000-99,999",Active,1
gDYNE7P,reccuqNSNJkM6eeAc,9.0,Promoter,2025-09-08 19:03:00,2025-06-30,0,0.0,48960.0,Low,18-25,"5,000-9,999",Active,1
zxzJYLE,recUtCJ4CtiGBB7sT,7.0,Passive,2025-07-07 13:34:00,2025-06-30,0,0.0,60380.0,Low,18-25,"30,000-49,999",Active,1
A7JDLZz,rece4GC4e4YaYS1sB,7.0,Passive,2025-07-07 13:38:00,2025-06-30,0,0.0,95520.0,Low,26-35,"50,000-99,999",Active,1
1AKv47O,receWyHwnlByaVnIJ,7.0,Passive,2025-07-07 14:18:00,2025-06-30,0,0.0,74250.0,Low,18-25,"20,000-29,999",Active,1
aQxE7Ky,recfzR61V2WK8S9nE,7.0,Passive,2025-07-07 15:46:00,2025-06-30,0,0.0,43600.0,Low,26-35,"150,000+",Active,1
OD92YJK,recgj1xEs4rtAOk82,10.0,Promoter,2025-11-24 13:34:00,2025-09-30,0,0.0,29750.0,Low,,,Active,1
Gx0WJrz,rechERMKJvwvIlC8E,,,2025-07-22 13:55:00,2025-06-30,0,0.0,63180.0,Low,26-35,"30,000-49,999",Active,1
0QDWkVA,rechnPgKpUB5GPf03,5.0,Detractor,2025-09-26 08:40:00,2025-06-30,0,0.0,43350.0,Low,18-25,"10,000-19,999",Active,1
LZGYd9p,reciar7nAnjc1ZeKU,10.0,Promoter,2025-07-07 13:43:00,2025-06-30,13,620.0,19420.0,Medium,26-35,"5,000-9,999",PAR 7,1
KY4EYPX,reckpYHjOHXUiCsrP,3.0,Detractor,2025-12-19 17:02:00,2025-09-30,0,0.0,30600.0,Low,36-45,"50,000-99,999",Active,1
Npgvy2N,reclAv7nGHIK05H4I,8.0,Passive,2025-11-05 15:17:00,2025-09-30,0,0.0,53580.0,Low,18-25,"50,000-99,999",Active,1
7R1V70R,reclidEpJryhOtp5B,0.0,Detractor,2025-09-08 15:15:00,2025-06-30,0,0.0,53460.0,Low,26-35,"30,000-49,999",Active,1
Pd2D0yB,receoX1vqHeY2ooMp,6.0,Detractor,2025-08-19 15:15:00,2025-06-30,14,3300.0,54000.0,Medium,26-35,"5,000-9,999",PAR 7,1
lbAWOKN,reciDMGbfE3LVviV1,10.0,Promoter,2025-07-07 13:29:00,2025-06-30,0,0.0,73500.0,Low,18-25,"30,000-49,999",Active,1
aQGV7ov,recih7pd4MXz4qb7D,10.0,Promoter,2025-07-22 15:57:00,2025-06-30,0,0.0,19740.0,Low,26-35,"30,000-49,999",Active,1
KYoDo9A,recjaWmtzC0lo4LSh,8.0,Passive,2025-07-07 13:50:00,2025-06-30,0,0.0,27720.0,Low,26-35,"10,000-19,999",Active,1
0QMJp2P,recjohRZ1kjIbMtBt,,,2025-07-07 18:46:00,2025-06-30,0,0.0,21930.0,Low,46-55,"150,000+",Active,1
obKVVKP,recmnxbiInIN07Q5q,3.0,Detractor,2025-09-08 17:13:00,2025-06-30,14,2560.0,51520.0,Medium,26-35,"10,000-19,999",FPD,1
VLaXdW6,recogXuWSr6kgK74C,0.0,Detractor,2025-12-18 15:41:00,2025-09-30,0,0.0,41600.0,Low,36-45,"150,000+",Active,1
Pd2DzeQ,rectcU0wUQ8yxrcB2,4.0,Detractor,2025-08-19 14:46:00,2025-06-30,0,0.0,52020.0,Low,18-25,"5,000-9,999",Active,1
KYg41P7,rectq2wT2hVyixSj3,4.0,Detractor,2025-11-05 17:03:00,2025-09-30,0,0.0,28500.0,Low,26-35,"20,000-29,999",Active,1
QKaLlWY,recu2iLkawLzCYGl7,10.0,Promoter,2025-12-03 05:32:00,2025-09-30,0,0.0,69960.0,Low,26-35,"5,000-9,999",Active,1
vGBzdJ0,recueoXCMoqMWVbyp,10.0,Promoter,2025-07-09 06:24:00,2025-06-30,0,0.0,38000.0,Low,36-45,"20,000-29,999",Active,1
WOoljPL,recuqMI6t9odgHWMC,5.0,Detractor,2025-08-21 04:53:00,2025-06-30,0,0.0,23750.0,Low,26-35,"100,000-149,999",Active,1
7RDVL7P,rectbND6pEbSzyQFD,10.0,Promoter,2025-07-07 16:20:00,2025-06-30,0,0.0,37950.0,Low,18-25,"30,000-49,999",Active,1
GxVWbRo,rectsyJiD9Ny1erbT,5.0,Detractor,2025-12-20 14:37:00,2025-09-30,5,660.0,23100.0,Low,36-45,"30,000-49,999",Inactive,1
xXvYMgo,recvhvZtooaxLNsf4,0.0,Detractor,2025-09-29 08:26:00,2025-06-30,0,0.0,55460.0,Low,26-35,"10,000-19,999",Active,1
ODgZQxK,recvwYAd4N0o7UU8q,9.0,Promoter,2025-11-05 16:36:00,2025-09-30,0,0.0,37700.0,Low,26-35,"50,000-99,999",Active,1
LZvJx7j,recwTIEGMzklqJbyk,3.0,Detractor,2025-09-08 15:11:00,2025-06-30,0,0.0,24000.0,Low,26-35,"50,000-99,999",Active,1
Y5OYdOW,recx557HbTxp0ZGmp,9.0,Promoter,2025-07-07 13:52:00,2025-06-30,0,0.0,23010.0,Low,18-25,"20,000-29,999",Active,1
MeGargA,recznxHHa8HcbOhhG,,,2025-10-15 14:30:00,2025-09-30,87,13710.0,47310.0,Critical,18-25,"10,000-19,999",PAR 30,1
obZ8dAO,rec1ADBswb6wAytU7,10.0,Promoter,2025-12-19 05:56:00,2025-09-30,0,0.0,29640.0,Low,26-35,"30,000-49,999",Active,1
q4MY2GY,rec1R1R2HVLlbHYGn,10.0,Promoter,2025-11-20 15:17:00,2025-09-30,0,0.0,72850.0,Low,,,Active,1
xXQPPzr,recwvE0f5CXfNwR7n,9.0,Promoter,2025-07-07 17:05:00,2025-06-30,0,0.0,45540.0,Low,26-35,"50,000-99,999",Active,1
Gxbro5O,rec8gWI7d1eE8d6Ws,8.0,Passive,2025-10-07 18:48:00,2025-09-30,0,0.0,74400.0,Low,36-45,"150,000+",Active,1
zxO4dKZ,recBhmhsr6979ipJk,7.0,Passive,2025-11-05 14:58:00,2025-09-30,0,1820.0,93980.0,Low,18-25,"100,000-149,999",Active,1
GxVaNze,recFgjjaPuatxZMZJ,9.0,Promoter,2025-12-18 17:00:00,2025-09-30,0,0.0,59840.0,Low,26-35,"150,000+",Active,1
VLd7Qq6,recG82nzrTyXWs6LV,10.0,Promoter,2025-11-05 20:49:00,2025-09-30,0,0.0,52429.0,Low,18-25,"10,000-19,999",Active,1
jarXq7x,recINO3LggDAFclTV,0.0,Detractor,2025-12-18 15:54:00,2025-09-30,0,0.0,43400.0,Low,26-35,"50,000-99,999",Active,1
9q4W9XK,recIQ9dUZXS4Jh0v3,10.0,Promoter,2025-10-07 14:18:00,2025-09-30,0,0.0,49979.0,Low,,,Active,1
Pdr6rqQ,recIsFsjDHYwz3zfz,2.0,Detractor,2025-10-07 15:42:00,2025-09-30,0,0.0,33150.0,Low,26-35,"30,000-49,999",Active,1
obgyzvM,recKNyvOsHPMIOQTN,10.0,Promoter,2025-10-24 09:42:00,2025-09-30,0,0.0,47500.0,Low,26-35,"50,000-99,999",Active,1
5BVzeZZ,recL0BIohtrDElOjm,10.0,Promoter,2025-10-07 15:24:00,2025-09-30,0,0.0,45570.0,Low,26-35,"30,000-49,999",Active,1
obpYda5,recO6U2IeVg9vzzZN,10.0,Promoter,2025-11-05 14:25:00,2025-09-30,0,0.0,77500.0,Low,46-55,"150,000+",Active,1
ZjX56Oe,recPftILOE2DUmBkF,5.0,Detractor,2025-12-03 17:03:00,2025-09-30,0,0.0,57720.0,Low,26-35,"30,000-49,999",Active,1
XxQDgRL,recQKqFwlqP1bC2rd,1.0,Detractor,2025-10-07 15:52:00,2025-09-30,0,0.0,38000.0,Low,18-25,"20,000-29,999",Active,1
ODBYjoY,recRn55xVg54GQqgA,5.0,Detractor,2025-11-05 15:33:00,2025-09-30,0,0.0,54510.0,Low,18-25,"20,000-29,999",Active,1
68zo0DP,recTG2V7T20cyN6N6,7.0,Passive,2025-12-03 05:15:00,2025-09-30,0,0.0,41580.0,Low,36-45,"50,000-99,999",Active,1
b5z7PDg,recUeKApfN1vSdTDx,10.0,Promoter,2025-10-07 16:53:00,2025-09-30,0,0.0,64670.0,Low,26-35,"150,000+",Active,1
68yByxO,recYgH5tifmpQjlUE,8.0,Passive,2025-11-24 11:40:00,2025-09-30,0,0.0,41850.0,Low,26-35,"20,000-29,999",Active,1
aQz69Ey,recZ112juwvefo97i,10.0,Promoter,2025-10-07 14:06:00,2025-09-30,0,0.0,45780.0,Low,26-35,"5,000-9,999",Active,1
jazypP9,recad3K2zReHq7oYk,8.0,Passive,2025-10-07 15:52:00,2025-09-30,0,0.0,115270.0,Low,46-55,"100,000-149,999",Active,1
lb1EZVN,receXJ8LtMZzYmgvW,9.0,Promoter,2025-11-24 11:37:00,2025-09-30,3,1240.0,50840.0,Low,26-35,"20,000-29,999",Inactive,1
xX7Eb4k,recfCBESrpgeCtYH4,10.0,Promoter,2025-12-18 16:11:00,2025-09-30,0,0.0,50760.0,Low,18-25,"20,000-29,999",Active,1
lbj82Op,rechWmTo0Uno1gOSy,0.0,Detractor,2025-12-19 07:33:00,2025-09-30,5,850.0,34000.0,Low,18-25,"5,000-9,999",Inactive,1
VLN88Xg,recjagJAwY2wOMDou,5.0,Detractor,2025-10-08 05:28:00,2025-09-30,0,0.0,0.0,Low,26-35,"100,000-149,999",Paid Off,1
VL8gx4j,reckaESvYoMyLm09g,8.0,Passive,2025-11-24 11:43:00,2025-09-30,0,0.0,44280.0,Low,36-45,"5,000-9,999",Active,1
44D5VNb,recl9m9FygIhl9cNK,10.0,Promoter,2025-12-03 05:32:00,2025-09-30,0,0.0,38040.0,Low,26-35,"50,000-99,999",Active,1
Gxa9DZL,recpmI6EFGdIEwkms,5.0,Detractor,2025-12-04 14:57:00,2025-09-30,0,0.0,47520.0,Low,18-25,"50,000-99,999",Active,1
zxOA0ga,recqUihfi3VrYbB0Q,10.0,Promoter,2025-11-05 17:54:00,2025-09-30,0,0.0,37620.0,Low,26-35,"20,000-29,999",Active,1
0QAx1bB,recvwP9QKG7eWup5U,5.0,Detractor,2025-10-16 06:49:00,,,,,,,,,1
LZVbkol,recJ8CUoqlqPuChq0,10.0,Promoter,2025-10-24 09:37:00,,,,,,,,,1
lb5jr6o,recRc8jwAxMLmQAAI,10.0,Promoter,2025-11-05 17:00:00,,,,,,,,,1
ODZKMRY,receW65tt6rEqzBm9,5.0,Detractor,2025-12-18 16:23:00,,,,,,,,,1
68KBOAo,rect7NSSBlLW8Kwji,9.0,Promoter,2025-05-18 12:33:00,,,,,,,,,1
xX9M5gG,recHsMEnzHIActSaT,0.0,Detractor,2025-08-28 15:27:00,,,,,,,,,1
44Ao5AX,receyv01TaRKvGF4h,9.0,Promoter,2025-09-08 15:40:00,,,,,,,,,1
1ARl2rl,recOhFvd8aQTgoPts,10.0,Promoter,2025-10-07 15:06:00,,,,,,,,,1
zxRZR5k,recn3IqvSUdZDPjKv,0.0,Detractor,2025-11-28 06:46:00,,,,,,,,,1
ZjRlqgz,recflHwx8aHaFbHiX,8.0,Passive,2025-08-12 14:25:00,,,,,,,,,1
q4YDZ09,rectg8lcxDP1tACwL,10.0,Promoter,2025-08-19 17:54:00,,,,,,,,,1
b5K4jP7,recIIWcDwlzAIUwrB,0.0,Detractor,2025-09-08 16:19:00,,,,,,,,,1
RGV10Rl,rec4Hpr2QIi83mcnW,1.0,Detractor,2025-09-25 12:30:00,,,,,,,,,1
1ARlxkM,rec19aKRAlDJPYYs2,10.0,Promoter,2025-10-07 15:51:00,,,,,,,,,1
KYg489M,recVwPnVYh3TNbcFW,10.0,Promoter,2025-11-05 17:59:00,,,,,,,,,1
LZGJ4xj,recCVyYChdzalJZDV,7.0,Passive,2025-07-07 18:10:00,,,,,,,,,1
ja0b2YE,recftYbu1hdx8QYoS,8.0,Passive,2025-08-19 16:25:00,,,,,,,,,1
4415Gyr,rec6bUiggiIOfmIMc,2.0,Detractor,2025-08-27 00:28:00,,,,,,,,,1
0QZ45B9,rec3ZrgTHmAsrtCcR,7.0,Passive,2025-09-19 13:46:00,,,,,,,,,1
GxoKLqj,recHO5L6fU4pQIBAc,8.0,Passive,2025-08-19 15:12:00,,,,,,,,,1
gDdQDBM,recJTVa9czQ7EjwMW,0.0,Detractor,2025-09-13 09:37:00,,,,,,,,,1
RGV1YWv,recLZTfqtdeAupDIS,10.0,Promoter,2025-09-25 12:47:00,,,,,,,,,1
5BrzPGv,recRXZo2D6uOEKWIP,10.0,Promoter,2025-10-24 10:34:00,,,,,,,,,1
D4ZjE4R,recyYYeEymCmHFo4j,,,2025-09-26 15:15:00,,,,,,,,,1
aQJZ6qX,recDLiUM5pL83cccH,4.0,Detractor,2025-12-26 04:17:00,,,,,,,,,1
LZ7MxVp,recWRHsXrsvCtAdWI,7.0,Passive,2025-05-06 11:29:00,,,,,,,,,1
Y5JDR1v,recoTEhguiGXaU0o4,3.0,Detractor,2025-09-13 08:55:00,,,,,,,,,1
VLvMWDN,recS1IWFRrX2ijBOb,3.0,Detractor,2025-09-19 15:29:00,,,,,,,,,1
689GAgN,recxhWXhVpYnYVTlE,10.0,Promoter,2025-11-05 14:45:00,,,,,,,,,1
D40N6KX,recvEvraeM0e0DxXn,8.0,Passive,2025-08-29 15:17:00,,,,,,,,,1
b5DPNO1,recf2S9uXLUw2q1wZ,7.0,Passive,2025-11-07 06:14:00,,,,,,,,,1
PdWK86B,recy5EI2y3pUBSkda,10.0,Promoter,2025-12-03 03:40:00,,,,,,,,,1
1AbkOWb,recMzNLObz4rqoCim,8.0,Passive,2025-08-19 16:13:00,,,,,,,,,1
jaGoDga,recVvBc6MVLeKwcSZ,10.0,Promoter,2025-08-28 16:04:00,,,,,,,,,1
Bzjv5xR,recc4Wuga0Ez2dKAV,8.0,Passive,2025-09-19 13:46:00,,,,,,,,,1
b56MRbe,rec2B63iO3lSDhxID,5.0,Detractor,2025-09-25 16:37:00,,,,,,,,,1
RGaB1Av,recnMnFLW1F7w7PvC,2.0,Detractor,2025-11-20 10:53:00,,,,,,,,,1
eqlXObo,recp1DCZLAmbiaLxE,10.0,Promoter,2025-11-24 11:58:00,,,,,,,,,1
GxaZZ4z,rec8G7F1Pv1EFem1j,2.0,Detractor,2025-12-11 03:44:00,,,,,,,,,1
RGbO2pQ,recAr1uvRx9UrkF7X,10.0,Promoter,2025-09-19 13:41:00,,,,,,,,,1
vGJRb0A,recIs1yM5RNYhDtda,10.0,Promoter,2025-09-19 15:42:00,,,,,,,,,1
ZjLqO8z,recJjWQp0LhN2RQ6b,10.0,Promoter,2025-12-03 06:50:00,,,,,,,,,1
q4P0857,recxwQHoMbezkS9VG,1.0,Detractor,2025-07-22 19:35:00,,,,,,,,,1
Y5zY0xJ,rece0qJgixy8uBLVV,8.0,Passive,2025-09-19 16:11:00,,,,,,,,,1
5BrzaLN,recEPULqg0r4XQcpL,10.0,Promoter,2025-10-24 10:29:00,,,,,,,,,1
Pd0VL2P,recmXyIJVsfEEHjKE,1.0,Detractor,2025-07-22 19:16:00,,,,,,,,,1
obVd2dV,recgDx8w1WjjfHmCn,10.0,Promoter,2025-08-12 15:09:00,,,,,,,,,1
pbRXobJ,reczRjcqeyweyLVeS,9.0,Promoter,2025-09-10 19:37:00,,,,,,,,,1
RGg1JX4,recNOkrfRvyShHlxj,10.0,Promoter,2025-11-05 14:28:00,,,,,,,,,1
BzYY411,recomOOf7tlIzmOHU,9.0,Promoter,2025-12-18 17:06:00,,,,,,,,,1
A72bM1B,recScS5iYQ02XapaB,10.0,Promoter,2025-05-06 11:35:00,,,,,,,,,1
aQ0z8Kb,recTpaL4p99XZDEOu,7.0,Passive,2025-07-28 15:57:00,,,,,,,,,1
EkbD5MN,recEzJUsyPkFOYXte,10.0,Promoter,2025-08-12 14:57:00,,,,,,,,,1
ja0bWeR,recpV1HDyPwl8xfKR,8.0,Passive,2025-08-19 15:15:00,,,,,,,,,1
RGZdrrK,rec9ElVhjIKBnWosh,10.0,Promoter,2025-08-19 16:05:00,,,,,,,,,1
ja59eeJ,recrP3CqC6z9a45Qt,2.0,Detractor,2025-09-08 16:06:00,,,,,,,,,1
yPjqxXx,recmBZbi1ZdKAGlVF,10.0,Promoter,2025-09-08 16:59:00,,,,,,,,,1
Y5J2XEz,recH9Tb6k5phLaoty,8.0,Passive,2025-09-19 14:48:00,,,,,,,,,1
Zj1x7oA,recI0WSHQUm2lG8bu,,,2025-09-25 12:34:00,,,,,,,,,1
A7jNlNy,rec1LdGi9OZeqhz30,8.0,Passive,2025-09-25 12:34:00,,,,,,,,,1
vGzAZBQ,recfvQcniw4Vx3lhG,7.0,Passive,2025-10-07 16:37:00,,,,,,,,,1
9qxq7J1,reciXDay368u4JigQ,10.0,Promoter,2025-10-22 18:32:00,,,,,,,,,1
KYOMLkM,rec1Kg314SFT9cdFr,8.0,Passive,2025-10-24 12:26:00,,,,,,,,,1
2Er0QMM,recXk1rv4PQKfOjxA,5.0,Detractor,2025-07-22 15:58:00,,,,,,,,,1
b54rDxo,rec4a3SY7wyV3e8os,6.0,Detractor,2025-08-12 16:48:00,,,,,,,,,1
Np8XlNQ,recoU1M0JWdYSiK9t,10.0,Promoter,2025-08-28 16:28:00,,,,,,,,,1
eq9rBJk,recweCJlZHY2s1UeT,8.0,Passive,2025-08-28 17:00:00,,,,,,,,,1
WO66PMQ,recmj6RBJo4Gm3MkE,10.0,Promoter,2025-12-18 18:17:00,,,,,,,,,1
RGdKyM4,rec27Shbmm2l3Pdi7,8.0,Passive,2025-04-24 20:14:00,,,,,,,,,1
rjrLPOp,recOppISfb7sthyEJ,6.0,Detractor,2025-08-12 15:17:00,,,,,,,,,1
Pd89jJd,recaEixc1dCUxL9TR,10.0,Promoter,2025-08-28 16:05:00,,,,,,,,,1
9qReaO1,recSksJ6kcJr4GeqI,10.0,Promoter,2025-09-19 13:42:00,,,,,,,,,1
zxGV42g,recQFELDuwOD3DDp4,10.0,Promoter,2025-09-19 14:03:00,,,,,,,,,1
7RzEWEP,receojS2hcqoPTM15,7.0,Passive,2025-11-21 14:47:00,,,,,,,,,1
BzK4Q11,rec2FCxHhqXw6aKRU,6.0,Detractor,2025-04-22 15:15:00,2025-03-30,0,9460.0,9460.0,Low,,,Active,1
44B44oA,rec4ODThson3KnJwc,9.0,Promoter,2025-04-22 17:42:00,2025-03-30,0,0.0,28050.0,Low,26-35,"100,000-149,999",Active,1
yP2qKMd,rec5HAM4ISDQA04PM,8.0,Passive,2025-05-06 12:17:00,2025-03-30,0,100.0,16340.0,Low,,,Active,1
44JJ8pX,rec5xWYHFFvS2Jh8t,,,2025-05-03 13:45:00,2025-03-30,222,20900.0,20900.0,Critical,,,PAR 30,1
dWNNvqA,rec6yK2csRIeZc0ax,7.0,Passive,2025-04-23 11:20:00,2025-03-30,75,11807.0,42487.0,Critical,,,PAR 30,1
44O86MO,rec7mletbSVNNuKDZ,9.0,Promoter,2025-10-07 16:42:00,2025-09-30,0,0.0,0.0,Low,,,Paid Off,1
zxO40XZ,rec93voQtKQmeIq4j,5.0,Detractor,2025-11-05 14:38:00,2025-09-30,246,39500.0,50500.0,Critical,,"150,000+",Return,1
ODGo0l7,rec9fGgLATCkkYLgj,9.0,Promoter,2025-06-01 13:03:00,2025-03-30,0,0.0,23400.0,Low,,,Active,1
XxQqG7O,recBmp70FFBP1Kt3I,10.0,Promoter,2025-10-08 05:21:00,2025-09-30,517,40500.0,40500.0,Critical,26-35,,Return,1
Ek6XDYX,recMfL0AoHTS4zJfB,0.0,Detractor,2025-10-07 14:59:00,2025-09-30,852,50000.0,50000.0,Critical,,,Return,1
b59V45Z,recQcLWbPcep18Wdw,10.0,Promoter,2025-04-22 15:18:00,2025-03-30,0,780.0,3900.0,Low,,,Active,1
lbzyVJX,recSaKG8l7RcSw8mF,0.0,Detractor,2025-10-07 15:20:00,2025-09-30,302,16340.0,16340.0,Critical,,,Return,1
0QO7AYQ,recHpSTKruLZylEJJ,10.0,Promoter,2025-05-28 16:09:00,2025-03-30,288,29350.0,29350.0,Critical,,,PAR 30,1
BzeXJ7e,recTH4HVEaT1AIVGi,0.0,Detractor,2025-10-08 08:12:00,2025-09-30,249,25520.0,25520.0,Critical,,,Return,1
xXjxGXk,recTfKqWEaSCQAO6o,10.0,Promoter,2025-04-22 17:14:00,2025-03-30,0,0.0,55730.0,Low,36-45,"Below 5,000",Active,1
A79dZLW,recVpz33OSKrdNUw6,3.0,Detractor,2025-10-07 16:53:00,2025-09-30,0,0.0,0.0,Low,,,Paid Off,1
GxpMD7j,recXrQ8B4lgYI0PXg,9.0,Promoter,2025-05-19 05:55:00,2025-03-30,0,0.0,33790.0,Low,,,Active,1
BzdbR9N,recZgnxbMxAqmgDDG,,,2025-05-06 11:42:00,2025-03-30,0,0.0,56839.0,Low,,,Active,1
2EoL4XD,recZixuN8JQSPpLtb,10.0,Promoter,2025-10-08 10:08:00,2025-09-30,0,100.0,0.0,Low,,,Paid Off,1
Xxrl6D4,recaRRBk99R7LTeCB,6.0,Detractor,2025-04-22 16:49:00,2025-03-30,0,0.0,33590.0,Low,26-35,,Active,1
pbPWrxy,recbn7GYonACOUTtw,5.0,Detractor,2025-08-12 14:52:00,2025-06-30,0,0.0,21160.0,Low,26-35,"20,000-29,999",Active,1
aQ5r8kX,recbsjWsEWPEP53Mt,9.0,Promoter,2025-05-06 12:15:00,2025-03-30,115,40960.0,70120.0,Critical,,,PAR 30,1
1ARlMxM,recdmz6h9yKqZ8hx6,9.0,Promoter,2025-10-07 14:55:00,2025-09-30,545,41820.0,41820.0,Critical,,,Return,1
QKxMaaX,rece7a9FUW226gona,1.0,Detractor,2025-08-19 16:33:00,2025-06-30,0,1870.0,20570.0,Low,,,Active,1
1AO241b,receKjq1q22u7skOw,1.0,Detractor,2025-10-25 14:53:00,2025-09-30,420,41419.0,36210.0,Critical,,,Return,1
44qRN8O,recfPGb9yx58Lw87P,0.0,Detractor,2025-11-05 14:30:00,2025-09-30,285,59040.0,73440.0,Critical,36-45,"20,000-29,999",Return,1
rj2o0Dv,recgNyhx3pOiYRrxD,10.0,Promoter,2025-08-28 21:55:00,2025-06-30,0,1160.0,12760.0,Low,,,Active,1
q4gWAk2,rech4O2VNAfKFyayT,10.0,Promoter,2025-10-25 07:23:00,2025-09-30,0,0.0,0.0,Low,,,Paid Off,1
RGP2gN4,reciATW4sXjkZ6u2y,7.0,Passive,2025-06-02 12:15:00,2025-03-30,0,0.0,32560.0,Low,26-35,"150,000+",Active,1
0QkxR2j,recijYrluip1diZlN,0.0,Detractor,2025-10-07 16:32:00,2025-09-30,290,26670.0,26670.0,Critical,,,Return,1
44Oo9pk,recj6rcehMnviAgMh,0.0,Detractor,2025-10-08 18:37:00,2025-09-30,467,64000.0,64000.0,Critical,,,Return,1
Gxb0Byk,recjYZmX3a5hzAjy0,6.0,Detractor,2025-10-08 06:01:00,2025-09-30,0,100.0,0.0,Low,,,Paid Off,1
ODrzk4R,recl5oN4iFaC2s3YX,0.0,Detractor,2025-10-24 09:35:00,2025-09-30,0,0.0,7630.0,Low,26-35,"50,000-99,999",Active,1
A7xdAXl,reclABlC1ggNeTlYO,9.0,Promoter,2025-07-25 07:42:00,2025-06-30,0,100.0,11500.0,Low,,,Active,1
kd4xyAj,recniHrqdx4GD2CcN,2.0,Detractor,2025-12-18 00:16:00,2025-09-30,637,41800.0,41800.0,Critical,,,Return,1
5B978EE,recuFG0Y4QwycaTFU,5.0,Detractor,2025-05-18 18:09:00,2025-03-30,0,1400.0,42000.0,Low,,"150,000+",Active,1
68NpYKN,recq2gbpHBGFOHsp2,10.0,Promoter,2025-06-01 15:15:00,2025-03-30,0,980.0,25760.0,Low,,,Active,1
obOWxJX,recqbu97A55hyhwAh,1.0,Detractor,2025-07-22 14:45:00,2025-06-30,310,77120.0,77120.0,Critical,,,PAR 30,1
81rKevx,recwILBLknDQstFg7,4.0,Detractor,2025-10-07 14:53:00,2025-09-30,0,0.0,0.0,Low,,,Paid Off,1
zxy2XVk,reczS0TCB3jNnFe5J,7.0,Passive,2025-05-06 19:21:00,2025-03-30,94,10600.0,36670.0,Critical,,"100,000-149,999",PAR 30,1
aQz6B82,rec39jB9jdNgk5M4J,0.0,Detractor,2025-10-07 14:43:00,2025-09-30,0,0.0,12040.0,Low,26-35,"30,000-49,999",Active,1
0QODBNP,rec5ytJsv2fVRaUw0,1.0,Detractor,2025-06-01 12:14:00,2025-03-30,18,3990.0,57190.0,Medium,26-35,"50,000-99,999",PAR 7,1
WOerzvL,rec6ye5CI47ywQcks,8.0,Passive,2025-08-19 14:47:00,2025-06-30,0,0.0,39240.0,Low,26-35,"100,000-149,999",Active,1
aQxErNE,rec78EVqTvcNAMPAi,3.0,Detractor,2025-07-07 14:06:00,2025-06-30,0,0.0,38420.0,Low,26-35,"100,000-149,999",Active,1
LZz2bXv,recEqEyIsFdJ3LP3m,0.0,Detractor,2025-04-30 09:34:00,2025-03-30,0,0.0,27120.0,Low,36-45,"5,000-9,999",Active,1
9qlb20Q,recF9lSThszPN8XGm,0.0,Detractor,2025-07-22 17:57:00,2025-06-30,20,2980.0,45920.0,Medium,18-25,"30,000-49,999",PAR 7,1
ODPY0ek,recGI1GfynDQ2volp,0.0,Detractor,2025-07-07 13:54:00,2025-06-30,0,0.0,45440.0,Low,18-25,"30,000-49,999",Active,1
gDg0EqK,recIXGQq3Ik0Sq2Cx,5.0,Detractor,2025-10-24 10:52:00,2025-09-30,0,0.0,19800.0,Low,36-45,"100,000-149,999",Active,1
KYaAxvK,recJ1XopseWJgDjTe,5.0,Detractor,2025-09-25 12:15:00,2025-06-30,0,0.0,58830.0,Low,18-25,"10,000-19,999",Active,1
xXjxvbv,recEx6e0qdGKb242p,10.0,Promoter,2025-04-22 15:54:00,2025-03-30,0,0.0,63210.0,Low,26-35,"150,000+",Active,1
xXZK6zv,recKyAigHdCfsKofc,10.0,Promoter,2025-07-22 14:43:00,2025-06-30,55,6080.0,29640.0,High,26-35,"10,000-19,999",PAR 30,1
b5DbZXg,recMoYSqecKAA8diD,10.0,Promoter,2025-11-07 09:00:00,2025-09-30,0,0.0,24640.0,Low,26-35,"20,000-29,999",Active,1
KYePKDA,recNLqbyb5k87HIzv,2.0,Detractor,2025-04-26 14:26:00,2025-03-30,3,1050.0,48300.0,Low,36-45,"50,000-99,999",Inactive,1
D4Y9XRZ,recQqKMpvU6GUh8jS,8.0,Passive,2025-11-05 14:36:00,2025-09-30,0,0.0,17850.0,Low,18-25,"10,000-19,999",Active,1
GxK9pPo,recTHPJ0VVGhUs3Hw,10.0,Promoter,2025-04-23 13:45:00,2025-03-30,0,0.0,28810.0,High,26-35,"10,000-19,999",PAR 30,1
pb12Ng1,recUmAYucpcCQ7wmD,9.0,Promoter,2025-11-24 11:54:00,2025-09-30,0,0.0,23940.0,Low,18-25,"20,000-29,999",Active,1
zxNX6g8,recK9eVf1vs71iEaz,10.0,Promoter,2025-04-22 17:02:00,2025-03-30,0,0.0,70980.0,Low,26-35,"150,000+",Active,1
Gx4PjLo,recW48KTQGodlKDZd,10.0,Promoter,2025-11-24 11:44:00,2025-09-30,0,0.0,31800.0,Low,55+,"100,000-149,999",Active,1
WOgXlVe,recYbbreaZ4DitlYy,5.0,Detractor,2025-11-05 14:40:00,2025-09-30,0,0.0,18200.0,Low,26-35,"50,000-99,999",Active,1
vGJ98e0,recZD0gPEVhYw9nai,5.0,Detractor,2025-09-19 01:33:00,2025-06-30,0,0.0,36580.0,Low,18-25,"30,000-49,999",Active,1
WOoY7LP,recax8G228vTaZOjk,10.0,Promoter,2025-07-07 15:27:00,2025-06-30,0,0.0,71440.0,Low,26-35,"10,000-19,999",Active,1
vGzALg0,recedG1ZAZEt1O6Yp,3.0,Detractor,2025-10-07 15:01:00,2025-09-30,0,0.0,0.0,Low,,,Paid Off,1
81p88Nl,recewGpJoWwm4w7C1,8.0,Passive,2025-08-12 15:45:00,2025-06-30,0,0.0,57200.0,Low,26-35,"100,000-149,999",Active,1
VLjEy76,recgC6NF6aU6ykuWP,10.0,Promoter,2025-04-22 16:18:00,2025-03-30,14,4110.0,67320.0,Medium,26-35,"50,000-99,999",PAR 7,1
GxKvQ6L,rechy4Nf0Ihxrdy85,10.0,Promoter,2025-04-22 15:41:00,2025-03-30,19,5760.0,86530.0,Medium,26-35,"150,000+",PAR 7,1
J9GR7dr,reckiVrQkFIioiJEJ,8.0,Passive,2025-10-24 17:55:00,2025-09-30,0,0.0,24640.0,Low,26-35,"100,000-149,999",Active,1
81eOD1P,reclab5GxnkrBcn3r,10.0,Promoter,2025-07-22 15:22:00,2025-06-30,88,7800.0,25200.0,Critical,46-55,"20,000-29,999",PAR 30,1
Y5R5R4N,recm7htHCfU0Eqq2l,9.0,Promoter,2025-04-22 17:56:00,2025-03-30,0,0.0,33009.0,Low,18-25,"5,000-9,999",Active,1
vGrGbjg,recneO0bf2Hl9yC84,10.0,Promoter,2025-04-22 20:07:00,2025-03-30,0,0.0,24700.0,Low,18-25,,Active,1
Y5eQXoz,recnskub8CcSkcnrt,7.0,Passive,2025-10-24 18:05:00,2025-09-30,0,0.0,20060.0,Low,36-45,"20,000-29,999",Active,1
Y5OYdXz,recqSJdpsolluDxpL,2.0,Detractor,2025-07-07 13:53:00,2025-06-30,0,0.0,61200.0,Low,26-35,"150,000+",Active,1
WOEpWpR,recqXPaLs37pHsDaa,7.0,Passive,2025-08-26 18:55:00,2025-06-30,0,0.0,35280.0,Low,26-35,"150,000+",Active,1
gDejKND,recqOrofRZAkpigCw,5.0,Detractor,2025-04-22 17:23:00,2025-03-30,0,0.0,48000.0,Low,26-35,"150,000+",Active,1
aQKeoob,recyeJLZdsRrMqXXx,10.0,Promoter,2025-09-05 21:55:00,2025-06-30,41,5430.0,37280.0,High,36-45,"20,000-29,999",PAR 30,1
jaM7M9Q,recywveQ2enfBlwm5,9.0,Promoter,2025-07-07 16:46:00,2025-06-30,0,0.0,36750.0,Low,,,Active,1
xXQyPrd,rec17AkR8XWgQYXgz,0.0,Detractor,2025-07-07 14:02:00,2025-06-30,62,14310.0,81090.0,Critical,26-35,"20,000-29,999",Return,1
WOjXE9v,rec248OnGNOXPBUUn,8.0,Passive,2025-09-25 12:10:00,2025-06-30,0,0.0,61800.0,Low,36-45,"100,000-149,999",Active,1
KYoDJJM,rec02rkeZIYT1p7GK,10.0,Promoter,2025-07-07 14:02:00,2025-06-30,0,14999.0,0.0,Low,36-45,,Paid Off,1
aQGVryX,rec0Qcx6Y3FAJZ3AU,10.0,Promoter,2025-08-19 14:38:00,2025-06-30,0,0.0,58900.0,Low,26-35,"50,000-99,999",Active,1
dWZNPMq,rec0r1uUNwrEzHdpb,9.0,Promoter,2025-08-19 15:10:00,2025-06-30,0,0.0,71910.0,Low,26-35,"50,000-99,999",Active,1
QKrYYdk,rec350pa7hCXqNAlu,4.0,Detractor,2025-07-07 14:04:00,2025-06-30,0,0.0,31820.0,Low,36-45,"100,000-149,999",Active,1
9qaPvPK,rec8HihLW0aiwhyEW,8.0,Passive,2025-11-05 14:23:00,2025-09-30,0,0.0,77100.0,Low,26-35,"100,000-149,999",Active,1
vGEOlaD,rec8targ2sEtJwoGG,,,2025-09-08 15:32:00,2025-06-30,0,0.0,49868.0,Low,46-55,"50,000-99,999",Active,1
ZjJpq5B,rec9yaWlEBpKDby0F,10.0,Promoter,2025-07-23 01:59:00,2025-06-30,0,0.0,42750.0,Low,26-35,"100,000-149,999",Active,1
81jeOOO,recBJ9UNox6YKp7cq,0.0,Detractor,2025-08-30 11:44:00,2025-06-30,0,0.0,73800.0,Low,26-35,"100,000-149,999",Active,1
2EkveBp,recD5duiqmkJG38QR,2.0,Detractor,2025-07-07 13:43:00,2025-06-30,0,0.0,64680.0,Low,26-35,"50,000-99,999",Active,1
Zjljpgo,recFZqDJP2KF6DDSl,9.0,Promoter,2025-07-23 15:41:00,2025-06-30,3,1260.0,53130.0,Low,26-35,"100,000-149,999",Inactive,1
44AoDlY,recFcLn8rGAMpVJUD,8.0,Passive,2025-09-08 14:59:00,2025-06-30,0,0.0,43107.0,Low,26-35,"100,000-149,999",Active,1
lb9Q2QX,recHYwgpYJAuABt67,8.0,Passive,2025-12-03 05:20:00,2025-09-30,0,0.0,36890.0,Low,26-35,"50,000-99,999",Active,1
Pd89bD5,recHjtfUt7Ca9XXCK,2.0,Detractor,2025-08-28 17:46:00,2025-06-30,0,0.0,62400.0,Low,26-35,"100,000-149,999",Active,1
44koOVd,recHlAT2p6L2p7Ql6,2.0,Detractor,2025-07-07 17:40:00,2025-06-30,0,0.0,48590.0,Low,26-35,"5,000-9,999",Active,1
eqE4E0J,recIgycE0DGgcF8Sf,7.0,Passive,2025-07-22 13:43:00,2025-06-30,0,0.0,41500.0,Low,26-35,"20,000-29,999",Active,1
PdLxQP5,recKVXaNGqs0wpkQ4,,,2025-12-10 21:42:00,2025-09-30,0,0.0,48590.0,Low,18-25,"30,000-49,999",Active,1
68kvdWN,recKmnooDAyftsEMw,10.0,Promoter,2025-07-07 13:45:00,2025-06-30,0,0.0,43600.0,Low,26-35,"150,000+",Active,1
A7JDbvy,recHSDbtWgt7VKWqM,5.0,Detractor,2025-07-07 14:07:00,2025-06-30,0,0.0,37050.0,Low,26-35,"150,000+",Active,1
aQ1XyeE,recM4Vd6krdMSFG1P,0.0,Detractor,2025-12-18 15:38:00,2025-09-30,0,0.0,43660.0,Low,26-35,"50,000-99,999",Active,1
kdA7L51,recO2Cu7dqAjdYd5X,9.0,Promoter,2025-07-07 18:35:00,2025-06-30,0,0.0,32900.0,Low,18-25,"10,000-19,999",Active,1
vGdyj5l,recOCftDLcOAbZZB7,4.0,Detractor,2025-09-22 10:43:00,2025-06-30,0,0.0,45900.0,Low,36-45,"20,000-29,999",Active,1
0QGBedP,recOUPHCiVIsVialj,3.0,Detractor,2025-10-23 11:34:00,2025-09-30,0,0.0,28050.0,Low,18-25,"30,000-49,999",Active,1
WOX9NNe,recPvk2ZaUg2kZx12,8.0,Passive,2025-12-03 17:09:00,2025-09-30,0,850.0,29750.0,Low,26-35,"10,000-19,999",Active,1
9qgV0JE,recQ0jLuv6arzqhNO,1.0,Detractor,2025-12-03 05:16:00,2025-09-30,3,850.0,32300.0,Low,26-35,"150,000+",Inactive,1
7RDVrKa,recRWVw8fIb8DFV7V,9.0,Promoter,2025-07-07 18:17:00,2025-06-30,20,2650.0,40650.0,Medium,26-35,"100,000-149,999",PAR 7,1
LZGjMkl,recSdRcUnYjRr1RNz,8.0,Passive,2025-07-10 20:31:00,2025-06-30,0,0.0,56640.0,Low,26-35,"100,000-149,999",Active,1
WOgxggv,recSsLvRLQXTaYzFY,9.0,Promoter,2025-11-07 11:21:00,2025-09-30,0,0.0,43660.0,Low,36-45,"20,000-29,999",Active,1
KYoDeNg,recM4Vd6krdMSFG1P,2.0,Detractor,2025-07-07 13:20:00,2025-06-30,0,0.0,59000.0,Low,26-35,"50,000-99,999",Active,1
7RDvK8a,recMD6JBf5SZGSAkC,10.0,Promoter,2025-09-25 12:21:00,2025-06-30,0,0.0,58000.0,Low,26-35,"100,000-149,999",Active,1
Bz18p17,recNAJkM986XnI4Q7,10.0,Promoter,2025-07-08 04:34:00,2025-06-30,0,0.0,59770.0,Low,18-25,"20,000-29,999",Active,1
A78Z61k,recNLX61ZFxmAu0wj,4.0,Detractor,2025-07-22 14:10:00,2025-06-30,0,0.0,36100.0,Low,36-45,"150,000+",Active,1
obBppzV,recUzv5GLFcKjahYD,5.0,Detractor,2025-07-22 16:05:00,2025-06-30,0,0.0,30800.0,Low,36-45,"150,000+",Active,1
KYBLddD,recV6lQmGBTqnBout,8.0,Passive,2025-08-12 14:28:00,2025-06-30,0,0.0,33858.0,Low,26-35,"20,000-29,999",Active,1
gD1lRYO,recX1pjmGfKsti8Bh,10.0,Promoter,2025-11-24 15:19:00,2025-09-30,1,850.0,31450.0,Low,26-35,"20,000-29,999",Inactive,1
GxoKA9Q,recYkAYJydLoMEGcx,,,2025-08-19 16:55:00,2025-06-30,0,0.0,78720.0,Low,26-35,"150,000+",Active,1
NpP6V50,recZ8Ofjgoa1vBcOr,0.0,Detractor,2025-10-07 14:45:00,2025-09-30,0,0.0,44280.0,Low,,,Active,1
xXQ4REv,recZEvpz4K2Vm5TSp,9.0,Promoter,2025-07-08 11:07:00,2025-06-30,0,0.0,15439.6,Low,26-35,"150,000+",Active,1
zxelbPE,recZVW3p6W8pTnFH4,6.0,Detractor,2025-07-22 14:46:00,2025-06-30,0,0.0,61100.0,Low,36-45,"20,000-29,999",Active,1
eqAKb4k,recZq8n9s4YZ3yR7D,2.0,Detractor,2025-07-08 12:58:00,2025-06-30,0,0.0,48590.0,Low,26-35,"30,000-49,999",Active,1
zxepvL8,reca9agSLks6HOuks,10.0,Promoter,2025-07-23 06:13:00,2025-06-30,0,0.0,45600.0,Low,26-35,"150,000+",Active,1
68QO77A,recaOJGCxeCs1mvP0,5.0,Detractor,2025-09-01 20:07:00,2025-06-30,0,0.0,30800.0,Low,18-25,"20,000-29,999",Active,1
Ek1D722,recaV2XP7H2sYoNJf,7.0,Passive,2025-07-07 15:23:00,2025-06-30,0,0.0,55460.0,Low,36-45,"100,000-149,999",Active,1
vGvk590,recaofd8YNK00YdE4,10.0,Promoter,2025-12-03 05:32:00,2025-09-30,0,0.0,45570.0,Low,26-35,"100,000-149,999",Active,1
ZjZXLDe,recd21VYIaybQF9z4,0.0,Detractor,2025-09-25 13:48:00,2025-06-30,0,0.0,0.0,Low,36-45,,Paid Off,1
jaGPYvJ,recdkTU6qHWMluzKz,10.0,Promoter,2025-08-29 05:43:00,2025-06-30,0,0.0,31570.0,Low,18-25,"10,000-19,999",Active,1
VLlY5Gl,recdv6NuzRSTPFRrh,7.0,Passive,2025-07-07 13:35:00,2025-06-30,0,0.0,42750.0,Low,26-35,"10,000-19,999",Active,1
vG0rWe0,rece0pjZcRuVLm8MH,0.0,Detractor,2025-08-19 16:06:00,2025-06-30,9,2080.0,53250.0,Medium,18-25,"50,000-99,999",Return,1
rjKL6aM,recfpVD1UmnRPwIn7,5.0,Detractor,2025-07-07 13:40:00,2025-06-30,0,0.0,55930.0,Low,46-55,"50,000-99,999",Active,1
Y5xXp2W,rechm2DkmfsEe3OrN,10.0,Promoter,2025-09-25 13:07:00,2025-06-30,0,0.0,0.0,Low,18-25,,Paid Off,1
Megl8aE,reciDMGbfE3LVviV1,1.0,Detractor,2025-11-05 14:38:00,2025-09-30,0,0.0,54390.0,Low,18-25,"30,000-49,999",Active,1
rjKdEeM,recjTSubqWemATPIz,10.0,Promoter,2025-07-07 16:52:00,2025-06-30,0,6999.0,0.0,Low,26-35,,Paid Off,1
ODdJVQY,reck2UxNmK6F0decj,8.0,Passive,2025-09-08 14:38:00,2025-06-30,0,0.0,51390.0,Low,26-35,"100,000-149,999",Active,1
zx2BjXZ,reckRnshk1XGhr1Ni,9.0,Promoter,2025-09-11 05:34:00,2025-06-30,0,0.0,61500.0,Low,18-25,"30,000-49,999",Active,1
yPj0bkB,reclFOKkJUYAzxFmN,8.0,Passive,2025-09-08 22:50:00,2025-06-30,0,0.0,56870.0,Low,18-25,"5,000-9,999",Active,1
lbAWM7N,recmQBP5AZpPVy4HN,6.0,Detractor,2025-07-07 14:34:00,2025-06-30,0,0.0,43600.0,Low,26-35,"100,000-149,999",Active,1
2EkvOep,reciBbB7VNvWUj8FW,10.0,Promoter,2025-07-07 14:16:00,2025-06-30,0,0.0,39650.0,Low,26-35,"10,000-19,999",Active,1
zx0Nz68,reciZ3qRbmjXahDAA,3.0,Detractor,2025-08-19 15:05:00,2025-06-30,0,0.0,40850.0,Low,26-35,"20,000-29,999",Active,1
68kOJrN,recoiISbNqUIq32D1,5.0,Detractor,2025-07-07 16:02:00,2025-06-30,0,0.0,34500.0,Low,18-25,"10,000-19,999",Active,1
XxGBBYL,recpMvbidglPkKJdM,9.0,Promoter,2025-07-07 20:00:00,2025-06-30,0,0.0,62400.0,Low,36-45,"100,000-149,999",Active,1
Me2BWJX,recpQHAQwuCUbRKS0,6.0,Detractor,2025-12-20 16:14:00,2025-09-30,0,0.0,18130.0,Low,18-25,"10,000-19,999",Active,1
Gx086xO,recqvxqO6kHyxUAvo,9.0,Promoter,2025-07-22 16:24:00,2025-06-30,0,0.0,67740.0,Low,18-25,"100,000-149,999",Active,1
jap8lqQ,recr5N9W5E1SqM6Xj,10.0,Promoter,2025-11-06 02:24:00,2025-09-30,0,0.0,36400.0,Low,26-35,"20,000-29,999",Active,1
xXQlypJ,recrgdz1fAP1HWy6S,10.0,Promoter,2025-07-08 17:55:00,2025-06-30,0,0.0,42750.0,Low,18-25,"10,000-19,999",Active,1
WOoY4Zj,recrht1BGZ3nfITph,0.0,Detractor,2025-07-07 15:37:00,2025-06-30,20,4920.0,77080.0,Medium,26-35,"150,000+",PAR 7,1
pbVa9yV,recv2jfooW3tKwJhV,0.0,Detractor,2025-07-22 15:03:00,2025-06-30,0,0.0,38760.0,Low,26-35,"50,000-99,999",Active,1
Gx1JeyQ,recuBvmkTXiaiSc0Y,10.0,Promoter,2025-07-07 16:07:00,2025-06-30,0,0.0,44070.0,Low,26-35,"30,000-49,999",Active,1
aQ1XyRZ,recwqVXOAyaFCJMIt,8.0,Passive,2025-12-18 15:41:00,2025-09-30,0,0.0,44160.0,Low,26-35,"100,000-149,999",Active,1
44kvxDd,recxXoXQnQaBbgnqp,0.0,Detractor,2025-07-07 13:38:00,2025-06-30,0,0.0,30780.0,Low,26-35,"30,000-49,999",Active,1
lbjXGYX,rec5YLdFKaJPoxcgK,5.0,Detractor,2025-12-18 16:30:00,2025-09-30,0,0.0,43860.0,Low,18-25,"10,000-19,999",Active,1
1ARlpag,rec5dH3r25V398IPX,8.0,Passive,2025-10-07 15:37:00,2025-09-30,0,0.0,0.0,Low,26-35,,Paid Off,1
xXzpBrr,recA833vaNpjDLDg5,10.0,Promoter,2025-10-07 16:00:00,2025-09-30,0,0.0,52020.0,Low,36-45,"10,000-19,999",Active,1
EkgobJl,recAaCWil4QaP0ktO,10.0,Promoter,2025-11-06 03:53:00,2025-09-30,0,0.0,88200.0,Low,36-45,"100,000-149,999",Active,1
vGvorR0,recBtGfsvVfdNqMwh,10.0,Promoter,2025-12-03 06:45:00,2025-09-30,0,0.0,29640.0,Low,36-45,"100,000-149,999",Active,1
LZalJAz,recD18sWgXDTiEoCP,4.0,Detractor,2025-12-18 16:06:00,2025-09-30,0,0.0,45900.0,Low,26-35,"30,000-49,999",Active,1
aQyXKJy,recG4W9Rmd9CYLpYd,10.0,Promoter,2025-11-05 21:45:00,2025-09-30,0,0.0,19110.0,Low,26-35,"5,000-9,999",Active,1
J9gbD4r,recGFbjenSOEA9L7t,9.0,Promoter,2025-11-05 14:26:00,2025-09-30,0,0.0,29850.0,Low,,,Active,1
44YPGxr,recHq1cS2TIbaetX8,9.0,Promoter,2025-12-16 12:17:00,2025-09-30,0,0.0,66650.0,Low,26-35,"50,000-99,999",Active,1
pbNXEeB,recMGWDpsFQkbJBqg,10.0,Promoter,2025-12-18 16:28:00,2025-09-30,0,0.0,49470.0,Low,36-45,"20,000-29,999",Active,1
EkEOgOB,recMzE3X9qFvXif6L,,,2025-11-24 11:35:00,2025-09-30,0,0.0,45620.0,Low,46-55,"150,000+",Active,1
2EoeLYg,recPkFOAILCITBHS8,7.0,Passive,2025-10-07 14:57:00,2025-09-30,0,0.0,139160.0,Low,26-35,"50,000-99,999",Active,1
NpQZKDp,recTJ2al0Z7xj5zyD,10.0,Promoter,2025-11-24 12:31:00,2025-09-30,0,0.0,30020.0,Low,46-55,"50,000-99,999",Active,1
pbXoDe1,recV9bWyk1qvqEvdE,8.0,Passive,2025-12-04 17:33:00,2025-09-30,0,0.0,65320.0,Low,18-25,"50,000-99,999",Active,1
5BojgNM,recaqk3hZVltSOJHK,10.0,Promoter,2025-12-04 16:01:00,2025-09-30,0,0.0,54240.0,Low,26-35,"100,000-149,999",Active,1
ODgKWVY,recevQ7M9IYyuocAN,7.0,Passive,2025-11-05 16:18:00,2025-09-30,5,1080.0,47520.0,Low,18-25,"10,000-19,999",Inactive,1
VLDAog6,rechFj4mbyWmDp42v,1.0,Detractor,2025-10-02 15:12:00,2025-09-30,0,0.0,28000.0,Low,26-35,"20,000-29,999",Active,1
WO6xKbP,recivxrLUOhpt2W6n,5.0,Detractor,2025-12-20 19:53:00,2025-09-30,0,0.0,38640.0,Low,26-35,"50,000-99,999",Active,1
yPelgGB,recvfzj6vxxBhWE4N,6.0,Detractor,2025-12-04 15:18:00,2025-09-30,0,0.0,38390.0,Low,26-35,"20,000-29,999",Active,1
PdLEM65,recyJzRdxVpTn6yNt,10.0,Promoter,2025-12-05 22:52:00,2025-09-30,0,0.0,76800.0,Low,18-25,"5,000-9,999",Active,1
jabaZ59,recufwTagcJQrjqOX,10.0,Promoter,2025-04-22 17:55:00,,,,,,,,,1
0Qjvg56,recGEgFnfJ2cEve79,10.0,Promoter,2025-08-12 17:00:00,,,,,,,,,1
A7bbDQo,recy0MOp5QOa5eLVg,0.0,Detractor,2025-08-13 01:30:00,,,,,,,,,1
Np4DJVb,rectUQzJWFOmREHuT,7.0,Passive,2025-08-19 15:27:00,,,,,,,,,1
Pd2DOrB,recOL7oH8KtmE76qo,10.0,Promoter,2025-09-19 13:29:00,,,,,,,,,1
vGJkPQg,recA8PtU7wyf4Jk2f,9.0,Promoter,2025-09-19 15:30:00,,,,,,,,,1
VL9jz1j,recc7o4oZ9puw3WSn,10.0,Promoter,2025-08-19 14:42:00,,,,,,,,,1
81jLdzk,recEFwcFTAIhu07w1,6.0,Detractor,2025-08-28 16:57:00,,,,,,,,,1
ODdJqVY,recELoLoakgAA4xMF,10.0,Promoter,2025-09-08 15:11:00,,,,,,,,,1
1ANjO8b,recybzRyjisOYk09Y,2.0,Detractor,2025-09-19 13:42:00,,,,,,,,,1
VLq0RBv,rec4FhF8vNlkm3sSq,10.0,Promoter,2025-10-24 11:15:00,,,,,,,,,1
OD9NVG7,recJgpoAcAA6J7rAG,2.0,Detractor,2025-11-24 11:23:00,,,,,,,,,1
81gl0dk,recJhZZ5pUw2zTEjd,10.0,Promoter,2025-12-02 14:00:00,,,,,,,,,1
q4EWLz8,recVcNx8Upfkgqyw4,10.0,Promoter,2025-08-12 14:52:00,,,,,,,,,1
kdRWeWZ,recMVF7WsFcjy1YiR,7.0,Passive,2025-08-12 15:31:00,,,,,,,,,1
NpbzyBG,reczvAfrLUrfDKcvO,10.0,Promoter,2025-09-19 13:47:00,,,,,,,,,1
dWkXdZK,recjJFsJy4JW97UP3,2.0,Detractor,2025-09-25 12:21:00,,,,,,,,,1
dWkX2yN,rec1GUTObfRG5hPoB,4.0,Detractor,2025-09-25 12:58:00,,,,,,,,,1
EkrOyNN,recdr20jMBlzOgX3w,1.0,Detractor,2025-12-02 13:55:00,,,,,,,,,1
PdvXqeQ,recmfNR0Hf2iyrv8y,8.0,Passive,2025-09-08 15:25:00,,,,,,,,,1
jakVDoY,recwWPTInzafLqzLv,10.0,Promoter,2025-09-26 06:24:00,,,,,,,,,1
ZjRlpvA,recJ7ZsBXIP4m21tK,4.0,Detractor,2025-08-12 14:29:00,,,,,,,,,1
q4jDx69,recftYbu1hdx8QYoS,8.0,Passive,2025-08-28 16:08:00,,,,,,,,,1
xXlEKW5,rech5feFdFKLotDJj,8.0,Passive,2025-09-25 14:19:00,,,,,,,,,1
OD8XVXK,recdCIRsrgcb3MvfN,10.0,Promoter,2025-08-28 18:08:00,,,,,,,,,1
D4aVkZl,recmt7GssqlpbMs5q,10.0,Promoter,2025-10-07 17:39:00,,,,,,,,,1
Bz6GVde,rec77YTEPk1TfENyB,9.0,Promoter,2025-10-24 13:34:00,,,,,,,,,1
obeVq1x,recKGakMTzFkL8QST,5.0,Detractor,2025-05-06 11:56:00,,,,,,,,,1
Ek8dOpA,recBEjJTjc8h4Bh3R,10.0,Promoter,2025-08-28 15:29:00,,,,,,,,,1
Y5K15Ez,recqLZcMfH6ZgIqmj,9.0,Promoter,2025-12-02 17:24:00,,,,,,,,,1
b5NeqKg,recotkxBUM2XiOXmv,9.0,Promoter,2025-08-28 16:16:00,,,,,,,,,1
GxqMyrZ,recktRzjxFcGpnV4W,1.0,Detractor,2025-09-19 13:48:00,,,,,,,,,1
GxQaDAk,recekgic1sjtEy2ay,4.0,Detractor,2025-09-25 12:51:00,,,,,,,,,1
zxgK2ja,recNHp3LGf2qXpr0W,9.0,Promoter,2025-10-24 12:50:00,,,,,,,,,1
0Qlzj40,recIW76f3wNsdKlZB,10.0,Promoter,2025-11-05 14:33:00,,,,,,,,,1
RGa9rWj,rec6bht36gdBESL61,10.0,Promoter,2025-11-24 11:24:00,,,,,,,,,1
D4vD7NR,reczmdCEsi8fe1xHf,7.0,Passive,2025-08-16 14:11:00,,,,,,,,,1
NpRvbMj,recEyEsrB2Pc8eYgV,10.0,Promoter,2025-09-25 13:09:00,,,,,,,,,1
ZjgXGEe,recd1iQg5opuee2Sl,7.0,Passive,2025-11-05 14:35:00,,,,,,,,,1
J9bp0bo,rec9g80LFW1glyCQ8,9.0,Promoter,2025-12-04 14:49:00,,,,,,,,,1
gDAZWVd,recMoClm5VcLePhpc,0.0,Detractor,2025-07-07 14:16:00,,,,,,,,,1
68zBoPo,rec2ngZA51mmSkgIf,8.0,Passive,2025-12-02 13:53:00,,,,,,,,,1
RG6AlvJ,reczvTbODbCAEatsi,10.0,Promoter,2025-12-02 19:39:00,,,,,,,,,1
xXNyEkE,rec6XXOEGKNbMZToV,7.0,Passive,2025-08-12 17:09:00,,,,,,,,,1
aQrE9Z9,recFgjjaPuatxZMZJ,9.0,Promoter,2025-08-19 14:51:00,,,,,,,,,1
Y5WgxP0,recEkNFdl2tdBiiwI,8.0,Passive,2025-06-11 13:21:00,,,,,,,,,1
Pd21Xbb,rec3fAsVYD9Ebn59x,5.0,Detractor,2025-08-19 19:32:00,,,,,,,,,1
Pd89zYV,rec9vf9eg9HaABaUv,10.0,Promoter,2025-08-28 16:36:00,,,,,,,,,1
kdkXEDe,recOXinkkzSmVDECS,0.0,Detractor,2025-09-25 12:25:00,,,,,,,,,1
EkNe05X,rec41WKHcWj3p5GUK,,,2025-09-25 12:38:00,,,,,,,,,1
VL4Xd2a,recqhFykihSmJovuf,8.0,Passive,2025-09-25 13:33:00,,,,,,,,,1
xXgpWBv,recIUSs8E9emilW9J,10.0,Promoter,2025-10-24 10:43:00,,,,,,,,,1
pbV8YgP,recpSgLxWQIXC6qfw,10.0,Promoter,2025-07-22 19:37:00,,,,,,,,,1
Bz87JKK,recivxrLUOhpt2W6n,8.0,Passive,2025-08-29 06:21:00,,,,,,,,,1
zxGVgOa,recs6Fdhs8RQsBj6t,10.0,Promoter,2025-09-19 13:39:00,,,,,,,,,1
1Apz7Rl,recpSgLxWQIXC6qfw,9.0,Promoter,2025-09-25 12:25:00,,,,,,,,,1
1AOlNE1,recDfc5nRtRYy92HK,9.0,Promoter,2025-10-24 09:27:00,,,,,,,,,1
Bzgq04A,recvyctQlHJ1xFOYU,1.0,Detractor,2025-11-05 14:54:00,,,,,,,,,1
pb1gAeZ,recoh5OtPoUvMKAqJ,5.0,Detractor,2025-11-24 20:00:00,,,,,,,,,1
68zBa2A,recioGgJeQjV41yZ3,10.0,Promoter,2025-12-02 13:55:00,,,,,,,,,1
zxA4oBa,recH1h5NsLOaFIFqH,1.0,Detractor,2025-12-18 15:53:00,,,,,,,,,1
yPqvqyd,recxJZ5GO8OR52n07,10.0,Promoter,2025-08-12 15:54:00,,,,,,,,,1
lblWJ0B,recvEasXRG9Ik6nJr,10.0,Promoter,2025-08-12 18:01:00,,,,,,,,,1
xX1N7r5,recoW5KUEPOqNT2nc,8.0,Passive,2025-11-20 10:55:00,,,,,,,,,1
XxvraN4,reczFO2QEopxBrrYV,8.0,Passive,2025-11-26 11:39:00,,,,,,,,,1
rja2Ge5,recEsS2D7p5G3iorU,10.0,Promoter,2025-05-06 17:10:00,,,,,,,,,1
5BqRpNv,recX8W63YCJzsScoL,10.0,Promoter,2025-08-18 05:51:00,,,,,,,,,1
lb0eb1B,recwbXG1elMjS4FP8,7.0,Passive,2025-08-19 17:58:00,,,,,,,,,1
5BEj60v,recTKtbUTdidWwchf,10.0,Promoter,2025-08-28 15:58:00,,,,,,,,,1
ODdB9pR,recf0TY0ewbph0NKV,8.0,Passive,2025-09-08 18:16:00,,,,,,,,,1
J9XVK5J,reckIZxRQCOn4ihA7,10.0,Promoter,2025-09-08 19:35:00,,,,,,,,,1
Bz2qZee,recYsRCVRzxjer3lu,5.0,Detractor,2025-09-25 12:47:00,,,,,,,,,1
xXQyeyr,recIEnQicFJa1dMgP,9.0,Promoter,2025-07-07 15:52:00,,,,,,,,,1
zxQ2dxk,recfqddZQk9tAyRwP,9.0,Promoter,2025-08-13 15:25:00,,,,,,,,,1
Ek8lzKX,recI729h9BuZHRgGR,10.0,Promoter,2025-08-28 16:02:00,,,,,,,,,1
GxqWbLQ,recCGoGXWotHLKAQS,1.0,Detractor,2025-09-19 16:51:00,,,,,,,,,1
1ARlz0L,recWoHn2KefFqO8hH,5.0,Detractor,2025-10-07 16:29:00,,,,,,,,,1
68zlVyY,recbIe17n3rwEYCZG,8.0,Passive,2025-12-02 15:54:00,,,,,,,,,1
obaqGJb,recddiMwxcF6u87OD,7.0,Passive,2025-12-02 18:18:00,,,,,,,,,1
jaL11e4,rec0QOLY1qO1QE3EO,10.0,Promoter,2025-07-31 20:21:00,2025-06-30,187,15030.0,18390.0,Critical,,,PAR 30,1
gDN7eOP,rec1Dp4FKzGBSodFZ,4.0,Detractor,2025-08-12 18:44:00,2025-06-30,237,22780.0,32160.0,Critical,,,FMD,1
rjYE28o,rec21cQy8LKikt3d8,10.0,Promoter,2025-10-08 06:11:00,2025-09-30,0,0.0,0.0,Low,,,Paid Off,1
ODEz8JM,rec2ZOhpqGIWXl7QR,3.0,Detractor,2025-10-07 15:15:00,2025-09-30,0,0.0,1680.0,Low,,,Active,1
BzpWlbR,rec5Tl3rDxUGphoef,0.0,Detractor,2025-05-18 08:08:00,2025-03-30,0,16660.0,42880.0,Low,,,Active,1
2Eoe7dA,rec607KQ1I0kygaIV,10.0,Promoter,2025-10-07 15:37:00,2025-09-30,0,100.0,0.0,Low,,,Paid Off,1
ODgv85M,rec6f677EsOmtctvm,10.0,Promoter,2025-11-07 06:13:00,2025-09-30,0,0.0,8800.0,Low,,,Active,1
zxZZOKk,rec6mHO5SpLMsJ7bU,1.0,Detractor,2025-07-26 05:17:00,2025-06-30,0,0.0,1770.0,Low,,,Active,1
obzyVAP,rec8GoFCqQRPREPsw,0.0,Detractor,2025-10-07 15:06:00,2025-09-30,447,30512.0,30512.0,Critical,,,Return,1
ja9JpE6,recDnme3jmQ6ly0Oe,,,2025-08-13 19:51:00,2025-06-30,0,0.0,12750.0,Low,,,Active,1
5BVze5Q,recEuPxgXgT4xdzQY,5.0,Detractor,2025-10-07 15:26:00,2025-09-30,498,38270.0,38270.0,Critical,,,Return,1
q4zdjbk,recFEbKe2LoS6qgLO,10.0,Promoter,2025-10-07 15:16:00,2025-09-30,0,100.0,0.0,Low,,,Paid Off,1
rj2aeDp,recM7lxabuFW1vxf7,6.0,Detractor,2025-08-28 15:31:00,2025-06-30,129,31540.0,54780.0,Critical,,,PAR 30,1
ZjgX9pz,recMGJgPuch8nDMPi,5.0,Detractor,2025-11-05 13:29:00,2025-09-30,0,0.0,17380.0,Low,26-35,"30,000-49,999",Active,1
9qyqEMK,recMvjgHZj98oHs2Y,9.0,Promoter,2025-11-17 11:57:00,2025-09-30,0,24440.0,0.0,Low,,,Paid Off,1
9q446j5,recN5Yusz635rpXp8,,,2025-10-10 09:58:00,2025-09-30,0,0.0,0.0,Low,,,Paid Off,1
MeNd2DY,recNZkOnclk3QB5Bx,0.0,Detractor,2025-05-06 11:20:00,2025-03-30,306,19200.0,19200.0,Critical,,,PAR 30,1
NpP61Vp,recOF4eLtymouM7b4,9.0,Promoter,2025-10-07 16:27:00,2025-09-30,0,0.0,13400.0,Low,26-35,"30,000-49,999",Active,1
J9o6R87,recOKB0uREgHYpQdX,4.0,Detractor,2025-10-07 14:46:00,2025-09-30,588,34740.0,34740.0,Critical,,,Return,1
rjoyl4R,recOVJ2H3AWY7f7lS,10.0,Promoter,2025-05-20 02:14:00,2025-03-30,0,0.0,52120.0,Low,26-35,,Active,1
obDD5vN,recTMnMNTh2TD880M,6.0,Detractor,2025-04-23 11:09:00,2025-03-30,0,100.0,24940.0,Low,,,Active,1
pb5gP9q,recX1qCQIVXwhgu4X,7.0,Passive,2025-10-29 10:17:00,2025-09-30,0,0.0,6540.0,Low,,,Active,1
QKXqR0k,recXhjc1fmLZz0L16,10.0,Promoter,2025-11-05 16:53:00,2025-09-30,0,0.0,8280.0,Low,26-35,"50,000-99,999",Active,1
A79dblz,recYeoMrgRRrVnjOi,8.0,Passive,2025-10-07 15:09:00,2025-09-30,500,41000.0,41000.0,Critical,,,Return,1
Ek6Xr2r,recYjlCBT4E1VWKy4,,,2025-10-07 16:07:00,2025-09-30,0,100.0,0.0,Low,,,Paid Off,1
J9pY4Vr,recYtDEGQSt7B9obz,,,2025-05-08 13:23:00,2025-03-30,327,32066.0,32066.0,Critical,,,PAR 30,1
44drg1A,recZHIfIiInKC2Qju,7.0,Passive,2025-11-10 05:48:00,2025-09-30,0,0.0,8460.0,Low,26-35,"10,000-19,999",Active,1
9q4dNyE,recZj1iE8vfTh4g0V,10.0,Promoter,2025-10-07 17:24:00,2025-09-30,0,100.0,0.0,Low,,,Paid Off,1
0QBj0Z9,recaBIIFrc7Z3yjVn,,,2025-10-07 19:32:00,2025-09-30,0,100.0,0.0,Low,26-35,,Paid Off,1
eqepy6l,recamOSwnloZvzcNu,6.0,Detractor,2025-08-20 03:20:00,2025-06-30,220,37310.0,58370.0,Critical,,,FMD,1
GxlQexO,recc05qJkVJdQIvAD,8.0,Passive,2025-06-01 11:44:00,2025-03-30,0,0.0,6420.0,Low,,,Active,1
WORVXMJ,reccCF4vGLs8pKteO,10.0,Promoter,2025-05-18 08:28:00,2025-03-30,0,0.0,32500.0,Low,,,Active,1
9q9oxz4,recd85EVPwrKCyKgr,8.0,Passive,2025-05-07 09:01:00,2025-03-30,0,0.0,52170.0,Low,,,Active,1
7RjWppR,recfbrLw8lweYcDsT,10.0,Promoter,2025-10-24 09:37:00,2025-09-30,0,1640.0,13120.0,Low,26-35,"50,000-99,999",Active,1
QKjDyqG,recgDcHTiA69nOGj1,,,2025-10-24 10:01:00,2025-09-30,0,0.0,7080.0,Low,,,Active,1
jazy6Z9,reciBQEpwcjoDotjf,9.0,Promoter,2025-10-07 14:14:00,2025-09-30,0,0.0,7580.0,Low,36-45,"50,000-99,999",Active,1
Ek6XBj4,recib7QJ0B2wD2kG8,7.0,Passive,2025-10-07 15:14:00,2025-09-30,0,100.0,0.0,Low,,,Paid Off,1
xXoEXL5,recjLjdDjiXR7hwR6,1.0,Detractor,2025-11-05 13:25:00,2025-09-30,0,0.0,16390.0,Low,26-35,"20,000-29,999",Active,1
rjPkajN,recl4CvbeCM0PEEEy,0.0,Detractor,2025-06-01 12:08:00,2025-03-30,0,0.0,41800.0,Low,26-35,"50,000-99,999",Active,1
kdp4Ndr,reclSBGvZUfVMkxQ9,0.0,Detractor,2025-11-05 16:54:00,2025-09-30,328,94019.0,89760.0,Critical,,,Return,1
eqzE2Ne,reclndh1w9RgnZQD9,7.0,Passive,2025-10-08 05:40:00,2025-09-30,0,0.0,0.0,Low,,,Paid Off,1
xXzdr7E,reconqDFRsPI2d1Jn,10.0,Promoter,2025-10-07 17:29:00,2025-09-30,0,0.0,5280.0,Low,,,Active,1
XxrLyQe,recpBFIgn4Wk4Z6Tm,5.0,Detractor,2025-04-23 07:17:00,2025-03-30,0,0.0,7860.0,Low,,,Active,1
KYlgkeM,recpSwOAyYwJVr3QJ,10.0,Promoter,2025-06-11 13:27:00,2025-03-30,0,10.0,12110.0,Low,,,Active,1
QK4DZGg,recpvdj2Waf3ud0fi,1.0,Detractor,2025-10-07 16:40:00,2025-09-30,565,35099.0,35099.0,Critical,,,Return,1
xXjD91G,recsAwu7mLzh56j6U,7.0,Passive,2025-04-23 19:12:00,2025-03-30,0,0.0,30240.0,Low,,,Active,1
A79dV7o,recsZj3A8aFAWHv4y,4.0,Detractor,2025-10-07 17:03:00,2025-09-30,0,0.0,1560.0,Low,,,Active,1
44O8bJO,recscU384poyRqiFM,10.0,Promoter,2025-10-07 16:31:00,2025-09-30,0,0.0,0.0,Low,,,Paid Off,1
vGxL0VQ,rectAVbSrJ2O83C8a,10.0,Promoter,2025-08-12 16:03:00,2025-06-30,0,0.0,24600.0,Low,,,Active,1
jaXM1OJ,recunruBtRQlEq0EA,0.0,Detractor,2025-12-05 22:43:00,2025-09-30,292,38610.0,38610.0,Critical,,,Return,1
MeDeKzk,reckHkeJE9yhguMIS,10.0,Promoter,2025-04-22 17:39:00,2025-03-30,0,1260.0,14020.0,Low,55+,,Active,1
68eJ9jA,recnPnRd0SWb2mvlT,10.0,Promoter,2025-04-22 16:10:00,2025-03-30,0,0.0,42840.0,Low,18-25,,Active,1
GxKvb5p,recqipYF4bAylKqe7,6.0,Detractor,2025-04-22 15:56:00,2025-03-30,0,60.0,16300.0,Low,,,Active,1
yPqv4Rg,recteegDdOGxpUP73,9.0,Promoter,2025-08-12 15:05:00,2025-06-30,0,0.0,25490.0,Low,36-45,"20,000-29,999",Active,1
J9AgW0R,recx026knzpT35v7Q,9.0,Promoter,2025-06-11 13:22:00,2025-03-30,0,0.0,26460.0,Low,,,Active,1
J98pPJY,recxNPIzMTmKSqLLh,7.0,Passive,2025-09-04 06:57:00,2025-06-30,0,0.0,31920.0,Low,18-25,,Active,1
ODrAYqA,recysNSxmIHyJtDgs,2.0,Detractor,2025-10-24 12:32:00,2025-09-30,311,60149.0,59670.0,Critical,26-35,"30,000-49,999",Return,1
rjg6WBo,recz9P2LdiWAYmkfD,7.0,Passive,2025-10-24 09:59:00,2025-09-30,0,1470.0,18850.0,Low,26-35,,Active,1
J9o6G0K,reczlx4Gxw6M5oQrU,0.0,Detractor,2025-10-07 15:51:00,2025-09-30,204,32620.0,45700.0,Critical,36-45,"20,000-29,999",Return,1
68P7Qkk,reczt5yZX9wJnEnAg,0.0,Detractor,2025-10-07 15:06:00,2025-09-30,536,127880.0,127880.0,Critical,,,Return,1
zxDvrdq,rec0TncfzAXEklgam,10.0,Promoter,2025-06-11 16:40:00,2025-03-30,0,0.0,74840.0,High,26-35,"50,000-99,999",PAR 30,1
kdk4bvR,rec194NFAfRcKfOBH,2.0,Detractor,2025-09-25 14:43:00,2025-06-30,55,6080.0,31920.0,High,26-35,"50,000-99,999",Return,1
ZjKRAXo,rec1I4Edrs4d5BdhW,10.0,Promoter,2025-11-20 10:58:00,2025-09-30,0,0.0,52640.0,Low,46-55,"150,000+",Active,1
BzK4lE5,rec5s4VrSTy6etqE2,8.0,Passive,2025-04-22 16:19:00,2025-03-30,0,0.0,50720.0,Low,36-45,"150,000+",Active,1
2EBEa8V,rec8XwnuPuWZJ3bld,6.0,Detractor,2025-04-22 18:04:00,2025-03-30,0,0.0,47200.0,Low,18-25,"30,000-49,999",Active,1
gDzpoPP,rec930FTxCoNOb8Db,0.0,Detractor,2025-10-11 03:28:00,2025-09-30,0,0.0,16200.0,Low,,"50,000-99,999",Active,1
pbop6eJ,recAopW7aUhvEHhwz,3.0,Detractor,2025-05-18 08:12:00,2025-03-30,0,0.0,70840.0,Low,46-55,"5,000-9,999",Active,1
rjKL0eX,recCyxFTAfoRop3NR,8.0,Passive,2025-07-07 14:14:00,2025-06-30,0,0.0,57800.0,Low,26-35,"100,000-149,999",Active,1
ja9WQOJ,recESbgcq8UEU5W01,1.0,Detractor,2025-08-12 15:25:00,2025-06-30,0,0.0,22940.0,Low,26-35,"20,000-29,999",Active,1
rjGraQM,recF27j93eHkcruZo,10.0,Promoter,2025-09-08 16:19:00,2025-06-30,0,55930.0,0.0,Low,26-35,"30,000-49,999",Paid Off,1
pbdxl6q,recFd5rVcayFFvVCp,8.0,Passive,2025-04-22 17:37:00,2025-03-30,0,0.0,14851.0,Low,36-45,"20,000-29,999",Active,1
9q6gAW4,recIpWICUVUg6vDXF,,,2025-08-25 04:47:00,2025-06-30,0,0.0,37290.0,Low,36-45,"30,000-49,999",Active,1
EkWNV9l,recAGhXAJyxMM8dmY,5.0,Detractor,2025-08-19 15:50:00,2025-06-30,0,0.0,43200.0,Low,18-25,"20,000-29,999",Active,1
obVdKXe,recGKqoNw21DfmDZl,8.0,Passive,2025-08-12 16:14:00,2025-06-30,0,0.0,34100.0,Low,26-35,"50,000-99,999",Active,1
xXNyjO5,recJLiIaXm1AVMJ0c,4.0,Detractor,2025-08-12 14:58:00,2025-06-30,0,0.0,46920.0,Low,18-25,"50,000-99,999",Active,1
q4Mlpk2,recKbBBqdYYUCUHFa,1.0,Detractor,2025-11-24 11:36:00,2025-09-30,0,0.0,16360.0,High,36-45,"150,000+",PAR 30,1
xXoELk9,recNibc2hl5VD1FRl,10.0,Promoter,2025-11-05 15:26:00,2025-09-30,0,0.0,21400.0,Low,36-45,"30,000-49,999",Active,1
VLN0PEv,recNoM9UigoNFU129,8.0,Passive,2025-10-07 14:22:00,2025-09-30,0,0.0,0.0,Low,26-35,,Paid Off,1
jabD2KJ,recOF9e6eGRiYcPxy,10.0,Promoter,2025-04-22 16:21:00,2025-03-30,0,0.0,69520.0,Low,26-35,"100,000-149,999",Active,1
eqEjpBE,recQeaz6dda0PuOTh,10.0,Promoter,2025-07-20 11:17:00,2025-06-30,0,0.0,41299.0,Low,,,Active,1
LZWgOVp,recU0qivR2lOapJvx,5.0,Detractor,2025-06-11 13:37:00,2025-03-30,0,0.0,34760.0,Low,26-35,"100,000-149,999",Active,1
RG6NK7p,recWcgxuz8K5yAaUR,10.0,Promoter,2025-12-02 14:09:00,2025-09-30,0,0.0,20880.0,Low,18-25,"10,000-19,999",Active,1
WOq0o2a,recXUx78XtMxh9xCf,10.0,Promoter,2025-10-08 05:14:00,2025-09-30,22,10600.0,60950.0,Medium,26-35,,PAR 7,1
vG2kJ2A,recXd10VxL75TFfBK,4.0,Detractor,2025-07-22 14:22:00,2025-06-30,0,0.0,54050.0,Low,26-35,"50,000-99,999",Active,1
J9rpVJz,recdFrW28MHxS1Lqj,9.0,Promoter,2025-12-13 07:52:00,2025-09-30,0,0.0,22700.0,Low,,"10,000-19,999",Active,1
aQeNaYv,recVOllpG6mFoGtaV,8.0,Passive,2025-04-22 15:44:00,2025-03-30,3,1780.0,76540.0,Low,18-25,"50,000-99,999",Inactive,1
9qorNp5,recgVI84I49E7jqTi,7.0,Passive,2025-09-24 14:03:00,2025-06-30,0,0.0,24320.0,Low,,"10,000-19,999",Active,1
EkMxbkr,recgbwmVLAiYgxvvP,4.0,Detractor,2025-09-29 06:04:00,2025-06-30,0,0.0,0.0,Low,36-45,,Paid Off,1
q4pXE87,rechGdXlL0fejKRFh,7.0,Passive,2025-11-05 14:38:00,2025-09-30,0,0.0,26000.0,Low,,"10,000-19,999",Active,1
2Eg66Mp,rechbtW1IdxFbcNSy,7.0,Passive,2025-12-02 13:41:00,2025-09-30,0,0.0,16170.0,Low,26-35,"30,000-49,999",Active,1
0QDY1DA,recjpCnabjV64gnkV,9.0,Promoter,2025-09-25 15:43:00,2025-06-30,0,0.0,0.0,Low,,,Paid Off,1
GxpZy9k,recjueaXr3WDH4nV0,10.0,Promoter,2025-09-25 13:10:00,2025-06-30,90,13789.0,45689.0,Critical,26-35,"50,000-99,999",PAR 30,1
NpBYpXG,recmyH3q6P0taJ8VL,6.0,Detractor,2025-08-12 14:44:00,2025-06-30,0,0.0,39005.0,Low,26-35,"50,000-99,999",Active,1
81e7d0A,recn2WvKiTKN0307m,9.0,Promoter,2025-07-22 17:13:00,2025-06-30,43,6810.0,49750.0,High,26-35,"Below 5,000",PAR 30,1
Bz720P7,recnCu5gx68Mie3WN,0.0,Detractor,2025-06-01 14:19:00,2025-03-30,0,0.0,74730.0,Low,26-35,"150,000+",Active,1
EkEOVVo,recnlSzWgmczZDHzd,8.0,Passive,2025-11-24 11:58:00,2025-09-30,235,23459.0,33119.0,Critical,,,Return,1
eqYGWWJ,recp4TIAqsKJVeIMt,0.0,Detractor,2025-09-25 16:43:00,2025-06-30,127,33760.0,80040.0,Critical,46-55,"100,000-149,999",Return,1
ZjNqxoo,recqOrofRZAkpigCw,8.0,Passive,2025-11-05 14:24:00,2025-09-30,0,0.0,18720.0,Low,26-35,"150,000+",Active,1
Ek0y8YB,reckMED3MxtAvuiT0,8.0,Passive,2025-07-22 17:59:00,2025-06-30,0,0.0,47160.0,Low,46-55,"150,000+",Active,1
lbzyrEB,rectUil8eGKF9HODI,10.0,Promoter,2025-10-07 14:30:00,2025-09-30,0,0.0,0.0,Low,,,Paid Off,1
QKexrR1,recuB4r491LZTSUP5,9.0,Promoter,2025-05-06 13:16:00,2025-03-30,0,0.0,48300.0,Low,18-25,"10,000-19,999",Active,1
ja609NQ,recuMjoRgQdp8yspy,8.0,Passive,2025-05-06 13:39:00,2025-03-30,0,0.0,24600.0,Low,46-55,"10,000-19,999",Active,1
D4NoW4b,recwFJpC7Kev9Xvp8,7.0,Passive,2025-06-22 13:52:00,2025-03-30,0,0.0,68040.0,Low,36-45,"50,000-99,999",Active,1
Y59QoJ5,reczs4DSfc6PgaEYR,8.0,Passive,2025-10-07 15:11:00,2025-09-30,0,0.0,0.0,Low,36-45,,Paid Off,1
vGp8p5Q,rec1in3IzyJx6yy8e,9.0,Promoter,2025-11-06 05:16:00,2025-09-30,0,0.0,40850.0,Low,26-35,"30,000-49,999",Active,1
81zoWbz,recyRMj9xxAynZxRG,1.0,Detractor,2025-04-22 16:12:00,2025-03-30,0,0.0,46410.0,Low,26-35,"100,000-149,999",Active,1
b54rZz6,rec01VlZfsRhGD8vI,9.0,Promoter,2025-08-12 14:46:00,2025-06-30,0,10599.0,0.0,Low,,,Paid Off,1
pbR7zzJ,rec0ZgzV4wdKi92O6,3.0,Detractor,2025-09-08 14:37:00,2025-06-30,42,6650.0,47500.0,High,36-45,"50,000-99,999",FMD,1
NpVJW4b,rec0fYISXCsdqRRlH,6.0,Detractor,2025-07-07 16:37:00,2025-06-30,0,0.0,73500.0,Low,26-35,"20,000-29,999",Active,1
zxOAZq8,rec1CjR86jpvdwu27,3.0,Detractor,2025-11-05 17:38:00,2025-09-30,62,6930.0,27720.0,Critical,18-25,"10,000-19,999",Return,1
QKrNLkp,rec5eMjKZCxy4G9eJ,5.0,Detractor,2025-07-12 08:13:00,2025-06-30,0,0.0,50470.0,Low,26-35,"50,000-99,999",Active,1
D4Z91QN,rec6JUNEiNdbHtKWO,10.0,Promoter,2025-09-25 12:38:00,2025-06-30,0,0.0,26180.0,Low,18-25,"5,000-9,999",Active,1
0QPXbZ0,rec33v8NYHTqY2BcI,0.0,Detractor,2025-07-22 14:07:00,2025-06-30,0,0.0,47360.0,Low,18-25,"100,000-149,999",Active,1
VLoQkYJ,rec5pxk8WRo8F4EVF,8.0,Passive,2025-08-28 15:53:00,2025-06-30,0,0.0,65480.0,Low,,"30,000-49,999",Active,1
lb064d6,rec9QkOtBdnkNXiW7,,,2025-08-20 06:20:00,2025-06-30,0,0.0,39000.0,Low,26-35,"50,000-99,999",Active,1
5BkvjAN,rec6ySPxPhQmuBCKP,8.0,Passive,2025-07-07 13:24:00,2025-06-30,0,0.0,49980.0,Low,26-35,"10,000-19,999",Active,1
QKpx2oY,recCAWh3qznbZgqPI,8.0,Passive,2025-12-07 06:10:00,2025-09-30,0,0.0,22940.0,Low,,,Active,1
Ek16VgA,recD6qn3ga1YhoQj0,5.0,Detractor,2025-07-09 07:41:00,2025-06-30,0,0.0,34500.0,Low,26-35,"20,000-29,999",Active,1
GxBYNEZ,recDIwV1dA5Swvnkl,0.0,Detractor,2025-08-13 13:58:00,2025-06-30,0,0.0,46870.0,Low,18-25,"10,000-19,999",Active,1
lbjgMJN,recH3qI3IQ4AeM2Dy,10.0,Promoter,2025-12-17 16:37:00,2025-09-30,0,0.0,24640.0,Low,,,Active,1
Y5vAqAq,recLWMLg97jFRp7jo,9.0,Promoter,2025-11-24 11:27:00,2025-09-30,1,1529.0,120469.0,Low,,,Inactive,1
aQy1KxB,recMX99qTWChdRLvd,7.0,Passive,2025-11-05 18:01:00,2025-09-30,1,1180.0,46020.0,Low,26-35,"30,000-49,999",Inactive,1
2ErQyPM,recOxZ18P5r9p94l1,10.0,Promoter,2025-07-22 19:01:00,2025-06-30,0,0.0,53060.0,Low,,"50,000-99,999",Active,1
5BkGBao,recPYPWxEyCZUQDfb,10.0,Promoter,2025-07-07 16:08:00,2025-06-30,1,1380.0,56580.0,Low,18-25,"50,000-99,999",Inactive,1
VLNvvXl,recQ4bxgDf08kOpnP,9.0,Promoter,2025-10-09 14:06:00,2025-09-30,0,0.0,21460.0,Low,26-35,"30,000-49,999",Active,1
VLlY2Py,recRY0VguRIRCqea0,10.0,Promoter,2025-07-07 15:49:00,2025-06-30,0,0.0,33880.0,Low,36-45,"50,000-99,999",Active,1
VL1YlVg,recRnKGIzrcRjkuS8,10.0,Promoter,2025-08-12 15:34:00,2025-06-30,4,500.0,24500.0,Low,26-35,"5,000-9,999",Inactive,1
J9RD2l4,recStxyFxZSGgAb6B,5.0,Detractor,2025-07-07 13:44:00,2025-06-30,0,0.0,41800.0,Low,18-25,"30,000-49,999",Active,1
GxjWz8o,recTeKYhEoWYwrozD,0.0,Detractor,2025-12-03 02:48:00,2025-09-30,0,0.0,28340.0,Low,18-25,"100,000-149,999",Active,1
2Ekvvaj,recTiatJrJW6ygG00,3.0,Detractor,2025-07-07 14:10:00,2025-06-30,0,0.0,23000.0,Low,26-35,"20,000-29,999",Active,1
68xoOeB,recUlK78xy19K4Qk1,10.0,Promoter,2025-07-22 14:01:00,2025-06-30,0,0.0,54280.0,Low,46-55,"150,000+",Active,1
RGvgMp9,recUuMb9eU1vyOb94,2.0,Detractor,2025-09-10 06:12:00,2025-06-30,0,0.0,42450.0,Low,18-25,"20,000-29,999",Active,1
LZG5YX1,recXqDUDtBcbxTktX,5.0,Detractor,2025-07-08 05:43:00,2025-06-30,0,0.0,58960.0,Low,26-35,"50,000-99,999",Active,1
D41jRYp,recaGlepA8JmcEfqt,10.0,Promoter,2025-07-12 08:40:00,2025-06-30,0,0.0,62320.0,Low,36-45,"150,000+",Active,1
NpMJxQG,recf9imF5MqgeF333,8.0,Passive,2025-09-08 15:10:00,2025-06-30,0,0.0,59700.0,Low,46-55,"30,000-49,999",Active,1
68xajNO,recg7QN3xD1dgL73R,6.0,Detractor,2025-07-22 16:39:00,2025-06-30,0,0.0,45350.0,Low,26-35,,Active,1
eqEkxkl,recgMUiIX12X2aY1R,10.0,Promoter,2025-08-29 11:35:00,2025-06-30,0,0.0,38950.0,Low,18-25,"20,000-29,999",Active,1
LZjjZqj,recgQl1hMAnIDRmJ4,0.0,Detractor,2025-12-18 17:13:00,2025-09-30,0,0.0,54390.0,Low,26-35,"20,000-29,999",Active,1
VLlYgYl,rechZu7YCZae80B6W,0.0,Detractor,2025-07-07 15:43:00,2025-06-30,0,0.0,73800.0,Low,26-35,"50,000-99,999",Active,1
WOjXLka,recijqhBeuxS7czA7,10.0,Promoter,2025-09-25 14:12:00,2025-06-30,0,0.0,0.0,Low,36-45,,Paid Off,1
lbAWd5p,recjPmGQFpBz58FIK,6.0,Detractor,2025-07-07 13:39:00,2025-06-30,0,0.0,53300.0,Low,26-35,"50,000-99,999",Active,1
yPyvJWW,reclUohA8lA7RhuIu,3.0,Detractor,2025-12-09 22:52:00,2025-09-30,0,0.0,35030.0,Low,18-25,"10,000-19,999",Active,1
pbVaa6E,recmGOJBMAdnnXuLp,5.0,Detractor,2025-07-22 15:52:00,2025-06-30,0,0.0,41800.0,Low,18-25,"10,000-19,999",Active,1
jaxNkYQ,recmH1fhM8mm7fdFn,1.0,Detractor,2025-07-22 14:28:00,2025-06-30,0,0.0,20910.0,Low,26-35,"50,000-99,999",Active,1
Pd0K2N1,recgQl1hMAnIDRmJ4,8.0,Passive,2025-07-22 14:10:00,2025-06-30,0,0.0,73500.0,Low,26-35,"20,000-29,999",Active,1
obKVk75,recnIv4DTUzaNh59D,5.0,Detractor,2025-09-08 17:36:00,2025-06-30,0,0.0,40850.0,Low,26-35,"50,000-99,999",Active,1
7RD1LvP,recqMe4P9vhvh7RYD,1.0,Detractor,2025-07-08 09:18:00,2025-06-30,11,2230.0,50820.0,Medium,46-55,"30,000-49,999",PAR 7,1
0QlYl5y,recr7rJlWUuCFDQ0Z,6.0,Detractor,2025-11-05 18:45:00,2025-09-30,22,6960.0,59160.0,Medium,,,PAR 7,1
BzVMRo5,recrWn5ty2dP28H5G,8.0,Passive,2025-12-03 09:19:00,2025-09-30,0,0.0,46800.0,Low,26-35,"50,000-99,999",Active,1
J98RRYR,recrZZtkNrT23VW11,0.0,Detractor,2025-08-29 23:36:00,2025-06-30,0,0.0,38100.0,Low,26-35,"5,000-9,999",Active,1
44qRA7B,recrvciosCaIVJG1a,8.0,Passive,2025-11-05 14:42:00,2025-09-30,0,0.0,28500.0,Low,18-25,"5,000-9,999",Active,1
kdKRbar,recsrZ8NDpwi4KXbR,5.0,Detractor,2025-09-08 16:05:00,2025-06-30,0,0.0,48169.0,Low,26-35,,Active,1
1ADJoMl,rectbND6pEbSzyQFD,10.0,Promoter,2025-09-08 15:19:00,2025-06-30,0,0.0,37950.0,Low,18-25,"30,000-49,999",Active,1
D4ElOWZ,recukIjBOIqzv1yjt,10.0,Promoter,2025-12-03 12:40:00,2025-09-30,0,0.0,34410.0,Low,26-35,"Below 5,000",Active,1
aQxE0bX,recsE19Tkmx7cfcHL,10.0,Promoter,2025-07-07 13:59:00,2025-06-30,0,0.0,47940.0,Low,26-35,"30,000-49,999",Active,1
obBd2Dx,recxKy6jYGwRqd7zD,5.0,Detractor,2025-07-07 13:28:00,2025-06-30,0,0.0,73500.0,Low,26-35,"30,000-49,999",Active,1
0QMvg50,recxrua1mwmyckGx5,10.0,Promoter,2025-07-07 15:01:00,2025-06-30,0,0.0,47880.0,Low,46-55,"150,000+",Active,1
A7Abz5l,recxt0xrZMYmNjaGS,10.0,Promoter,2025-09-08 16:10:00,2025-06-30,0,0.0,74400.0,Low,26-35,"150,000+",Active,1
2EkvNXA,recyCUrJDyQa0AG2z,3.0,Detractor,2025-07-07 13:36:00,2025-06-30,0,0.0,85100.0,Low,26-35,"20,000-29,999",Active,1
zxWMr8Z,recyMKalUccoNOjX5,10.0,Promoter,2025-08-28 17:28:00,2025-06-30,0,0.0,63230.0,Low,26-35,"50,000-99,999",Active,1
J9RDp9J,recySBj5LMm5ocNa1,9.0,Promoter,2025-07-07 13:19:00,2025-06-30,0,0.0,72030.0,Low,18-25,"50,000-99,999",Active,1
44kvyXo,reczGgo9BqOpBsE4I,5.0,Detractor,2025-07-07 14:53:00,2025-06-30,0,0.0,54600.0,Low,26-35,"100,000-149,999",Active,1
A79dKal,rec1hX9FXZBz3yVHH,3.0,Detractor,2025-10-07 14:12:00,2025-09-30,0,0.0,42000.0,Low,36-45,"150,000+",Active,1
xXQyJay,recw4ONirCQHTqJoX,6.0,Detractor,2025-07-07 13:30:00,2025-06-30,0,0.0,37300.0,Low,26-35,"20,000-29,999",Active,1
A7JD2yk,recw9J25WNvk4UER5,10.0,Promoter,2025-07-07 13:21:00,2025-06-30,7,2220.0,55500.0,Medium,18-25,"5,000-9,999",Inactive,1
QKvB12l,rec52hu5uuteTeSVL,4.0,Detractor,2025-12-18 17:18:00,2025-09-30,0,0.0,17630.0,Low,36-45,"Below 5,000",Active,1
Pdr5oye,recFW1hQqtzyjjY42,0.0,Detractor,2025-10-07 13:33:00,2025-09-30,0,0.0,24420.0,Low,46-55,"100,000-149,999",Active,1
q4Mlppk,recHbkr4EiWvK5RWt,8.0,Passive,2025-11-24 11:37:00,2025-09-30,0,0.0,48880.0,Low,36-45,"50,000-99,999",Active,1
RGQQrqv,recK3HgNO1V4WGH0N,4.0,Detractor,2025-12-18 19:36:00,2025-09-30,0,0.0,31050.0,Low,18-25,"50,000-99,999",Active,1
A7W20Xo,recOlrLDHBQVth3kC,4.0,Detractor,2025-12-04 15:32:00,2025-09-30,0,0.0,28380.0,Low,26-35,"30,000-49,999",Active,1
vGzNDbg,recPJ9o99tVYispQZ,7.0,Passive,2025-10-07 17:44:00,2025-09-30,0,0.0,44590.0,Low,36-45,"50,000-99,999",Active,1
VLNlM8v,recTlpvmtFzaO3h46,10.0,Promoter,2025-10-07 23:31:00,2025-09-30,0,0.0,43680.0,Low,26-35,"30,000-49,999",Active,1
D4ooBjZ,recX2wYl1opByZ13V,10.0,Promoter,2025-12-18 17:23:00,2025-09-30,0,0.0,46530.0,Low,26-35,"Below 5,000",Active,1
aQ11azX,recg6rBma9O7Nfcps,10.0,Promoter,2025-12-18 19:10:00,2025-09-30,0,660.0,31680.0,Low,26-35,"10,000-19,999",Active,1
KYa4y4A,reclPck3Stqdec5gc,10.0,Promoter,2025-12-18 16:17:00,2025-09-30,0,0.0,49470.0,Low,18-25,"50,000-99,999",Active,1
kdv2Xqr,recn0s2LGmiDD6FvH,5.0,Detractor,2025-10-04 11:11:00,2025-09-30,0,0.0,0.0,Low,36-45,,Paid Off,1
jaX6gPa,recnkUWwpDKuU4eV7,10.0,Promoter,2025-12-04 15:39:00,2025-09-30,0,0.0,63820.0,Low,26-35,"100,000-149,999",Active,1
2EYzgYe,recrr8oE8u2j17ouD,2.0,Detractor,2025-12-18 15:58:00,2025-09-30,0,0.0,53060.0,Low,26-35,"50,000-99,999",Active,1
KYZ72oK,recvDazucywbN0XCG,10.0,Promoter,2025-11-25 14:28:00,2025-09-30,0,0.0,20250.0,Low,26-35,"30,000-49,999",Active,1
yP1Dp5B,recxJ0d4UTFWtONkY,0.0,Detractor,2025-10-08 07:34:00,2025-09-30,0,0.0,51000.0,Low,26-35,"100,000-149,999",Active,1
aQj5N62,rec7LQUYGR3mNH8Ip,6.0,Detractor,2025-08-19 18:11:00,,,,,,,,,1
rjJNjAl,recmt9V6tXdRpK6kE,5.0,Detractor,2025-09-20 07:06:00,,,,,,,,,1
yPr4jkd,reciobzXgfCiWruoG,10.0,Promoter,2025-12-04 18:45:00,,,,,,,,,1
J9rbZM7,rec81djKnzUdpvqDR,5.0,Detractor,2025-12-18 15:57:00,,,,,,,,,1
EkdB5G2,reclhzp1uGJgKYNvW,10.0,Promoter,2025-05-06 12:42:00,,,,,,,,,1
eq9Qy5o,recOcVxBp6o4GYmvI,10.0,Promoter,2025-08-28 14:43:00,,,,,,,,,1
QK8RKYA,recL2q1d02WGrJZFH,10.0,Promoter,2025-08-28 16:05:00,,,,,,,,,1
ZjPO9QA,recbb9TkU7QK6A0Tx,9.0,Promoter,2025-08-28 16:13:00,,,,,,,,,1
1AN8pk4,recLzUreTguwQbgJ1,8.0,Passive,2025-09-19 16:42:00,,,,,,,,,1
rjrLqxN,recfxXnoFRBDXGDO9,2.0,Detractor,2025-12-18 17:52:00,,,,,,,,,1
pbAW4R1,recohHGigsUoSW5ON,10.0,Promoter,2025-07-07 14:15:00,,,,,,,,,1
Npvo4WG,recHo6ycHpL3FUqlm,5.0,Detractor,2025-12-05 04:03:00,,,,,,,,,1
A7JD80N,recvRljV7xF6mH0R3,8.0,Passive,2025-07-07 13:55:00,,,,,,,,,1
WOoYvgQ,recyfZtkSSUhtqzhv,3.0,Detractor,2025-07-07 15:51:00,,,,,,,,,1
q4kOdJY,recaqQ8PRLtffzRbT,8.0,Passive,2025-09-23 03:56:00,,,,,,,,,1
0QlY9a0,reciMFVgp1M8nN1QL,6.0,Detractor,2025-11-05 19:39:00,,,,,,,,,1
dW17WLV,recX74UI2yuGLj6Zr,5.0,Detractor,2025-11-24 19:12:00,,,,,,,,,1
MeglMvX,recJK5Q4mptoTj4Rs,0.0,Detractor,2025-11-05 14:56:00,,,,,,,,,1
BzBNq07,recPftILOE2DUmBkF,10.0,Promoter,2025-07-22 15:12:00,,,,,,,,,1
b5ObZ9Z,recRcZ66lPIDJjLsL,6.0,Detractor,2025-07-22 16:21:00,,,,,,,,,1
A78Z0Go,recgpyE43PfSmMMLY,10.0,Promoter,2025-07-22 17:23:00,,,,,,,,,1
gDQdjAP,rec5crzUGZ2rrkegd,10.0,Promoter,2025-08-19 17:53:00,,,,,,,,,1
68WqVbk,recGJofzy23EByzSG,8.0,Passive,2025-09-19 13:38:00,,,,,,,,,1
Xx8jgkY,recX2wYl1opByZ13V,8.0,Passive,2025-09-19 13:44:00,,,,,,,,,1
2Eo44vj,recq8iqUnwMiq1VcF,10.0,Promoter,2025-10-07 18:08:00,,,,,,,,,1
yPRaaO8,recruemYAYm51f3o9,10.0,Promoter,2025-11-24 12:10:00,,,,,,,,,1
1Agq774,recF96Pk3raYDKzRY,10.0,Promoter,2025-12-03 07:06:00,,,,,,,,,1
rjE78oR,recQtMSX4Sseib9Yf,10.0,Promoter,2025-07-22 15:25:00,,,,,,,,,1
ja9GbGJ,recMgsRTZs6UdpQRz,10.0,Promoter,2025-08-13 09:58:00,,,,,,,,,1
gDQek1J,recIhvhUKyQtm2qGq,10.0,Promoter,2025-08-19 15:52:00,,,,,,,,,1
VL9QoZJ,reco5rM1hw32QEWas,9.0,Promoter,2025-08-19 19:49:00,,,,,,,,,1
WOlzkOe,recoTEhguiGXaU0o4,4.0,Detractor,2025-08-29 05:46:00,,,,,,,,,1
2E1xvDg,recPNc76dlOU49nlb,8.0,Passive,2025-09-08 17:16:00,,,,,,,,,1
xXRGLro,recSUGJriq1naP6hU,9.0,Promoter,2025-09-19 13:53:00,,,,,,,,,1
ja57Vj1,reczmdCEsi8fe1xHf,5.0,Detractor,2025-09-08 15:29:00,,,,,,,,,1
D4aNEPX,recXpZvv0q9N4iMEQ,10.0,Promoter,2025-10-07 16:06:00,,,,,,,,,1
QKM2XlG,recnoKCiqFeiWsmFx,7.0,Passive,2025-04-22 16:14:00,,,,,,,,,1
J9e7pdX,recQgXoeljD0U2yat,5.0,Detractor,2025-09-19 15:16:00,,,,,,,,,1
1ARlONW,recrIFC19uNRVLQa2,10.0,Promoter,2025-10-07 15:49:00,,,,,,,,,1
ODEzMQK,recAPYRMe8j7JPBE4,10.0,Promoter,2025-10-07 16:27:00,,,,,,,,,1
BzlRr6e,recFrJNOkCH2otVds,5.0,Detractor,2025-11-24 12:15:00,,,,,,,,,1
xXjxR5J,recPKFOtpkS0z9Kpp,10.0,Promoter,2025-04-22 15:41:00,,,,,,,,,1
WO0yVVk,recsJdWuyyaLbgtlv,,,2025-07-22 15:30:00,,,,,,,,,1
yP06BKg,rec9OHZXgBwAeWrbS,10.0,Promoter,2025-08-20 18:37:00,,,,,,,,,1
J9Vez17,recmQOnPhNgVn5MOv,10.0,Promoter,2025-08-22 19:06:00,,,,,,,,,1
1AOlpBp,recGNQz6vpzM6BPRJ,3.0,Detractor,2025-10-24 09:33:00,,,,,,,,,1
MePb7x0,recfN4EfWTB15mifI,5.0,Detractor,2025-10-24 09:35:00,,,,,,,,,1
68za2EN,recSpyDvwkYbY027u,4.0,Detractor,2025-12-03 07:08:00,,,,,,,,,1
5BojQgQ,recER4zNDoBpyRAP9,8.0,Passive,2025-12-04 15:47:00,,,,,,,,,1
yPDLjW8,recYpfLmldLd3H38I,4.0,Detractor,2025-07-22 14:22:00,,,,,,,,,1
5BE9Xyd,recGdVIAmsfdax5Ud,10.0,Promoter,2025-08-28 16:16:00,,,,,,,,,1
b5YaGq7,rec06Jw9u4LbqIul4,10.0,Promoter,2025-09-19 13:46:00,,,,,,,,,1
RGV1ByP,recRza7oacdyIOS0B,8.0,Passive,2025-09-25 12:56:00,,,,,,,,,1
vG2kx2A,recodkxBTyCUkjWGI,10.0,Promoter,2025-07-22 14:01:00,,,,,,,,,1
A7W255D,reci2QnSym6ZviCSr,7.0,Passive,2025-08-28 14:51:00,,,,,,,,,1
Y5V07yz,rec1ADBswb6wAytU7,10.0,Promoter,2025-08-28 15:19:00,,,,,,,,,1
yPoLNWW,recBhz402KMXsdJR4,10.0,Promoter,2025-09-19 15:19:00,,,,,,,,,1
vGz2JPQ,recoLCMAfVdIY3TmW,10.0,Promoter,2025-10-08 06:23:00,,,,,,,,,1
ob1jN0N,recQA7nXHOVdNxoJ3,9.0,Promoter,2025-11-24 11:56:00,,,,,,,,,1
GxjPWWo,recGYcUlCdLdLPbDF,5.0,Detractor,2025-12-02 18:49:00,,,,,,,,,1
2EbBVDA,rec7l9CvTskqdjM1c,5.0,Detractor,2025-08-19 16:10:00,,,,,,,,,1
aQZ46Mv,recObMVtL2N13CosM,9.0,Promoter,2025-08-28 16:56:00,,,,,,,,,1
KYWbZDk,recAZrIGiqbOQYlvq,9.0,Promoter,2025-09-19 17:26:00,,,,,,,,,1
1ApYADQ,recLIvNfsIwn7Obwd,1.0,Detractor,2025-09-25 14:38:00,,,,,,,,,1
rjY6p9L,recrLhfYw6M5cpxZA,5.0,Detractor,2025-10-07 15:56:00,,,,,,,,,1
kd1z4Dd,rec9pMsXGt8sRWm8h,4.0,Detractor,2025-11-21 16:32:00,,,,,,,,,1
Pdea50B,reciHJpf6svnHtZvp,10.0,Promoter,2025-11-25 09:50:00,,,,,,,,,1
dW4rMkK,recqcbXCLErxavU2E,9.0,Promoter,2025-12-03 05:43:00,,,,,,,,,1
GxjWGqk,recLPWucMl0xgANd0,9.0,Promoter,2025-12-03 05:43:00,,,,,,,,,1
pb68j9b,recQnyX0pyPCSLL25,2.0,Detractor,2025-12-03 09:52:00,,,,,,,,,1
81R1qzY,recaEixc1dCUxL9TR,3.0,Detractor,2025-09-20 16:13:00,,,,,,,,,1
aQGVM0Z,rec0AUa8GxoiY082u,3.0,Detractor,2025-07-22 15:35:00,2025-06-30,107,7120.0,7120.0,Critical,,,PAR 30,1
KYG6PJV,rec10s3BXqXGI0R6w,7.0,Passive,2025-10-07 15:11:00,2025-09-30,0,100.0,0.0,Low,,,Paid Off,1
KYG6G58,rec1JeJogv0cqJzMD,0.0,Detractor,2025-10-07 15:37:00,2025-09-30,515,27550.0,27550.0,Critical,,,Return,1
obDb54e,rec1tkmUdsfoPQS7O,3.0,Detractor,2025-06-01 15:52:00,2025-03-30,0,332.0,9712.0,Low,,,Active,1
rjEzaaM,rec3gUMeQnifHztnY,9.0,Promoter,2025-07-22 16:35:00,2025-06-30,199,71999.0,89779.0,Critical,,,PAR 30,1
Ek6PD5A,rec48Y6aXsP4yKgIn,0.0,Detractor,2025-10-07 18:30:00,2025-09-30,0,0.0,0.0,Low,,,Paid Off,1
GxgVPZj,rec7WhBGVftHCMlhK,4.0,Detractor,2025-11-05 19:32:00,2025-09-30,0,0.0,6480.0,Low,18-25,"Below 5,000",Active,1
rjBO152,rec9JO680RShmP9cf,7.0,Passive,2025-04-23 20:13:00,2025-03-30,488,100700.0,100700.0,Critical,,,PAR 30,1
rjYlqXX,rec9aeVGkdEwc9Ham,5.0,Detractor,2025-10-07 19:29:00,2025-09-30,0,10199.0,0.0,Low,,,Paid Off,1
kdYJk6o,recFLn5ZY4fivbBdO,10.0,Promoter,2025-11-15 14:06:00,2025-09-30,0,500.0,0.0,Low,,,Paid Off,1
aQ2GxNb,recHab0M881w73Wnt,9.0,Promoter,2025-05-22 06:08:00,2025-03-30,0,0.0,76830.0,Low,18-25,"150,000+",Active,1
Ekr920q,recKowGXYAA1TljFd,10.0,Promoter,2025-12-03 05:49:00,2025-09-30,338,72996.0,72996.0,Critical,26-35,,Return,1
xXoEljv,recLWQwXZ0FNVZczT,9.0,Promoter,2025-11-05 14:51:00,2025-09-30,251,59650.0,74860.0,Critical,26-35,"30,000-49,999",Return,1
Y5R5z1W,recMGSak3tQFTxJig,7.0,Passive,2025-04-22 19:09:00,2025-03-30,229,38280.0,54520.0,Critical,,,PAR 30,1
44O8Nd5,recNu73tmiYleRbYd,6.0,Detractor,2025-10-07 15:07:00,2025-09-30,0,600.0,0.0,Low,,,Paid Off,1
zxKdWK0,recQHdnTM71RBvtBP,5.0,Detractor,2025-06-30 09:29:00,2025-06-30,0,0.0,3200.0,Low,,,Active,1
0QkPDjZ,recQi0z4yg0K6Sl3H,10.0,Promoter,2025-10-08 06:33:00,2025-09-30,0,0.0,0.0,Low,,,Paid Off,1
Pd21POP,recRHHxGSZvfAyO7A,3.0,Detractor,2025-08-19 20:32:00,2025-06-30,232,40120.0,56640.0,Critical,,,FMD,1
jaoVa29,recR9BfSGqxMNBdoY,6.0,Detractor,2025-05-18 10:34:00,2025-03-30,0,1510.0,29590.0,Low,,,Active,1
RGa9jep,recUrjcqZdOy2yHqB,4.0,Detractor,2025-11-24 11:22:00,2025-09-30,241,41640.0,54730.0,Critical,26-35,"30,000-49,999",Return,1
dWpXA5r,recXdAG3va9PfYb1Q,0.0,Detractor,2025-11-05 14:11:00,2025-09-30,227,25740.0,25740.0,Critical,,,Return,1
jazyVd1,recYyTvL8l9qcrSFv,10.0,Promoter,2025-10-07 16:36:00,2025-09-30,0,0.0,0.0,Low,,,Paid Off,1
81rK0RY,recZAdXq7W0CSKRDt,10.0,Promoter,2025-10-07 17:03:00,2025-09-30,0,2380.0,15470.0,Low,26-35,"100,000-149,999",Active,1
A7NzYMy,recZkS2x2TwtW3hIH,10.0,Promoter,2025-12-04 09:42:00,2025-09-30,489,14540.0,14540.0,Critical,,,Return,1
81r8XOA,recehFNrndqRAZrWB,8.0,Passive,2025-10-08 16:15:00,2025-09-30,382,47960.0,47960.0,Critical,,,Return,1
zxb1J9a,recfGIhT94XRksd1J,2.0,Detractor,2025-10-18 14:02:00,2025-09-30,0,0.0,6100.0,Low,36-45,"150,000+",Active,1
rjY6lNX,recgETbvhq0X7V8R5,8.0,Passive,2025-10-07 14:43:00,2025-09-30,0,28560.0,0.0,Low,,,Paid Off,1
yP0N4qg,recgyqNv9TVrl6IG7,8.0,Passive,2025-08-19 14:37:00,2025-06-30,0,1339.0,10719.0,Low,,,Active,1
vGD58rv,recW8LK1T4RtzlgGC,9.0,Promoter,2025-05-18 08:56:00,2025-03-30,0,14550.0,14550.0,Low,,,Active,1
eqz6xQx,recc4f0SpTvrOWVLY,0.0,Detractor,2025-10-07 15:20:00,2025-09-30,0,0.0,0.0,Low,,,Paid Off,1
Xxrl9Yd,receZqSPKKw8UDIKZ,10.0,Promoter,2025-04-22 16:06:00,2025-03-30,0,40.0,22120.0,Low,,,Active,1
pbdGLaq,recguEeHJwcx7q86Q,10.0,Promoter,2025-04-25 11:45:00,2025-03-30,130,26600.0,67200.0,Critical,,,FMD,1
GxoKDdQ,recjoQx0lQThpGYbe,0.0,Detractor,2025-08-19 15:15:00,2025-06-30,150,14170.0,17520.0,Critical,,,Return,1
rjBypZN,reck6CILqLGLsGpKs,5.0,Detractor,2025-04-22 16:14:00,2025-03-30,4,2130.0,70290.0,Low,,,Inactive,1
q4aZ2DY,reclXY5kP7q2YS8na,7.0,Passive,2025-04-22 17:27:00,2025-03-30,0,0.0,18600.0,Low,,"5,000-9,999",Active,1
KYOLXDM,recnPnRd0SWb2mvlT,10.0,Promoter,2025-10-25 05:24:00,2025-09-30,0,0.0,11900.0,Low,18-25,,Active,1
81G4KVz,recoI5agE8YlEWNHl,10.0,Promoter,2025-07-30 14:51:00,2025-06-30,0,0.0,0.0,Low,,,Paid Off,1
xXMNWXG,rectJr6sSdfVpM6jb,0.0,Detractor,2025-05-06 11:41:00,2025-03-30,0,0.0,45210.0,Low,,,Active,1
MeDK74X,recu8gML0JT6Cd9ES,3.0,Detractor,2025-04-22 15:49:00,2025-03-30,0,0.0,18090.0,Low,26-35,,Active,1
VLq0K1M,recuhPVJjDlCcS59a,0.0,Detractor,2025-10-24 10:50:00,2025-09-30,0,0.0,5760.0,Low,36-45,"20,000-29,999",Active,1
gDdN2lP,recuvE3kDPUURmcex,6.0,Detractor,2025-05-06 12:06:00,2025-03-30,0,7160.0,37420.0,Low,,,Active,1
obajrqX,recwnhLBQEnFKdOiU,8.0,Passive,2025-12-02 14:05:00,2025-09-30,435,97249.0,97249.0,Critical,,,Return,1
J9dKgeY,recwqeSGspDARCPMk,6.0,Detractor,2025-04-22 16:14:00,2025-03-30,0,0.0,65860.0,Low,46-55,"150,000+",Active,1
eqDZkrE,rec3MGlYTgCEZkrxn,10.0,Promoter,2025-04-22 17:22:00,2025-03-30,0,0.0,73140.0,Low,46-55,"150,000+",Active,1
obGLkg5,rec4fLoer7gWDErnX,10.0,Promoter,2025-06-04 02:07:00,2025-03-30,37,6840.0,52440.0,High,18-25,"30,000-49,999",PAR 30,1
xXgRPqd,rec5dU8B2KAITbdZC,2.0,Detractor,2025-10-26 12:39:00,2025-09-30,0,0.0,33880.0,Low,36-45,"150,000+",Active,1
xXNyq7k,rec6WPNFocbZeU6xg,0.0,Detractor,2025-08-12 17:41:00,2025-06-30,0,0.0,37590.0,Low,26-35,"50,000-99,999",Active,1
2ElPMG9,recAGhXAJyxMM8dmY,2.0,Detractor,2025-09-15 08:39:00,2025-06-30,0,0.0,43200.0,Low,18-25,"20,000-29,999",Active,1
RGLpNg9,recBgl2tVQQydA9Tc,9.0,Promoter,2025-09-08 20:19:00,2025-06-30,0,0.0,37450.0,Low,36-45,"20,000-29,999",Active,1
KY85vyV,recCz1heG9HYapz1Z,10.0,Promoter,2025-08-28 14:18:00,2025-06-30,0,1380.0,46920.0,Low,26-35,"50,000-99,999",Active,1
zxNXaPZ,recD0N2I1Pl1uuNNJ,6.0,Detractor,2025-04-22 17:35:00,2025-03-30,0,0.0,49380.0,Low,,"10,000-19,999",Active,1
A7peNd0,recDzbomlKSbzFbvu,,,2025-05-18 08:24:00,2025-03-30,0,0.0,48590.0,Low,36-45,"30,000-49,999",Active,1
VLjEAOE,recFgufIW70gKSaF7,0.0,Detractor,2025-04-22 16:25:00,2025-03-30,0,0.0,40020.0,Low,18-25,"30,000-49,999",Active,1
VL4XRBg,recGXHC3dgrRBrwMp,10.0,Promoter,2025-09-25 14:31:00,2025-06-30,0,34999.0,0.0,Low,,,Return,1
dWaKjMo,recHTQUAVGEyOq62X,10.0,Promoter,2025-05-06 21:00:00,2025-03-30,0,0.0,47210.0,Low,36-45,"50,000-99,999",Active,1
xXNyPQ5,recHcg4W1CukUfbtP,7.0,Passive,2025-12-02 14:16:00,2025-09-30,0,5280.0,16720.0,Low,26-35,"20,000-29,999",Active,1
OD4x00a,recCczTOJIPXFDmeC,9.0,Promoter,2025-05-09 17:08:00,2025-03-30,25,3800.0,50000.0,Medium,26-35,"10,000-19,999",PAR 7,1
obgVkD1,recK3ObTlGnV82mox,9.0,Promoter,2025-10-25 16:03:00,2025-09-30,0,0.0,16880.0,Low,26-35,"20,000-29,999",Active,1
MeqxqY0,recKmDElDgdWRZSPC,8.0,Passive,2025-11-24 11:45:00,2025-09-30,0,0.0,29280.0,Low,18-25,"50,000-99,999",Active,1
eqA21jE,recMjzymoM2UHKX8R,,,2025-07-07 15:54:00,2025-06-30,0,0.0,55700.0,Low,26-35,"30,000-49,999",Active,1
Meb28Ap,recPbN2uTHboG9HOd,2.0,Detractor,2025-06-22 13:07:00,2025-03-30,0,0.0,44720.0,Low,26-35,"150,000+",Active,1
EkPWXZL,recQybtCvt0StsFRM,0.0,Detractor,2025-06-26 08:25:00,2025-03-30,0,0.0,55300.0,Low,26-35,"30,000-49,999",Active,1
VL5daXv,recRUS8soDvvZVj7U,1.0,Detractor,2025-06-11 14:20:00,2025-03-30,0,0.0,0.0,Low,26-35,,Paid Off,1
lbqDjEo,recShlFiTtZYUCtHZ,5.0,Detractor,2025-05-06 12:18:00,2025-03-30,0,0.0,80000.0,Low,26-35,"50,000-99,999",Active,1
VL9jJ5a,recT9wyWDK6Jeetgm,9.0,Promoter,2025-08-19 14:54:00,2025-06-30,91,27520.0,94500.0,Critical,,,FMD,1
xXZkP25,recWRnWE25sYXEhah,8.0,Passive,2025-07-23 04:29:00,2025-06-30,0,0.0,0.0,Low,26-35,"100,000-149,999",Paid Off,1
obD61R1,recYAvE5PT3yCiZDq,4.0,Detractor,2025-04-22 16:20:00,2025-03-30,0,0.0,26300.0,Low,18-25,"10,000-19,999",Active,1
44J1R4Y,recZdgjpHSMGIvbZr,3.0,Detractor,2025-05-06 14:29:00,2025-03-30,0,0.0,0.0,Low,18-25,"30,000-49,999",Paid Off,1
1ApoedW,recZvoGZe98Ddlntk,,,2025-09-26 05:34:00,2025-06-30,102,26079.0,45140.0,Critical,18-25,"30,000-49,999",Return,1
MeDerL8,recbEXnMkfDh1xQim,3.0,Detractor,2025-04-22 19:10:00,2025-03-30,0,0.0,48300.0,Low,36-45,"50,000-99,999",Active,1
KY0bjDX,recc7FpvepgeFwjtX,10.0,Promoter,2025-07-22 15:33:00,2025-06-30,0,0.0,33000.0,Low,26-35,"50,000-99,999",Active,1
GxK9jKp,recf7G4XBpEuEMUAx,3.0,Detractor,2025-04-23 15:49:00,2025-03-30,3,1140.0,47880.0,Low,18-25,"20,000-29,999",Inactive,1
pbyPa6E,recWpWUit7YiqlUlA,8.0,Passive,2025-05-06 12:05:00,2025-03-30,0,0.0,62040.0,Low,26-35,"5,000-9,999",Active,1
MeDK2R8,recYbbreaZ4DitlYy,6.0,Detractor,2025-04-22 16:37:00,2025-03-30,0,0.0,41410.0,Low,26-35,"50,000-99,999",Active,1
kd9dGze,reckbehUC2YbV18C0,10.0,Promoter,2025-04-22 18:09:00,2025-03-30,0,0.0,49700.0,Low,26-35,"30,000-49,999",Active,1
EkQVeXo,recmgIEV4pqOpqFRY,1.0,Detractor,2025-07-22 17:08:00,2025-06-30,108,23520.0,69090.0,Critical,18-25,"20,000-29,999",PAR 30,1
WOEpyjj,recnTZ2X5PdInwDeq,8.0,Passive,2025-05-06 12:04:00,2025-03-30,0,0.0,59180.0,Low,26-35,"30,000-49,999",Active,1
kd996dZ,recoDanq8k5jjUpyc,8.0,Passive,2025-04-23 09:51:00,2025-03-30,0,0.0,43800.0,Low,18-25,"10,000-19,999",Active,1
GxjGlJ2,recoJRfQBLAQ3bFfj,10.0,Promoter,2025-12-02 14:38:00,2025-09-30,0,0.0,29105.0,Low,36-45,"150,000+",Active,1
68RErJ5,recoo2Y4e0JzBZfks,8.0,Passive,2025-12-02 14:07:00,2025-09-30,0,0.0,17050.0,Low,46-55,"20,000-29,999",Active,1
kdOZ0BM,recpCxshrJu60TDJZ,5.0,Detractor,2025-08-30 08:38:00,2025-06-30,0,0.0,23126.0,Low,36-45,"30,000-49,999",Active,1
zx1aZ80,recqnlgVpBmfOqlCa,3.0,Detractor,2025-09-27 08:04:00,2025-06-30,173,59919.0,90779.0,Critical,,"50,000-99,999",Return,1
jazyGdQ,recrBKDOXsweoHEqx,10.0,Promoter,2025-10-07 15:18:00,2025-09-30,0,0.0,0.0,Low,46-55,,Paid Off,1
VLjEALJ,reckiVrQkFIioiJEJ,10.0,Promoter,2025-04-22 16:20:00,2025-03-30,0,0.0,64680.0,Low,26-35,"100,000-149,999",Active,1
ODrzyBK,recnskub8CcSkcnrt,7.0,Passive,2025-10-24 10:02:00,2025-09-30,0,0.0,20060.0,Low,36-45,"20,000-29,999",Active,1
eqRjqDJ,recoL7Nev6OtG283P,8.0,Passive,2025-06-03 02:10:00,2025-03-30,0,0.0,66630.0,Low,26-35,"10,000-19,999",Active,1
9q9J8E1,recsVEUVVMKZIgokD,,,2025-05-06 11:51:00,2025-03-30,5,300.0,34500.0,Low,46-55,"50,000-99,999",Inactive,1
pbAZ2eV,recsZiZDADkFgUcoU,3.0,Detractor,2025-07-09 12:28:00,2025-06-30,0,0.0,62900.0,Low,26-35,"50,000-99,999",Active,1
VLN00bg,rect5BpHLRHHJ1biS,3.0,Detractor,2025-10-07 14:37:00,2025-09-30,7,2570.0,26870.0,Medium,,"5,000-9,999",Inactive,1
PdEYW71,recuNV9t7uX15LEYm,3.0,Detractor,2025-07-07 15:01:00,2025-06-30,6,1590.0,58830.0,Low,26-35,"30,000-49,999",Inactive,1
1AKvqR4,recvO82FHLw3j9c2M,8.0,Passive,2025-07-07 15:46:00,2025-06-30,0,0.0,33670.0,Low,18-25,"20,000-29,999",Active,1
5B4BRKZ,recz5rSn8e60eMkhM,9.0,Promoter,2025-04-22 21:22:00,2025-03-30,0,0.0,28580.0,Low,,"10,000-19,999",Active,1
aQrDPQW,reczPvgl7PWCNNocx,,,2025-08-12 21:40:00,2025-06-30,0,0.0,43900.0,Low,36-45,"100,000-149,999",Active,1
Y5oKd0q,recyeJLZdsRrMqXXx,10.0,Promoter,2025-08-25 01:57:00,2025-06-30,41,5430.0,37280.0,High,36-45,"20,000-29,999",PAR 30,1
Gx08pzo,reczG8H0AY6VxGIxN,0.0,Detractor,2025-07-22 16:42:00,2025-06-30,0,0.0,61200.0,Low,26-35,"100,000-149,999",Active,1
Bz0ARb1,rec3C5WH78yK9Ba2S,0.0,Detractor,2025-10-01 07:57:00,2025-09-30,0,0.0,28340.0,Low,18-25,"10,000-19,999",Active,1
pbR7NBE,rec3YVNBYbNvcAN9Q,3.0,Detractor,2025-09-08 15:07:00,2025-06-30,0,0.0,46920.0,Low,26-35,"20,000-29,999",Active,1
68xoyQo,rec3scoJ7SHTTTre0,6.0,Detractor,2025-07-22 15:02:00,2025-06-30,0,0.0,19870.0,Low,26-35,"10,000-19,999",Active,1
q4BXqRY,rec4wZSAvf22Eu6Ou,0.0,Detractor,2025-07-10 17:15:00,2025-06-30,0,0.0,60180.0,Low,26-35,"150,000+",Active,1
KYo8eog,rec57sbHkkxMHIydU,4.0,Detractor,2025-07-08 04:23:00,2025-06-30,0,0.0,55000.0,Low,26-35,"20,000-29,999",Active,1
kdAW9oR,recEC6jOo7uJHUqzY,0.0,Detractor,2025-07-07 13:21:00,2025-06-30,0,1030.0,49440.0,Low,26-35,"100,000-149,999",Active,1
aQKkkvb,recFWH10bW5elyQk2,5.0,Detractor,2025-09-10 03:39:00,2025-06-30,0,0.0,96360.0,Low,26-35,"50,000-99,999",Active,1
MeJY66l,recFr74k3OoH1AzBb,8.0,Passive,2025-08-04 10:20:00,2025-06-30,0,0.0,27084.0,Low,26-35,"30,000-49,999",Active,1
Me5BLal,recHbqeC4YMs2vgPq,9.0,Promoter,2025-07-22 13:49:00,2025-06-30,0,0.0,41650.0,Low,18-25,"30,000-49,999",Active,1
obOWQrO,recJ7Ulc7K9EnM41v,10.0,Promoter,2025-07-22 15:01:00,2025-06-30,0,0.0,56640.0,Low,26-35,"5,000-9,999",Active,1
Npdoo1O,recJXj0QWid6mpB8r,5.0,Detractor,2025-09-29 08:41:00,2025-06-30,0,0.0,46330.0,Low,18-25,"10,000-19,999",Active,1
LZGJp4O,recKNT9sFj6eYq989,5.0,Detractor,2025-07-07 16:32:00,2025-06-30,0,0.0,93530.0,Low,36-45,"100,000-149,999",Active,1
44kodvA,recICbsFSOjveB9uK,10.0,Promoter,2025-07-07 17:47:00,2025-06-30,0,0.0,39900.0,Low,26-35,"20,000-29,999",Active,1
ja59JOJ,recOloNVdvOgr1irf,9.0,Promoter,2025-09-08 17:37:00,2025-06-30,0,0.0,37750.0,Low,18-25,"10,000-19,999",Active,1
q4BWVBG,recRs0YUs7mhzk2v0,10.0,Promoter,2025-07-07 13:34:00,2025-06-30,0,0.0,33880.0,Low,26-35,"5,000-9,999",Active,1
b5z78A6,recSsC9Ak2jjYjZ6s,10.0,Promoter,2025-10-07 15:03:00,2025-09-30,0,0.0,0.0,Low,,,Paid Off,1
GxVaVxp,recT4GMLHUdREa7DW,4.0,Detractor,2025-12-18 16:03:00,2025-09-30,0,0.0,39060.0,Low,26-35,"20,000-29,999",Active,1
MeVbk2E,recWX90V19DskyGw5,5.0,Detractor,2025-10-07 17:08:00,2025-09-30,0,0.0,87870.0,Low,26-35,,Active,1
2EkDZyV,recWcbIEUkyWDUgib,0.0,Detractor,2025-07-08 19:11:00,2025-06-30,0,0.0,77080.0,Low,26-35,"30,000-49,999",Active,1
WOqNzxJ,recXJDDrw83Ow7gFn,10.0,Promoter,2025-10-07 14:31:00,2025-09-30,10,1540.0,22330.0,Medium,18-25,"5,000-9,999",PAR 7,1
Ek1D5yX,reccXaRYHRU6AdvB7,10.0,Promoter,2025-07-07 13:18:00,2025-06-30,0,1300.0,65000.0,Low,26-35,"30,000-49,999",Active,1
jarr8V6,recckKGl9zQXUMmPe,10.0,Promoter,2025-12-18 20:32:00,2025-09-30,0,0.0,24420.0,Low,,"5,000-9,999",Active,1
obBvrd1,recd1SqiEv2yRpHyo,8.0,Passive,2025-07-09 03:22:00,2025-06-30,1,640.0,31000.0,High,26-35,"50,000-99,999",PAR 30,1
obKVKvX,recYCGwGitCKN0E3N,0.0,Detractor,2025-09-08 17:29:00,2025-06-30,0,0.0,47620.0,Low,26-35,"10,000-19,999",Active,1
XxqXQ7d,recfp0TxPzWVvLnRE,10.0,Promoter,2025-07-22 14:40:00,2025-06-30,4,1300.0,54600.0,Low,26-35,"Below 5,000",Inactive,1
44D6QrO,recgM5WZ8cyp8ZJiy,,,2025-12-02 14:16:00,2025-09-30,0,0.0,19250.0,Low,46-55,"Below 5,000",Active,1
QKrY0Ml,rechWRnMC892i5xj3,1.0,Detractor,2025-11-05 15:49:00,2025-09-30,0,0.0,22330.0,Low,,"50,000-99,999",Active,1
xXQyN6J,reck1ZRX7xHDdWmth,9.0,Promoter,2025-07-07 14:14:00,2025-06-30,0,0.0,50490.0,Low,36-45,"30,000-49,999",Active,1
ODj4lWg,reck1ax6ThPKihutp,3.0,Detractor,2025-08-19 18:21:00,2025-06-30,0,0.0,58080.0,Low,26-35,"50,000-99,999",Active,1
GxqxBgQ,reckcuQhdME0hQNX6,10.0,Promoter,2025-09-13 15:14:00,2025-06-30,0,0.0,29600.0,Low,26-35,"150,000+",Active,1
1AYzz6W,reckfXXaVQmtk3hrJ,6.0,Detractor,2025-12-18 15:59:00,2025-09-30,0,0.0,37700.0,Low,26-35,"30,000-49,999",Active,1
7RD94Q9,recm8Feqm8KbX364E,5.0,Detractor,2025-07-07 20:06:00,2025-06-30,0,0.0,63600.0,Low,26-35,"150,000+",Active,1
q4BKXp8,recdqDGI5C65WcK55,8.0,Passive,2025-07-07 18:10:00,2025-06-30,0,0.0,38400.0,Low,26-35,"20,000-29,999",Active,1
7RDv58z,recibILjq15EyKNgv,10.0,Promoter,2025-07-07 14:54:00,2025-06-30,0,0.0,51840.0,Low,18-25,"10,000-19,999",Active,1
81k8Ax5,reclAv7nGHIK05H4I,6.0,Detractor,2025-07-07 14:20:00,2025-06-30,0,0.0,71910.0,Low,18-25,"50,000-99,999",Active,1
ZjVYYRA,reclFOKkJUYAzxFmN,10.0,Promoter,2025-07-07 13:59:00,2025-06-30,0,0.0,56870.0,Low,18-25,"5,000-9,999",Active,1
D41gQJZ,recf9imF5MqgeF333,8.0,Passive,2025-07-13 05:18:00,2025-06-30,0,0.0,59700.0,Low,46-55,"30,000-49,999",Active,1
2EkvJrL,recgQl1hMAnIDRmJ4,,,2025-07-07 14:01:00,2025-06-30,0,0.0,73500.0,Low,26-35,"20,000-29,999",Active,1
VLDANDj,recnleInT3bKjA3mM,4.0,Detractor,2025-10-02 15:32:00,2025-09-30,0,0.0,45500.0,Low,26-35,"50,000-99,999",Active,1
zxABNRM,recpuRKeUo1NALQzz,1.0,Detractor,2025-12-18 22:14:00,2025-09-30,0,0.0,52470.0,Low,18-25,"30,000-49,999",Active,1
MeLbd00,recpzobnIbnzxnJ0a,8.0,Passive,2025-07-25 07:27:00,2025-06-30,0,0.0,82260.0,Low,26-35,"100,000-149,999",Active,1
pbPWD7b,recq3GWXnxhWWRPQF,9.0,Promoter,2025-08-12 15:09:00,2025-06-30,0,0.0,41800.0,Low,,,Active,1
EkGGW9B,recrTfQBt1tRHhOCF,8.0,Passive,2025-12-18 17:49:00,2025-09-30,0,0.0,26640.0,Low,26-35,"100,000-149,999",Active,1
vGpVq7v,recsE19Tkmx7cfcHL,10.0,Promoter,2025-11-05 14:44:00,2025-09-30,0,0.0,34680.0,Low,26-35,"30,000-49,999",Active,1
5BkvlEE,recu8Upf2WMKCRCbT,10.0,Promoter,2025-07-07 14:13:00,2025-06-30,0,40499.0,0.0,Low,,,Paid Off,1
zxWybza,recrWn5ty2dP28H5G,9.0,Promoter,2025-08-28 14:37:00,2025-06-30,0,0.0,62400.0,Low,26-35,"50,000-99,999",Active,1
81eOgYP,recswQbjJ4POjJ9PJ,10.0,Promoter,2025-07-22 15:09:00,2025-06-30,0,0.0,33880.0,Low,18-25,"10,000-19,999",Active,1
PdEeLjb,rectdoklk8Gpnso58,10.0,Promoter,2025-07-10 08:18:00,2025-06-30,0,0.0,63240.0,Low,26-35,"150,000+",Active,1
GxBYbZL,recufXiWygvZ27xH9,7.0,Passive,2025-08-13 11:59:00,2025-06-30,0,0.0,46330.0,Low,26-35,"30,000-49,999",Active,1
Gx4PMKO,recvWUgEcg1kRyAKB,10.0,Promoter,2025-11-24 12:17:00,2025-09-30,28,3700.0,31080.0,Medium,36-45,"10,000-19,999",PAR 7,1
xX0pBjv,recvvO4j1Vf7cNXX0,5.0,Detractor,2025-08-20 17:32:00,2025-06-30,0,0.0,36100.0,Low,26-35,"10,000-19,999",Active,1
RGQNrpj,recw4ONirCQHTqJoX,8.0,Passive,2025-12-19 20:02:00,2025-09-30,0,0.0,26230.0,Low,26-35,"20,000-29,999",Active,1
D4Z99aE,recx7dUhfRBWN17Ue,10.0,Promoter,2025-09-25 13:49:00,2025-06-30,0,0.0,0.0,Low,26-35,,Paid Off,1
XxGOY1V,recxXlACbsywELfcN,10.0,Promoter,2025-07-08 05:45:00,2025-06-30,0,0.0,47510.0,Low,18-25,"50,000-99,999",Active,1
44NvBkA,recySsZRltsCMakEf,10.0,Promoter,2025-08-12 14:55:00,2025-06-30,0,0.0,49400.0,Low,26-35,"30,000-49,999",Active,1
5Bkvv1d,recyY4gKHAIbGaLiE,10.0,Promoter,2025-07-07 14:00:00,2025-06-30,0,0.0,30970.0,Low,18-25,"10,000-19,999",Active,1
44Db6Bo,recz0gRvEum7Dmfvp,7.0,Passive,2025-12-02 13:41:00,2025-09-30,0,0.0,19250.0,Low,26-35,"100,000-149,999",Active,1
obzvllM,rec0IKT43b6nSwiD6,0.0,Detractor,2025-10-10 04:44:00,2025-09-30,0,2210.0,101660.0,Low,36-45,"10,000-19,999",Active,1
9q1vD6Q,recvcjzoQpw9BU7EW,8.0,Passive,2025-07-07 13:38:00,2025-06-30,0,0.0,39100.0,Low,26-35,"20,000-29,999",Active,1
A7Ab1PW,recw9J25WNvk4UER5,8.0,Passive,2025-09-08 19:17:00,2025-06-30,7,2220.0,55500.0,Medium,18-25,"5,000-9,999",Inactive,1
vG1lvz8,rec68LtAAY3PB5eZQ,7.0,Passive,2025-11-24 17:49:00,2025-09-30,0,0.0,40040.0,Low,26-35,"10,000-19,999",Active,1
1AE8Y8g,rec7Uv0ujbX8YVzSB,9.0,Promoter,2025-11-05 15:12:00,2025-09-30,0,0.0,28000.0,Low,26-35,"10,000-19,999",Active,1
pbzK56y,rec9uezPOYeTYk2pA,8.0,Passive,2025-10-07 15:49:00,2025-09-30,0,0.0,52020.0,Low,36-45,"150,000+",Active,1
2EZz1l9,recAwKu6vY6DKm1ev,10.0,Promoter,2025-11-05 14:44:00,2025-09-30,0,0.0,77500.0,Low,26-35,,Active,1
D4orMlq,recCGoGXWotHLKAQS,0.0,Detractor,2025-12-21 11:28:00,2025-09-30,0,0.0,55390.0,Low,36-45,"10,000-19,999",Active,1
7Rz6gP0,recOY0lrSLXii2GBP,10.0,Promoter,2025-11-25 08:01:00,2025-09-30,49,11270.0,66260.0,High,26-35,"30,000-49,999",PAR 30,1
9q4dM2G,recObEKKdlPNVMI8h,7.0,Passive,2025-10-07 19:15:00,2025-09-30,0,0.0,53550.0,Low,36-45,"5,000-9,999",Active,1
1AxYRbM,recOjdBcktU5vdq6d,8.0,Passive,2025-11-05 18:23:00,2025-09-30,0,0.0,28670.0,Low,36-45,"10,000-19,999",Active,1
xXLWk4k,recTKRuxsIYhdsrYP,1.0,Detractor,2025-12-02 14:02:00,2025-09-30,0,0.0,63000.0,Low,26-35,"5,000-9,999",Active,1
GxVVKyj,recTKtbUTdidWwchf,9.0,Promoter,2025-12-18 17:32:00,2025-09-30,0,0.0,20700.0,Low,18-25,"20,000-29,999",Active,1
2EYzd9V,recUuLe9KNHZD6Mql,1.0,Detractor,2025-12-18 16:12:00,2025-09-30,0,0.0,19288.0,Low,26-35,"50,000-99,999",Active,1
ODgK1kY,recebN7BCfVtGXLTO,10.0,Promoter,2025-11-05 13:18:00,2025-09-30,0,0.0,61180.0,Low,26-35,"5,000-9,999",Active,1
44D562d,recodkxBTyCUkjWGI,10.0,Promoter,2025-12-03 05:41:00,2025-09-30,1,2749.0,81799.0,Low,36-45,"50,000-99,999",FPD,1
Ekgrjgo,recpOlPJmRO4cIuJP,0.0,Detractor,2025-11-05 13:15:00,2025-09-30,0,0.0,71400.0,Low,26-35,,Active,1
VLAdJKl,recqShWkmwl9ip9n7,4.0,Detractor,2025-11-22 07:34:00,2025-09-30,0,0.0,45540.0,Low,26-35,"30,000-49,999",Active,1
1AxzbVl,recufCwG0u9Lhiy0e,9.0,Promoter,2025-11-05 14:34:00,2025-09-30,0,0.0,48600.0,Low,26-35,"20,000-29,999",Active,1
obO4dE1,recxyEvBbPJDYhlwj,9.0,Promoter,2025-12-18 15:36:00,2025-09-30,0,0.0,49350.0,Low,26-35,"50,000-99,999",Active,1
VL1VRd6,reco6hW3HF8USZ7Gf,6.0,Detractor,2025-08-21 05:28:00,,,,,,,,,1
9qReVB5,recfCBESrpgeCtYH4,10.0,Promoter,2025-09-19 14:37:00,,,,,,,,,1
7Rj67j0,rec6Qeym0ZeXfzhh3,10.0,Promoter,2025-10-29 16:55:00,,,,,,,,,1
KYeQrDK,receTGfd7PPXJoPGO,8.0,Passive,2025-04-22 16:51:00,,,,,,,,,1
68AOyv5,recAo04cPCh7dYBcM,2.0,Detractor,2025-09-08 14:54:00,,,,,,,,,1
MevdOg0,recOcVxBp6o4GYmvI,10.0,Promoter,2025-09-08 16:53:00,,,,,,,,,1
J9eyvGR,rec7D9CNcNbJyjCwe,10.0,Promoter,2025-09-19 14:17:00,,,,,,,,,1
BzYqOvK,recRipkFpyPVsjXPh,10.0,Promoter,2025-12-18 17:04:00,,,,,,,,,1
VLlv20a,recY6BadtiKsfJbE5,10.0,Promoter,2025-07-08 12:51:00,,,,,,,,,1
EkLqWg2,rec6nmtWAgRZB9hkc,9.0,Promoter,2025-07-23 16:31:00,,,,,,,,,1
D4xQ12N,recGhRqx1VbvXWrmz,8.0,Passive,2025-09-19 15:48:00,,,,,,,,,1
jaxNdk6,reckA8b1Daay2yn8w,3.0,Detractor,2025-07-22 16:08:00,,,,,,,,,1
xX9DGVd,recp6gVUtNTOllPck,10.0,Promoter,2025-08-28 19:27:00,,,,,,,,,1
vGrj6Yd,recNcTb6N6fAoAhm8,10.0,Promoter,2025-04-22 16:42:00,,,,,,,,,1
Y5zrLkv,recUTjw1uSN1GFJO3,8.0,Passive,2025-08-12 14:28:00,,,,,,,,,1
kdkPlD6,rec2XJNFPl4voNZwH,2.0,Detractor,2025-09-26 06:47:00,,,,,,,,,1
0QkPKYN,rec6ozqbzjHbl05ei,10.0,Promoter,2025-10-08 08:28:00,,,,,,,,,1
RGgQdE9,rec1qVcGLCE8PfsEh,,,2025-11-05 16:45:00,,,,,,,,,1
1Ad25kM,recLZkFarjG91ywaX,3.0,Detractor,2025-05-06 11:05:00,,,,,,,,,1
Pd4EPae,recn6ySGK2jWQGTZG,3.0,Detractor,2025-10-24 16:37:00,,,,,,,,,1
LZN2oGG,recZk5wYBexKOl3f3,9.0,Promoter,2025-11-24 11:24:00,,,,,,,,,1
81yl5AP,recLpuWLAeCo8tUcC,10.0,Promoter,2025-11-24 11:37:00,,,,,,,,,1
VLBeNQJ,rec5qfjSCafQGMUOu,2.0,Detractor,2025-12-02 15:46:00,,,,,,,,,1
q4P2aqG,recg8j7H6HmvN53QB,,,2025-07-22 21:15:00,,,,,,,,,1
xXNyQad,recoTEhguiGXaU0o4,7.0,Passive,2025-08-12 15:34:00,,,,,,,,,1
lbVOzpN,reciMJHEFw4JDkt6T,9.0,Promoter,2025-08-28 18:07:00,,,,,,,,,1
ODdBEqa,recY74gJWFpnH9OzC,7.0,Passive,2025-09-08 17:48:00,,,,,,,,,1
PdgLz8V,rec0Y5NXlNNlCeHlo,10.0,Promoter,2025-11-05 13:52:00,,,,,,,,,1
2Eypo0g,recta2bcaa1uDJ3QR,7.0,Passive,2025-11-24 17:22:00,,,,,,,,,1
68zaeV5,recJp81qPDWATyjUb,5.0,Detractor,2025-12-03 06:43:00,,,,,,,,,1
0Qb7Azy,recLaYDlsJMmtwAF1,10.0,Promoter,2025-08-19 16:04:00,,,,,,,,,1
q4Ya2xk,reccduJcXVqYjEfc5,9.0,Promoter,2025-08-19 17:40:00,,,,,,,,,1
1AN8YdW,recXEuwaqNAuaTt9B,5.0,Detractor,2025-09-19 17:35:00,,,,,,,,,1
ODEzVEk,recgSzfmR0lkqUKIp,10.0,Promoter,2025-10-07 15:47:00,,,,,,,,,1
obajJ6O,rec3dMHrZqjZI79xv,8.0,Passive,2025-12-02 13:47:00,,,,,,,,,1
zxZ5D91,recGbpNMgLaZWAjHv,1.0,Detractor,2025-07-30 14:49:00,,,,,,,,,1
44AoljO,reccM6dF8KBAbpK0h,10.0,Promoter,2025-09-08 15:15:00,,,,,,,,,1
pbR0ARy,rec9hSC3TKes5wBzD,7.0,Passive,2025-09-08 20:39:00,,,,,,,,,1
A70NLYD,recnDn9MUiwA74CBv,10.0,Promoter,2025-11-05 13:57:00,,,,,,,,,1
2EB89OM,recjh5lGq672scSza,1.0,Detractor,2025-04-22 16:51:00,,,,,,,,,1
rjarQMp,recb0AUkHgdl8XtvI,10.0,Promoter,2025-05-06 11:23:00,,,,,,,,,1
b529dMo,recYH2HUrjbtXHEdE,10.0,Promoter,2025-08-19 14:50:00,,,,,,,,,1
MerbzPY,recYH2HUrjbtXHEdE,10.0,Promoter,2025-08-20 15:53:00,,,,,,,,,1
b5NdY00,recj7CI64h33uICSb,7.0,Passive,2025-08-29 04:23:00,,,,,,,,,1
VLv2Jyg,rec43kJOIvArTnLxp,5.0,Detractor,2025-09-12 16:11:00,,,,,,,,,1
rjb4kj5,recufebWuUmEDIYRs,9.0,Promoter,2025-12-02 15:36:00,,,,,,,,,1
J9ZQ8zK,receN1SZ1jAhHlEJO,6.0,Detractor,2025-12-02 18:54:00,,,,,,,,,1
zxNyEa8,recjo66ws3ngu5MbQ,10.0,Promoter,2025-04-23 13:26:00,,,,,,,,,1
vGqe7oD,recpMcDMScYLC47Ob,10.0,Promoter,2025-09-08 17:09:00,,,,,,,,,1
7ROLv22,recfH1SwbaxOmRkHw,8.0,Passive,2025-12-04 14:56:00,,,,,,,,,1
rjJXgav,recAQXHE5P9XNQJuw,3.0,Detractor,2025-09-19 13:40:00,,,,,,,,,1
PdboqQe,recxEtKrHq2lqR9PQ,10.0,Promoter,2025-09-19 14:21:00,,,,,,,,,1
q4P6O75,rechq9yVdWOJzeqdL,10.0,Promoter,2025-07-22 13:51:00,,,,,,,,,1
Gx0W7Pj,recTpaL4p99XZDEOu,8.0,Passive,2025-07-22 14:45:00,,,,,,,,,1
b54rW4e,recPrbeVIn09yZ9dN,7.0,Passive,2025-08-12 15:08:00,,,,,,,,,1
RGBYaDQ,recY64qRVhflvjDJT,10.0,Promoter,2025-08-12 16:53:00,,,,,,,,,1
Ek8dj44,rec154vNyaCSyaVEH,8.0,Passive,2025-08-28 16:03:00,,,,,,,,,1
RG8oG69,recDOIqUN6QJp3HkE,10.0,Promoter,2025-08-28 16:07:00,,,,,,,,,1
ODoK1D8,recWl6gdIUHnjBEwT,10.0,Promoter,2025-09-25 11:49:00,,,,,,,,,1
ODZKr6R,recdfTWBhB0usoYJw,5.0,Detractor,2025-12-18 18:54:00,,,,,,,,,1
XxEPqVe,recB9PleUgyuwksIH,10.0,Promoter,2025-07-30 15:08:00,,,,,,,,,1
zxWypP0,recVtWOJHAqYZhrpO,10.0,Promoter,2025-08-28 16:00:00,,,,,,,,,1
Me7lOPY,recmCH5jwOxjUhpTO,1.0,Detractor,2025-09-25 12:37:00,,,,,,,,,1
q4kQK0g,recPDDQqj4i7oRjun,10.0,Promoter,2025-09-25 18:32:00,,,,,,,,,1
obzAV5O,recnTnz90DronJAQ6,10.0,Promoter,2025-10-07 18:43:00,,,,,,,,,1
Y5vAqRB,rec7MJbEJm8x7d1T0,9.0,Promoter,2025-11-24 11:25:00,,,,,,,,,1
ZjKBAJ5,recIUPgTAyVvSWm5n,10.0,Promoter,2025-11-24 11:53:00,,,,,,,,,1
pbXyjAq,recH8XcUKM7yzdQky,10.0,Promoter,2025-12-04 16:53:00,,,,,,,,,1
XxRGkoe,rec0LwnoHLgZLNL3t,6.0,Detractor,2025-08-21 03:54:00,,,,,,,,,1
jaJKXe4,recSoyZ5BfRvhCsGo,9.0,Promoter,2025-09-19 14:01:00,,,,,,,,,1
7RpqP5R,recuOQwh4mao2Kw2k,10.0,Promoter,2025-09-21 08:47:00,,,,,,,,,1
ZjZXVQ0,recCGoGXWotHLKAQS,5.0,Detractor,2025-09-25 12:36:00,,,,,,,,,1
RG1KY74,rec7RQ1KyV5QxJjBh,10.0,Promoter,2025-12-03 17:38:00,,,,,,,,,1
GxbraJo,rec4fZqbuemGwnwZF,10.0,Promoter,2025-10-07 19:59:00,2025-09-30,0,500.0,0.0,Low,,,Paid Off,1
obzAqrN,rec8NHu37lmoMI43M,8.0,Passive,2025-10-07 20:52:00,2025-09-30,0,0.0,0.0,Low,26-35,,Paid Off,1
ZjgXPNV,rec9C15v63cBxst4l,0.0,Detractor,2025-11-05 14:40:00,2025-09-30,309,43090.0,43090.0,Critical,18-25,,Return,1
rjY6vBv,recACZXbkqh68lAhg,10.0,Promoter,2025-10-07 15:35:00,2025-09-30,0,0.0,5530.0,Low,18-25,"30,000-49,999",Active,1
LZgBy7O,recC57KkhA3oiibe3,3.0,Detractor,2025-11-05 15:14:00,2025-09-30,234,50110.0,60540.0,Critical,26-35,"50,000-99,999",Return,1
PdgLOrV,recCqT6Q57E3FEaIK,1.0,Detractor,2025-11-05 13:52:00,2025-09-30,747,58390.0,58390.0,Critical,18-25,,Return,1
D4egxRX,recCsoe1WnwKF6Fdr,10.0,Promoter,2025-07-22 18:09:00,2025-06-30,0,4480.0,6280.0,Low,,,Active,1
VLdXPQ6,recDMBIh5xpO7xNjI,9.0,Promoter,2025-11-05 13:45:00,2025-09-30,0,0.0,7040.0,Low,36-45,"5,000-9,999",Active,1
J9ojLV4,recEb7cszMpBikyiI,10.0,Promoter,2025-10-12 13:53:00,2025-09-30,0,0.0,0.0,Low,,,Paid Off,1
44xqqRo,recEmhLuKhmOsEqGl,0.0,Detractor,2025-06-11 13:54:00,2025-03-30,0,1917.0,1917.0,Low,,,Active,1
Pdg2W5d,recGCz3zK0Ju1Cc1I,5.0,Detractor,2025-11-03 09:36:00,2025-09-30,0,12700.0,12700.0,Low,,"30,000-49,999",Active,1
b5LE7No,recGf8FMJkMC7AcSj,8.0,Passive,2025-07-29 16:18:00,2025-06-30,0,0.0,37583.0,Low,36-45,"150,000+",Active,1
81rdoPr,recJIRNmgYvRsLNab,10.0,Promoter,2025-10-07 17:12:00,2025-09-30,0,38450.0,0.0,Low,,,Paid Off,1
eqjX1bo,recJPI0lsepg5qTwX,10.0,Promoter,2025-12-02 14:05:00,2025-09-30,2,1620.0,21060.0,Low,26-35,"50,000-99,999",Inactive,1
WOqA4lQ,recJRsvHwjCp02TGI,10.0,Promoter,2025-10-07 20:59:00,2025-09-30,0,100.0,0.0,Low,,,Paid Off,1
WOkLOWJ,recJTxQLG2QZdtKrD,10.0,Promoter,2025-12-02 17:28:00,2025-09-30,0,0.0,10560.0,Low,26-35,"10,000-19,999",Active,1
rja2B0L,recJuLgdkUFP3SztR,10.0,Promoter,2025-05-06 15:46:00,2025-03-30,0,0.0,14600.0,Low,,,Active,1
KYG6M7D,recKDExxzc83uYqGP,5.0,Detractor,2025-10-07 14:46:00,2025-09-30,694,37400.0,37400.0,Critical,,,Return,1
yP16EXX,recL5EbMOZ15T32Dm,10.0,Promoter,2025-10-07 15:01:00,2025-09-30,476,36920.0,36920.0,Critical,,,Return,1
jaYVrJa,recMAXZpUOh9AsvRk,0.0,Detractor,2025-11-24 11:53:00,2025-09-30,318,44260.0,44260.0,Critical,,,Return,1
J9o6oQY,recNF4aS9ndFq234V,2.0,Detractor,2025-10-07 15:42:00,2025-09-30,0,0.0,0.0,Low,,,Paid Off,1
5BVzMPb,recPT4PrZZJvosLvB,9.0,Promoter,2025-10-07 15:37:00,2025-09-30,0,0.0,0.0,Low,,,Paid Off,1
D4p681l,recPnzxYXBT7i6BeN,10.0,Promoter,2025-05-18 09:25:00,2025-03-30,156,17480.0,23800.0,Critical,,,PAR 30,1
9qXBlQK,recQfkgSnxyMdMVmy,10.0,Promoter,2025-04-23 05:15:00,2025-03-30,0,0.0,33840.0,Low,26-35,"100,000-149,999",Active,1
pb62l9b,recRMhqKNN16f3hMS,0.0,Detractor,2025-12-02 14:01:00,2025-09-30,258,61400.0,61400.0,Critical,,,PAR 30,1
1AGVJ6p,recSdxnpiS6Tbjdvc,1.0,Detractor,2025-08-29 03:35:00,2025-06-30,0,0.0,14570.0,Low,,,Active,1
NpD5y5G,recNzVJ7ttBMXABMd,4.0,Detractor,2025-04-22 16:19:00,2025-03-30,0,0.0,31240.0,Low,26-35,"100,000-149,999",Active,1
81zo6pr,recTJng0Mj0dJP1kv,1.0,Detractor,2025-04-22 15:40:00,2025-03-30,38,4200.0,30120.0,High,26-35,,PAR 30,1
GxbzjQj,recWOPoO5uHLcryHq,0.0,Detractor,2025-10-07 16:13:00,2025-09-30,0,0.0,0.0,Low,,,Paid Off,1
xXjrGz5,recWRacKOC3ZGkDV9,9.0,Promoter,2025-04-23 08:24:00,2025-03-30,441,35619.0,35619.0,Critical,,,PAR 30,1
kdOeqN6,recaJICCin8vsDDXo,9.0,Promoter,2025-08-28 15:41:00,2025-06-30,0,864.0,21984.0,Low,18-25,"10,000-19,999",Active,1
44rp4EY,recbfBii4UMgX1GAL,5.0,Detractor,2025-06-01 11:42:00,2025-03-30,0,20723.0,20723.0,Low,,,Active,1
MeVb250,recc4f0SpTvrOWVLY,0.0,Detractor,2025-10-07 16:15:00,2025-09-30,0,0.0,0.0,Low,,,Paid Off,1
b5z7oj7,recccAeDziTfQ4MmQ,3.0,Detractor,2025-10-07 16:43:00,2025-09-30,403,20000.0,20000.0,Critical,,,Return,1
obeOdZb,receIt5xXqm2fgQlN,,,2025-05-05 14:08:00,2025-03-30,0,0.0,3340.0,Low,,,Active,1
Pdr6BMb,receQxF84y2u84c2e,10.0,Promoter,2025-10-07 15:09:00,2025-09-30,346,48400.0,48400.0,Critical,,,Return,1
Ek8lbrX,recfMdVTv8CxmAkDg,10.0,Promoter,2025-08-28 17:27:00,2025-06-30,0,0.0,21620.0,Low,18-25,,Active,1
xXjxgpy,recfxaFLgrYjIUUdR,9.0,Promoter,2025-05-06 11:43:00,2025-03-30,0,0.0,45760.0,Low,,,Active,1
9q4WOWX,recgvpqBvXQ6QjNBs,0.0,Detractor,2025-10-07 14:54:00,2025-09-30,754,58240.0,58240.0,Critical,,,Return,1
zxdKyv0,rechSE7oyLj94IQYZ,10.0,Promoter,2025-10-07 17:41:00,2025-09-30,0,38600.0,0.0,Low,,,Paid Off,1
Xxr5erd,rechiZmmODVsJIFvs,5.0,Detractor,2025-04-22 23:11:00,2025-03-30,5,100.0,10150.0,Low,,,Inactive,1
q4zdEzk,recicR3xkYQRTfOWC,10.0,Promoter,2025-10-07 15:08:00,2025-09-30,0,100.0,0.0,Low,,,Paid Off,1
D45M0aq,recinTy0IgJ69dUfx,0.0,Detractor,2025-07-28 11:00:00,2025-06-30,398,55748.0,55748.0,Critical,,,PAR 30,1
jaq1bj4,reclCudF6ipIWj1Zm,1.0,Detractor,2025-12-03 06:45:00,2025-09-30,131,26600.0,26600.0,Critical,,,Return,1
EkdbeWl,recmMbLemPm8vKIBI,10.0,Promoter,2025-05-06 11:16:00,2025-03-30,0,6960.0,30420.0,Low,,,Active,1
D4aNZEp,recmp8AsCsmLWa4Ve,9.0,Promoter,2025-10-07 15:31:00,2025-09-30,0,0.0,0.0,Low,18-25,"10,000-19,999",Paid Off,1
rj2aZ7p,recoBgnUgBJ16naPk,8.0,Passive,2025-08-28 15:28:00,2025-06-30,0,0.0,28350.0,Low,18-25,"10,000-19,999",Active,1
ob1j1V5,recpauEdaOh2wUby6,0.0,Detractor,2025-11-24 11:41:00,2025-09-30,294,44240.0,44240.0,Critical,,,Return,1
aQz6x8E,recq5bI4uuf1ZBZ8N,7.0,Passive,2025-10-07 14:50:00,2025-09-30,0,1670.0,5010.0,Low,,,Active,1
ODEzNda,recs9f8VOyjO3DkKe,10.0,Promoter,2025-10-07 16:32:00,2025-09-30,0,100.0,0.0,Low,,,Paid Off,1
lbqq106,recsGMXCdsPRdm2au,10.0,Promoter,2025-04-23 11:57:00,2025-03-30,0,0.0,12140.0,Low,,,Active,1
aQz6Kdv,recuEbAcRbdt7xMe1,5.0,Detractor,2025-10-07 15:20:00,2025-09-30,648,41410.0,41410.0,Critical,,,Return,1
ODjlLyk,recuc4Cha65AasJKV,10.0,Promoter,2025-08-19 15:12:00,2025-06-30,0,0.0,7080.0,Low,,,Active,1
vGex9lg,recuhvBP6AvuXVHO6,7.0,Passive,2025-05-06 11:46:00,2025-03-30,133,33400.0,55760.0,Critical,,,PAR 30,1
5B9P57Z,reclV957PJowsgrCF,8.0,Passive,2025-05-18 08:00:00,2025-03-30,0,100.0,45640.0,Low,,,Active,1
Pd1Byve,recql5kphjLtb0byU,10.0,Promoter,2025-05-06 11:03:00,2025-03-30,94,8810.0,17520.0,Critical,,,PAR 30,1
WOqNQOP,recwMLUrBzdrBxUVZ,0.0,Detractor,2025-10-07 15:47:00,2025-09-30,108,14239.0,18689.0,Critical,,"10,000-19,999",Return,1
Ek6XD0A,recxbYBQKoKiFQJTn,10.0,Promoter,2025-10-07 14:58:00,2025-09-30,487,34310.0,34310.0,Critical,,,Return,1
aQeNlqE,recxcaXnDMIks6Br3,10.0,Promoter,2025-06-01 11:48:00,2025-03-30,0,0.0,10200.0,Low,,,Active,1
68QvvNk,rec1BLSkSZ5OAVBfI,9.0,Promoter,2025-08-12 15:44:00,2025-06-30,0,0.0,28120.0,Low,26-35,"20,000-29,999",Active,1
5B2REgb,rec2mSDn9xDb5fQed,6.0,Detractor,2025-07-22 14:12:00,2025-06-30,56,14290.0,73120.0,High,26-35,"50,000-99,999",PAR 30,1
GxjP85j,rec4LfN0jtORYtqor,7.0,Passive,2025-12-02 13:57:00,2025-09-30,0,0.0,15240.0,Low,46-55,"100,000-149,999",Active,1
9qlbNb4,rec5Rg6hz54lSZG1Q,10.0,Promoter,2025-07-22 16:24:00,2025-06-30,135,22600.0,56500.0,Critical,18-25,"5,000-9,999",FMD,1
Pdld9aQ,rec692PTJOJGwUfty,7.0,Passive,2025-07-23 12:51:00,2025-06-30,93,14980.0,52430.0,Critical,18-25,"30,000-49,999",FMD,1
2Er0OZA,rec6ie3gfuA6iQbwH,10.0,Promoter,2025-07-22 14:14:00,2025-06-30,0,0.0,32190.0,Low,26-35,"20,000-29,999",Active,1
eqDZv1O,rec0HrmbKcHdVBS0N,3.0,Detractor,2025-05-07 03:13:00,2025-03-30,0,0.0,55979.0,Low,,,Active,1
Pd1B72d,rec5pgfzE9sNbW6MI,9.0,Promoter,2025-05-07 16:59:00,2025-03-30,0,0.0,60520.0,Low,26-35,"50,000-99,999",Active,1
pbA4xpP,rec5xxcMnILS3w9oJ,5.0,Detractor,2025-07-08 03:57:00,2025-06-30,13,2440.0,47580.0,Medium,26-35,"10,000-19,999",PAR 7,1
D4aN56E,recA8e3Kg2MZimICr,10.0,Promoter,2025-10-07 14:55:00,2025-09-30,205,39029.0,54570.0,Critical,26-35,"20,000-29,999",Return,1
D4bNLYR,recAH5Ag1dhSdncBc,6.0,Detractor,2025-10-24 10:57:00,2025-09-30,0,0.0,23210.0,Low,55+,"150,000+",Active,1
7RblMyZ,recAyJ8v8VJuecwtB,9.0,Promoter,2025-04-22 15:51:00,2025-03-30,24,4560.0,50160.0,Medium,18-25,"30,000-49,999",PAR 7,1
gDAZJE4,recDhj4G7WXY3ZHIo,3.0,Detractor,2025-07-07 14:25:00,2025-06-30,5,600.0,27960.0,Low,18-25,"5,000-9,999",Inactive,1
KY8xYLk,recFRIzZ5uWkzhvHK,10.0,Promoter,2025-08-28 16:07:00,2025-06-30,121,28440.0,71100.0,Critical,18-25,"30,000-49,999",Return,1
ja0bZbR,recHipVyIVAMFoWDh,8.0,Passive,2025-08-19 14:27:00,2025-06-30,0,0.0,15800.0,Low,26-35,"20,000-29,999",Active,1
VLN0DAa,recHxYTtxn9uT2Qb4,0.0,Detractor,2025-10-07 15:38:00,2025-09-30,0,0.0,17290.0,Low,26-35,"50,000-99,999",Active,1
jaqN4LY,recI30mpJB9sTsxmL,10.0,Promoter,2025-12-03 05:15:00,2025-09-30,13,2440.0,31720.0,Medium,,,PAR 7,1
VLJ40Ej,recKgeniqPWhXVWZ0,9.0,Promoter,2025-06-01 12:42:00,2025-03-30,0,0.0,46079.6,Low,18-25,"150,000+",Active,1
xXZKvvo,recNQBg0BY7LE50wa,9.0,Promoter,2025-07-22 14:35:00,2025-06-30,0,0.0,39040.0,Low,26-35,"5,000-9,999",Active,1
lbMXY2p,recOUdwSFkBdtxF3i,9.0,Promoter,2025-09-25 13:10:00,2025-06-30,0,0.0,0.0,Low,26-35,,Paid Off,1
2Er0ol9,recP10C5CFVkgcfyU,,,2025-07-22 14:36:00,2025-06-30,0,0.0,24270.0,Low,18-25,"10,000-19,999",Active,1
J9pXOLo,recQl8AddpQG2mgEv,6.0,Detractor,2025-05-06 20:04:00,2025-03-30,0,0.0,33880.0,Low,26-35,"10,000-19,999",Active,1
EkdgxAA,recRT2UHc5jPTezZi,5.0,Detractor,2025-05-08 06:08:00,2025-03-30,0,0.0,15559.0,Low,,"5,000-9,999",Active,1
QKMKk81,recNLqbyb5k87HIzv,7.0,Passive,2025-04-22 19:41:00,2025-03-30,3,1050.0,48300.0,Low,36-45,"50,000-99,999",Inactive,1
7Rblr19,recPG0DYTJYTqGMDD,4.0,Detractor,2025-05-18 09:26:00,2025-03-30,0,0.0,47460.0,Low,26-35,"30,000-49,999",Active,1
81apgVz,recXwBq3iAO8GxRbz,0.0,Detractor,2025-05-06 11:18:00,2025-03-30,34,7345.0,63205.0,High,18-25,"10,000-19,999",PAR 30,1
BzKzkk1,recYFbhiQYVt4cAlG,10.0,Promoter,2025-04-22 18:23:00,2025-03-30,0,1299.0,54599.0,Low,,,Active,1
44B4pNA,recZvlBekJx2RHaUz,10.0,Promoter,2025-06-01 12:50:00,2025-03-30,0,0.0,47300.0,Low,46-55,,Active,1
RG6AvBj,recd4sbVSRwmytOQS,8.0,Passive,2025-12-02 18:58:00,2025-09-30,0,0.0,39600.0,Low,26-35,"30,000-49,999",Active,1
GxQaYrZ,recduCF9h9hiu8W3w,6.0,Detractor,2025-09-25 13:01:00,2025-06-30,0,0.0,0.0,Low,26-35,"150,000+",Paid Off,1
gDejP4M,recflpv0p49810aA9,8.0,Passive,2025-04-22 16:41:00,2025-03-30,0,0.0,54810.0,Low,26-35,"150,000+",Active,1
dWPBv4K,recfr3ETSV9WgSpyW,,,2025-07-22 18:23:00,2025-06-30,0,0.0,58260.0,Low,26-35,"5,000-9,999",Active,1
LZMYDXO,recgCbeBhvCldUp6t,2.0,Detractor,2025-08-12 14:46:00,2025-06-30,0,0.0,35100.0,Low,26-35,"150,000+",Active,1
A7KrlDe,recgbE6YUDWwwqkU3,9.0,Promoter,2025-04-22 23:09:00,2025-03-30,0,0.0,52000.0,Low,18-25,"150,000+",Active,1
PdEQBA1,reciLhC1C4WaDdsL6,0.0,Detractor,2025-09-25 16:11:00,2025-06-30,0,0.0,42070.0,Low,26-35,"100,000-149,999",Active,1
44qVgrY,reckAeNgVLfxBZq0S,10.0,Promoter,2025-11-06 10:45:00,2025-09-30,0,0.0,22120.0,Low,26-35,"50,000-99,999",Active,1
VL5d4z6,recleVKREz0KOAWIj,10.0,Promoter,2025-06-11 13:21:00,2025-03-30,0,0.0,45130.0,Low,18-25,"50,000-99,999",Active,1
2EDY2q9,recmGGCiPIj206sAj,10.0,Promoter,2025-09-25 17:03:00,2025-06-30,0,0.0,0.0,Low,,,Paid Off,1
PdD8ZBe,recmzCLm0ZK2kJci0,4.0,Detractor,2025-04-26 20:28:00,2025-03-30,0,0.0,47300.0,Low,36-45,"10,000-19,999",Active,1
2EZzrxb,recnZIJoOCMECTz6s,8.0,Passive,2025-11-05 14:13:00,2025-09-30,0,0.0,21000.0,Low,26-35,"50,000-99,999",Active,1
pbMXNyE,recopw807ijyfYSt5,9.0,Promoter,2025-11-05 15:32:00,2025-09-30,0,0.0,10260.0,Low,26-35,"30,000-49,999",Active,1
Y5d8xQJ,recqX8JJZo8DaZc0i,10.0,Promoter,2025-07-22 14:26:00,2025-06-30,0,0.0,28490.0,Low,18-25,"20,000-29,999",Active,1
q4BWBbG,recn3wc8IuD6EFqSp,5.0,Detractor,2025-07-07 13:49:00,2025-06-30,0,0.0,46360.0,Low,26-35,"100,000-149,999",Active,1
Y5OYYeJ,recoHeCeo7E5rbUb2,8.0,Passive,2025-07-07 14:05:00,2025-06-30,0,0.0,29260.0,Low,,"150,000+",Active,1
81zoyLA,rectqITkbI5eY5Jb0,10.0,Promoter,2025-04-22 16:20:00,2025-03-30,0,0.0,39370.0,Low,18-25,"5,000-9,999",Active,1
81k8kYz,recurMDCOM1UsQd1T,10.0,Promoter,2025-07-07 13:51:00,2025-06-30,0,0.0,54800.0,Low,26-35,"150,000+",Active,1
vG2oN0d,recvGNRNp4enGhO54,0.0,Detractor,2025-07-22 17:12:00,2025-06-30,52,6800.0,34850.0,High,26-35,"20,000-29,999",Return,1
NpVYYYb,recwyzyLi5OMQXEnp,10.0,Promoter,2025-07-07 13:59:00,2025-06-30,0,0.0,36480.0,Low,36-45,"150,000+",Active,1
2EZYzDD,recxgzlKpMPh9k450,0.0,Detractor,2025-11-05 19:03:00,2025-09-30,0,0.0,13300.0,Low,26-35,"10,000-19,999",Active,1
kdK7496,rec0fYISXCsdqRRlH,6.0,Detractor,2025-12-18 16:41:00,2025-09-30,0,0.0,54390.0,Low,26-35,"20,000-29,999",Active,1
Bz1D0K5,rec1cdTmWd1CgMXLx,6.0,Detractor,2025-07-07 14:30:00,2025-06-30,0,0.0,51520.0,Low,18-25,"20,000-29,999",Active,1
yPjEbYW,rec33v8NYHTqY2BcI,,,2025-09-08 15:05:00,2025-06-30,0,0.0,47360.0,Low,18-25,"100,000-149,999",Active,1
jaMWvga,rec3gXpzWEB7nTmx1,9.0,Promoter,2025-07-07 14:33:00,2025-06-30,0,1710.0,83790.0,Low,18-25,"50,000-99,999",Active,1
yPyv0zB,rec63V9zV7ss9r6EF,5.0,Detractor,2025-07-07 14:15:00,2025-06-30,0,0.0,37940.0,Low,,"150,000+",Active,1
VL47DYJ,rec8X51fFysQJdhzE,10.0,Promoter,2025-09-25 19:01:00,2025-06-30,0,0.0,0.0,Low,55+,,Paid Off,1
b5krxe0,rec8XPlnf9tjTsnFN,10.0,Promoter,2025-07-07 13:38:00,2025-06-30,0,0.0,69800.0,Low,26-35,"50,000-99,999",Active,1
LZ0lOQy,rec8hQo1jdOv8qFqw,10.0,Promoter,2025-07-22 14:40:00,2025-06-30,0,0.0,31820.0,Low,18-25,"10,000-19,999",Active,1
dWAD49o,rec8xi6MMYpVOM7yH,10.0,Promoter,2025-07-07 17:56:00,2025-06-30,0,0.0,55460.0,Low,26-35,"50,000-99,999",Active,1
VLlYPby,rec9mS4Rdo10xj5QA,3.0,Detractor,2025-07-07 13:29:00,2025-06-30,0,0.0,53640.0,Low,36-45,"30,000-49,999",Active,1
J907VQo,rec2wNKSIr3ElpaZ3,10.0,Promoter,2025-07-22 14:09:00,2025-06-30,0,0.0,39900.0,Low,26-35,"50,000-99,999",Active,1
KYL2q6K,rec3jafQV39bXRAey,7.0,Passive,2025-07-30 10:08:00,2025-06-30,0,0.0,48250.0,Low,26-35,"5,000-9,999",Active,1
Ek1vxPL,recBQzbKjIRMk6pW8,8.0,Passive,2025-07-08 09:40:00,2025-06-30,0,0.0,37000.0,Low,18-25,"20,000-29,999",Active,1
VLvvRQE,recCvmxRHRrl665y3,8.0,Passive,2025-09-09 07:26:00,2025-06-30,0,0.0,46870.0,Low,18-25,"20,000-29,999",Active,1
81rKJxk,recGSlAMAUBpBlrmB,10.0,Promoter,2025-10-07 15:11:00,2025-09-30,0,0.0,41330.0,Low,46-55,"150,000+",Active,1
81GP6JA,recH2BGnmLPfnwpwW,7.0,Passive,2025-07-26 16:43:00,2025-06-30,0,0.0,30360.0,Low,36-45,"10,000-19,999",Active,1
eqA26OE,recHBWaihd4BGQV9L,5.0,Detractor,2025-07-07 13:42:00,2025-06-30,0,0.0,53300.0,Low,18-25,"30,000-49,999",Active,1
EkrRWjq,recIGmllKJb6onIVM,10.0,Promoter,2025-12-02 14:42:00,2025-09-30,0,0.0,30520.0,Low,18-25,"30,000-49,999",Active,1
VL1YLel,recJNcV8cAfRdpCaM,9.0,Promoter,2025-08-12 14:44:00,2025-06-30,0,0.0,73470.0,Low,26-35,"150,000+",Active,1
zxzJaoZ,recKIWAxDz7zpRwFU,10.0,Promoter,2025-12-20 16:07:00,2025-09-30,0,0.0,53950.0,Low,26-35,"150,000+",Active,1
RGa9rkK,recKh5g1U6XoKjwh2,0.0,Detractor,2025-11-24 11:25:00,2025-09-30,0,0.0,34680.0,Low,26-35,"30,000-49,999",Active,1
WOoYLMN,recKv5pdSB0kr6eJc,5.0,Detractor,2025-07-07 15:31:00,2025-06-30,0,0.0,84800.0,Low,26-35,"50,000-99,999",Active,1
rjEzE8L,recDSlgMbzzblWF6q,10.0,Promoter,2025-07-22 17:24:00,2025-06-30,0,0.0,60200.0,Low,36-45,"150,000+",Active,1
PdBYE51,recHfeNNFpMxXi26K,5.0,Detractor,2025-08-12 15:34:00,2025-06-30,0,0.0,64047.0,Low,18-25,"100,000-149,999",Active,1
A78Zbjl,recHoBX1nUEvOgKge,10.0,Promoter,2025-07-22 14:05:00,2025-06-30,0,0.0,58520.0,Low,26-35,"50,000-99,999",Active,1
jaMWLNQ,recMmxpWFp6hHYlg2,8.0,Passive,2025-07-07 13:57:00,2025-06-30,0,0.0,30360.0,Low,26-35,"20,000-29,999",Active,1
pbR7Ygb,recQVazmlsg1W5mQk,0.0,Detractor,2025-09-08 15:17:00,2025-06-30,0,0.0,45200.0,Low,26-35,"30,000-49,999",Active,1
javRXYJ,recQnFx1aBICmgUwa,9.0,Promoter,2025-10-04 05:33:00,2025-09-30,0,0.0,13260.0,Low,26-35,"10,000-19,999",Active,1
KYoDV1A,recQzULN1l4rM3ZGP,10.0,Promoter,2025-07-07 13:28:00,2025-06-30,0,0.0,43860.0,Low,36-45,"150,000+",Active,1
zxelWyE,recSdSsY15KpU803w,7.0,Passive,2025-07-22 14:17:00,2025-06-30,0,0.0,19890.0,Low,46-55,"100,000-149,999",Active,1
rjKgBOX,recTiatJrJW6ygG00,3.0,Detractor,2025-07-09 13:32:00,2025-06-30,0,0.0,23000.0,Low,26-35,"20,000-29,999",Active,1
VLlYj4E,recNaKFOXuzGU0Ahw,10.0,Promoter,2025-07-07 13:21:00,2025-06-30,0,0.0,50330.0,Low,36-45,"50,000-99,999",Active,1
WOoY8PP,recNqJ8GYGWa5Z09m,8.0,Passive,2025-07-07 13:51:00,2025-06-30,0,0.0,42750.0,Low,26-35,"50,000-99,999",Active,1
kdAWzAM,recVJkba3KsQiPdQ0,5.0,Detractor,2025-07-07 14:36:00,2025-06-30,0,0.0,40850.0,Low,26-35,"50,000-99,999",Active,1
xXQPXM5,recWcMxIDtV3vTkps,6.0,Detractor,2025-07-07 16:01:00,2025-06-30,0,0.0,41800.0,Low,26-35,"10,000-19,999",Active,1
ODPY0b8,recXa7IkojIiQvHHh,1.0,Detractor,2025-07-07 13:53:00,2025-06-30,2,1180.0,51920.0,Low,18-25,"30,000-49,999",Inactive,1
LZOb60l,recY1T7InO4NGs4I2,10.0,Promoter,2025-10-07 15:30:00,2025-09-30,0,0.0,32250.0,Low,,,Active,1
xXQyZV9,recc8IzbrjI91iG2H,10.0,Promoter,2025-07-07 13:53:00,2025-06-30,0,0.0,57200.0,Low,26-35,"50,000-99,999",Active,1
PdEG25P,reccs7yI4sDtmxFcY,8.0,Passive,2025-08-19 15:26:00,2025-06-30,0,0.0,70500.0,Low,18-25,"30,000-49,999",Active,1
Y5OYz96,recdJHuKfj8jIecVw,9.0,Promoter,2025-07-07 14:08:00,2025-06-30,17,3900.0,66300.0,Medium,36-45,"150,000+",Return,1
LZGYbW2,recdLht1N8M3xD4w2,4.0,Detractor,2025-07-07 13:40:00,2025-06-30,0,0.0,34650.0,Low,26-35,"10,000-19,999",Active,1
obOWvz1,recZCgt63sm1vCmzY,10.0,Promoter,2025-07-22 14:34:00,2025-06-30,0,0.0,26950.0,Low,36-45,"5,000-9,999",Active,1
pbR7XeE,recZQBxR3nLBtguvZ,8.0,Passive,2025-09-08 15:01:00,2025-06-30,0,0.0,73180.0,Low,36-45,"150,000+",Active,1
D41J4bl,recarGzKCyn5I35Ft,9.0,Promoter,2025-07-07 16:03:00,2025-06-30,0,0.0,63240.0,Low,26-35,"30,000-49,999",Active,1
XxGYrjj,recbP1zKNaj3Z762i,5.0,Detractor,2025-07-07 13:50:00,2025-06-30,0,0.0,33810.0,Low,26-35,"10,000-19,999",Active,1
pbVa691,recdyerxl3uDxOr7h,2.0,Detractor,2025-08-30 07:34:00,2025-06-30,0,0.0,51520.0,Low,36-45,"10,000-19,999",Active,1
xXlE8G9,recfHAsMZFVOEWmPD,5.0,Detractor,2025-09-25 13:59:00,2025-06-30,0,0.0,21870.0,Low,36-45,"50,000-99,999",Active,1
gDz0kzN,recg0P2FUlp4lWJyx,5.0,Detractor,2025-10-07 15:31:00,2025-09-30,0,0.0,0.0,Low,26-35,"10,000-19,999",Paid Off,1
GxBJxoo,recgkRd2PnMxVHiVe,10.0,Promoter,2025-08-12 18:27:00,2025-06-30,0,0.0,35000.0,Low,36-45,"50,000-99,999",Active,1
q4k181Y,recgnN5W8Oz0pvInZ,7.0,Passive,2025-09-26 05:17:00,2025-06-30,0,0.0,31020.0,Low,18-25,"20,000-29,999",Active,1
NpVYX40,rechi2DELxf72sRnN,8.0,Passive,2025-07-07 13:23:00,2025-06-30,0,0.0,57200.0,Low,26-35,"30,000-49,999",Active,1
7R4L74A,rechsweZLoocgaotk,2.0,Detractor,2025-08-28 15:23:00,2025-06-30,0,583.0,28303.0,Low,18-25,"20,000-29,999",Active,1
gDAZP5O,recizHGLKlTnlJKBN,10.0,Promoter,2025-07-22 13:56:00,2025-06-30,0,0.0,46440.0,Low,18-25,"30,000-49,999",Active,1
LZ0lY2J,recmJnVRgmsK4cCD0,10.0,Promoter,2025-07-22 13:55:00,2025-06-30,0,850.0,36550.0,High,,"20,000-29,999",PAR 30,1
jarX2oE,recmcvLZKlWW6qPkL,,,2025-12-18 15:42:00,2025-09-30,0,0.0,38570.0,Low,26-35,,Active,1
b5k8kb7,recm0OOvuQBeguwIj,10.0,Promoter,2025-07-07 16:50:00,2025-06-30,0,0.0,74400.0,Low,26-35,"100,000-149,999",Active,1
2EkvkjM,recmjZUxl7TBMkxxO,10.0,Promoter,2025-07-07 13:48:00,2025-06-30,0,0.0,52000.0,Low,36-45,"20,000-29,999",Active,1
xXlb88o,recmuSisY8AYIUd2X,,,2025-09-25 19:58:00,2025-06-30,0,0.0,38500.0,Low,18-25,"5,000-9,999",Active,1
GxQEoDj,recp4DF44Xw3HhZ3P,3.0,Detractor,2025-09-25 18:39:00,2025-06-30,48,4860.0,35660.0,High,26-35,"50,000-99,999",PAR 30,1
lbAW6rB,recqN41vgBxXpF7aB,10.0,Promoter,2025-07-07 13:28:00,2025-06-30,25,1600.0,24600.0,Medium,26-35,"150,000+",FMD,1
eqNOpjq,recrGDKZhUN6CqfVa,10.0,Promoter,2025-08-25 16:50:00,2025-06-30,0,770.0,30800.0,Low,18-25,"10,000-19,999",Active,1
0QYXkAj,rectsyJiD9Ny1erbT,10.0,Promoter,2025-12-20 14:43:00,2025-09-30,5,660.0,23100.0,Low,36-45,"30,000-49,999",Inactive,1
PdEY6EP,recv74sHCvx5f41ad,5.0,Detractor,2025-07-07 13:41:00,2025-06-30,3,1090.0,44690.0,Low,36-45,"50,000-99,999",Inactive,1
Ek1DQJr,recoFrWsD4UZYE6VY,10.0,Promoter,2025-07-07 13:38:00,2025-06-30,4,1330.0,57190.0,Low,26-35,"50,000-99,999",Inactive,1
ZjVPk4o,recrHH47UowyhCAds,0.0,Detractor,2025-07-08 07:43:00,2025-06-30,0,0.0,29090.0,Low,36-45,"30,000-49,999",Active,1
aQxEe2X,rect8uN5dUb2OFWJb,10.0,Promoter,2025-07-07 13:15:00,2025-06-30,0,0.0,46530.0,Low,18-25,"10,000-19,999",Active,1
44koOeA,recv7bWX2FI3d1MKA,8.0,Passive,2025-07-07 17:35:00,2025-06-30,0,0.0,52000.0,Low,18-25,"50,000-99,999",Active,1
gDVXxaJ,recwnTPFRdw9hs9Yi,10.0,Promoter,2025-12-18 15:53:00,2025-09-30,0,0.0,39000.0,Low,26-35,"100,000-149,999",Active,1
XxgdPDY,recxXoXQnQaBbgnqp,0.0,Detractor,2025-11-05 15:44:00,2025-09-30,0,0.0,21560.0,Low,26-35,"30,000-49,999",Active,1
XxQO6Nd,rec0a5NLwEasEUOaS,7.0,Passive,2025-10-09 11:49:00,2025-09-30,0,0.0,39950.0,Low,46-55,"50,000-99,999",Active,1
PdL9gjB,rec2wvCWYnyCEgZq8,4.0,Detractor,2025-12-04 19:20:00,2025-09-30,0,79.0,40119.0,Low,26-35,,Active,1
RGBYByQ,recyQq82H44tHWrCM,8.0,Passive,2025-08-12 16:04:00,2025-06-30,0,0.0,30030.0,Low,26-35,"30,000-49,999",Active,1
Y59Q78B,rec4WKXxiHPeUTNbu,8.0,Passive,2025-10-07 16:25:00,2025-09-30,0,0.0,58320.0,Low,26-35,"100,000-149,999",Active,1
Bz6JYdA,rec9tTCAupZdWPg8B,7.0,Passive,2025-10-28 17:48:00,2025-09-30,0,0.0,45900.0,Low,18-25,"150,000+",Active,1
WOgXl4v,recCKX6jokm6AyDHv,8.0,Passive,2025-11-05 14:41:00,2025-09-30,0,0.0,48000.0,Low,36-45,,Active,1
Y5eejJN,recK387EZyPMNvjHE,,,2025-10-27 11:00:00,2025-09-30,0,660.0,29040.0,Low,26-35,"100,000-149,999",Active,1
KYG6lqA,recNsX6hxKIMqID2v,5.0,Detractor,2025-10-07 14:37:00,2025-09-30,0,0.0,0.0,Low,36-45,,Paid Off,1
xXLO0Xy,recg8j7H6HmvN53QB,0.0,Detractor,2025-12-03 07:50:00,2025-09-30,13,1400.0,29400.0,Medium,36-45,"50,000-99,999",PAR 7,1
PdgL7M0,reckhfjVhY5DTjMMc,1.0,Detractor,2025-11-05 16:02:00,2025-09-30,0,0.0,47200.0,Low,,,Active,1
eqp82rJ,reclXDpb5Dsc2PUUv,10.0,Promoter,2025-11-05 14:21:00,2025-09-30,0,0.0,57120.0,Low,18-25,"5,000-9,999",Active,1
44qRBZd,recthLz3fF1fPXhvQ,3.0,Detractor,2025-11-05 13:37:00,2025-09-30,0,0.0,42120.0,Low,26-35,"20,000-29,999",Active,1
KYZjArg,rectt0wUtA0Uz085g,5.0,Detractor,2025-11-24 12:11:00,2025-09-30,0,0.0,47520.0,Low,36-45,"50,000-99,999",Active,1
Pdr61y0,recufwTagcJQrjqOX,5.0,Detractor,2025-10-07 14:16:00,2025-09-30,0,0.0,63750.0,Low,,,Active,1
KY5BK2g,recYXOsBfKLApVA2C,5.0,Detractor,2025-05-06 11:40:00,,,,,,,,,1
yPjE8gd,recedEJmEUH3OG2kN,8.0,Passive,2025-09-08 15:16:00,,,,,,,,,1
BzAbjMR,recCpWF6XimwIuTI5,8.0,Passive,2025-09-08 17:36:00,,,,,,,,,1
Bz8dVZK,recdTEpdARulsFLlQ,6.0,Detractor,2025-08-28 14:58:00,,,,,,,,,1
A7Aq54z,reczxmvU0fZVJr3Eu,2.0,Detractor,2025-09-08 14:53:00,,,,,,,,,1
2E1R7Zp,rec8UkK3OelfhH4Bg,1.0,Detractor,2025-09-09 22:24:00,,,,,,,,,1
ja57KeY,reczr3gVFRt1ArErq,10.0,Promoter,2025-09-08 15:35:00,,,,,,,,,1
5BpovEM,rec8VhzeK900EN12v,3.0,Detractor,2025-09-25 12:55:00,,,,,,,,,1
PdeqLdd,recExIkiOTXaXCsjj,9.0,Promoter,2025-11-24 11:49:00,,,,,,,,,1
A7LBY4D,recVxeICbbG8NQcNV,10.0,Promoter,2025-06-07 11:41:00,,,,,,,,,1
jax1e24,recdo6PfxB75iqwkw,10.0,Promoter,2025-07-22 16:21:00,,,,,,,,,1
vGJRpGl,rec11l3Ck0tUigyL7,10.0,Promoter,2025-09-19 13:41:00,,,,,,,,,1
dW8rjoy,recmXhyqisN54tnKb,9.0,Promoter,2025-09-19 16:08:00,,,,,,,,,1
aQaXY0W,recjYcsxCqPmuIsYQ,5.0,Detractor,2025-09-25 12:23:00,,,,,,,,,1
68yBplk,recXsvAFJ7eMj2vHb,4.0,Detractor,2025-11-24 11:15:00,,,,,,,,,1
jaYVgAa,recVlyKoInePjldoZ,10.0,Promoter,2025-11-24 11:30:00,,,,,,,,,1
QKaMl58,recEU6Q0T51DD0GDu,0.0,Detractor,2025-11-26 11:27:00,,,,,,,,,1
rjb4rdv,rec1IARLe0MIh5wK3,3.0,Detractor,2025-12-02 15:25:00,,,,,,,,,1
5BqvXLP,recaAkxM9sXSl9SKV,9.0,Promoter,2025-08-12 14:47:00,,,,,,,,,1
VL1Yp7J,recbMDrC5trsVsHu1,10.0,Promoter,2025-08-12 18:16:00,,,,,,,,,1
A76L6oW,recp6gVUtNTOllPck,10.0,Promoter,2025-08-20 13:22:00,,,,,,,,,1
pb4oxeq,recWzpMBOOHpg4Xsc,10.0,Promoter,2025-08-28 16:00:00,,,,,,,,,1
vGrj7KX,recb34Q1TfXduakNF,10.0,Promoter,2025-09-01 08:22:00,,,,,,,,,1
0QPXvXB,recpRQ5ncxrYBmO1s,10.0,Promoter,2025-07-22 13:56:00,,,,,,,,,1
b5KNRa6,recJBlvmgnAhfeQV8,7.0,Passive,2025-09-09 03:02:00,,,,,,,,,1
KYWbM4k,recS8XRyUSu18nQrY,10.0,Promoter,2025-09-19 15:46:00,,,,,,,,,1
VLdXzlj,recBKavqeYIEYcfYE,10.0,Promoter,2025-11-05 13:46:00,,,,,,,,,1
5Bl42A6,recs08vnQQUvZ9PGE,2.0,Detractor,2025-08-19 15:11:00,,,,,,,,,1
68PkgEA,recn6ySGK2jWQGTZG,3.0,Detractor,2025-10-08 02:34:00,,,,,,,,,1
Y5eQ6AW,recRM7TzAVZVnUluu,9.0,Promoter,2025-10-24 10:46:00,,,,,,,,,1
MeDKVb8,recl4egRn2rQH4mO0,,,2025-04-22 15:53:00,,,,,,,,,1
GxQa8Ge,recvqjNZdMgpWrulK,8.0,Passive,2025-09-25 14:26:00,,,,,,,,,1
q47rzJO,recTsnHWPSA1aJGEb,10.0,Promoter,2025-12-02 15:48:00,,,,,,,,,1
eq8QzRo,recus6wIOTjnfW0bu,9.0,Promoter,2025-12-04 15:32:00,,,,,,,,,1
1AzRJvp,recTCoE9UMuXdE8QV,7.0,Passive,2025-12-08 12:14:00,,,,,,,,,1
obV72pe,recqJx6h09kOiiMGe,9.0,Promoter,2025-08-12 19:01:00,,,,,,,,,1
rjJXWkL,recEyEsrB2Pc8eYgV,10.0,Promoter,2025-09-19 13:48:00,,,,,,,,,1
q4G1MA8,recK6Q7jxS6DnwZbt,7.0,Passive,2025-07-22 15:44:00,,,,,,,,,1
9qlbRqG,recuusgE3MBmT7PJS,10.0,Promoter,2025-07-22 18:05:00,,,,,,,,,1
rjrLKdN,recJavHAOKfKG7Fy4,3.0,Detractor,2025-08-12 15:33:00,,,,,,,,,1
zxQJLP8,recisVrQvOGXCllIa,10.0,Promoter,2025-08-12 16:26:00,,,,,,,,,1
GxXJGgZ,recMiSjwGJSSEr6Iu,2.0,Detractor,2025-09-08 15:38:00,,,,,,,,,1
rjkRpKl,recVvBc6MVLeKwcSZ,8.0,Passive,2025-09-25 13:30:00,,,,,,,,,1
PdDjJVb,rec9TxaSWA6t0YEV0,0.0,Detractor,2025-04-22 16:58:00,,,,,,,,,1
BzbDz2K,recS3erKQ32T5btMG,10.0,Promoter,2025-08-12 14:43:00,,,,,,,,,1
BzLKQ6Q,rec8jgQHt4eucVzuy,5.0,Detractor,2025-08-19 15:23:00,,,,,,,,,1
MerDl9M,recuGRQd2HuXc6UIr,6.0,Detractor,2025-08-19 16:39:00,,,,,,,,,1
Y5oRB45,recG9Z5vkCbBzAFOr,5.0,Detractor,2025-08-19 16:45:00,,,,,,,,,1
Me8NvKk,recdmfbpQM019Rsak,10.0,Promoter,2025-08-28 14:17:00,,,,,,,,,1
kdJLQg1,recBs8yTcd6gitaOB,8.0,Passive,2025-09-19 14:03:00,,,,,,,,,1
RGjzMed,recHb4fFgHNwXky5I,9.0,Promoter,2025-10-07 17:40:00,,,,,,,,,1
MeDzv58,recFJZJpc4vDVxmPJ,5.0,Detractor,2025-04-24 11:07:00,,,,,,,,,1
68Qv8rY,recJdRNzS708snBwG,7.0,Passive,2025-08-12 14:43:00,,,,,,,,,1
ODjlxMR,recEmu6j9HHFRtRje,8.0,Passive,2025-08-19 16:55:00,,,,,,,,,1
2EDXyWp,recrqcNDeZPukWSJL,1.0,Detractor,2025-09-21 09:19:00,,,,,,,,,1
ZjZXZOz,reczqwIyyRB86Wngu,10.0,Promoter,2025-09-25 13:12:00,,,,,,,,,1
EkgeBLN,recFp80ObGDiDbAHF,10.0,Promoter,2025-11-05 14:34:00,,,,,,,,,1
D41D5dp,recZOHQ4HVjWSigNu,1.0,Detractor,2025-07-07 13:54:00,,,,,,,,,1
44NvQ9B,recRmPYEoQcVucZeF,8.0,Passive,2025-08-12 14:52:00,,,,,,,,,1
gDWqjVN,recsW8CWPVPZCcgvj,7.0,Passive,2025-08-28 16:04:00,,,,,,,,,1
zxWMqGE,recCwq3qU5DiZsXDY,1.0,Detractor,2025-08-28 16:54:00,,,,,,,,,1
RG84yLK,rec9fRZOlWZu80LGp,10.0,Promoter,2025-08-30 03:57:00,,,,,,,,,1
vGqxdJ8,recRmPYEoQcVucZeF,8.0,Passive,2025-08-31 12:35:00,,,,,,,,,1
b5K81pg,recVaCKb0oIpkUHiG,4.0,Detractor,2025-09-08 15:17:00,,,,,,,,,1
ja59GVx,reczW3g2KWVN3r81r,3.0,Detractor,2025-09-08 17:32:00,,,,,,,,,1
81Jz4pO,rec8jxS1NF85EEJR8,2.0,Detractor,2025-09-24 08:05:00,,,,,,,,,1
2EDzKVb,recUqRCwd38FQm80s,5.0,Detractor,2025-09-25 12:21:00,,,,,,,,,1
Xx2bQyz,recYL3HkCQ1uVuV2V,5.0,Detractor,2025-09-26 08:42:00,,,,,,,,,1
Y5rjyXB,recTpaL4p99XZDEOu,8.0,Passive,2025-07-23 18:20:00,,,,,,,,,1
9q2ZGZG,recQ1phcMiNo5mwaz,10.0,Promoter,2025-08-28 16:00:00,,,,,,,,,1
WOl0zPe,recdFsSswATPQYIY5,6.0,Detractor,2025-08-30 07:04:00,,,,,,,,,1
81692MP,recyA5JhBOktPvDaf,7.0,Passive,2025-09-19 13:39:00,,,,,,,,,1
8169yrA,recDCvqVc986eewWW,6.0,Detractor,2025-09-19 13:52:00,,,,,,,,,1
jazxlkx,recdlRgJ1bH50TvW7,0.0,Detractor,2025-10-08 04:32:00,,,,,,,,,1
VLqZGoj,recy7x7VdNciRDGRx,6.0,Detractor,2025-10-24 11:34:00,,,,,,,,,1
Y5K6PG5,recPFTf3Jh9vEH6Rq,5.0,Detractor,2025-12-02 14:19:00,,,,,,,,,1
LZqrWE1,recGiiw2R8Lyk2bCQ,9.0,Promoter,2025-12-02 14:43:00,,,,,,,,,1
A74kO5k,recRzlZCYbB8sixqN,6.0,Detractor,2025-09-19 13:57:00,,,,,,,,,1
aQvbgVE,recN3RHdAmh3PbdMO,10.0,Promoter,2025-10-05 16:52:00,,,,,,,,,1
BzeX0Qe,recEDpvdWdSQkaGdU,10.0,Promoter,2025-10-07 15:38:00,,,,,,,,,1
EkE6jxL,rec63k408Nvqbpx91,8.0,Passive,2025-11-21 17:23:00,,,,,,,,,1
Np9jr0b,rec5iwFQ4Cyc3j0o1,8.0,Passive,2025-12-02 14:17:00,,,,,,,,,1
MeQoE1k,recSWXkLdVzOPKbj0,9.0,Promoter,2025-12-03 07:01:00,,,,,,,,,1
BzBNOjA,recIKZTVw082A9AZz,9.0,Promoter,2025-07-22 16:06:00,,,,,,,,,1
A7bDKPB,recVaqYm2lR4cMgfF,8.0,Passive,2025-08-12 14:54:00,,,,,,,,,1
7R9v09Z,recl9m9FygIhl9cNK,10.0,Promoter,2025-08-12 17:17:00,,,,,,,,,1
lb06186,reczEU0wW0iZXJukc,8.0,Passive,2025-08-20 06:49:00,,,,,,,,,1
vGqDjyd,recJJE3CsTzege8a3,0.0,Detractor,2025-08-28 16:02:00,,,,,,,,,1
pbJa0jq,recRVolA4uS86fHWz,10.0,Promoter,2025-09-19 16:23:00,,,,,,,,,1
LZN2Ral,recsfpVruK7WHuVY7,1.0,Detractor,2025-11-24 12:26:00,,,,,,,,,1
J9o66Ez,rec0aD1UYXAv2knaq,10.0,Promoter,2025-10-07 14:39:00,2025-09-30,538,44139.0,44139.0,Critical,,,Return,1
b5z7yYE,rec279CLwSL7CzePV,7.0,Passive,2025-10-07 16:00:00,2025-09-30,0,0.0,0.0,Low,,,Paid Off,1
Np0kxyG,rec4COfhxmHvFzPRI,9.0,Promoter,2025-07-22 15:17:00,2025-06-30,0,2670.0,0.0,Low,,,Paid Off,1
yPe4aqB,rec646tdVGkn68L5A,10.0,Promoter,2025-08-28 19:10:00,2025-06-30,0,0.0,17100.0,Low,18-25,"150,000+",Active,1
zxdqKJZ,rec6RXqqZgerqsmEV,0.0,Detractor,2025-10-07 14:44:00,2025-09-30,0,18650.0,0.0,Low,,,Paid Off,1
xXZKzp9,rec8Jv7WOQkf84oHf,10.0,Promoter,2025-07-22 14:39:00,2025-06-30,0,20680.0,20680.0,Low,,,Active,1
RGdG5jl,recAwhhJpUynjmgjB,,,2025-04-22 18:23:00,2025-03-30,0,100.0,28540.0,Low,,,Active,1
44j5qRd,recCE2VhQa6eOcEGJ,5.0,Detractor,2025-07-22 14:53:00,2025-06-30,0,0.0,11730.0,Low,,,Active,1
rjYR4eL,recDfQBIBnbUcO21O,,,2025-10-12 05:20:00,2025-09-30,497,73690.0,73690.0,Critical,,,Return,1
BzdbW7e,recHyYkoGBGf9BC4f,8.0,Passive,2025-05-06 11:36:00,2025-03-30,0,100.0,18040.0,Low,,,Active,1
KY0dzOz,recJ8dJKweOppTpRB,1.0,Detractor,2025-07-22 16:25:00,2025-06-30,201,24650.0,35700.0,Critical,,,PAR 30,1
Gxbr5je,recJO3A7vxrHpZ36g,10.0,Promoter,2025-10-07 19:16:00,2025-09-30,0,0.0,0.0,Low,,,Paid Off,1
Pdr6BBb,recJZoFGXxfo0Gf9f,4.0,Detractor,2025-10-07 15:07:00,2025-09-30,299,21600.0,21600.0,Critical,,,Return,1
gDMrgaO,recK99T9KFLD2BP4T,4.0,Detractor,2025-06-11 17:23:00,2025-03-30,0,0.0,17170.0,Low,,,Active,1
yP16BJ8,recOA7uec3u0vScv2,10.0,Promoter,2025-10-07 16:42:00,2025-09-30,0,100.0,0.0,Low,,,Paid Off,1
kdErbOr,recOZoJLSbt2WWKxO,9.0,Promoter,2025-06-02 04:37:00,2025-03-30,0,13900.0,31970.0,Low,,,Active,1
J9o0Mg7,recSJmN2tLPfGLvDl,10.0,Promoter,2025-10-08 06:42:00,2025-09-30,0,0.0,0.0,Low,,,Paid Off,1
QKE7QOG,recSTgLFG5Az2rsX2,10.0,Promoter,2025-10-17 06:35:00,2025-09-30,0,0.0,9680.0,Low,26-35,"30,000-49,999",Active,1
Y59rYQ5,recSpJpavMhsxSyVO,0.0,Detractor,2025-10-08 10:31:00,2025-09-30,540,35800.0,35800.0,Critical,,,Return,1
dWgArbV,recQFKNtrmsoruKZl,6.0,Detractor,2025-10-24 17:54:00,2025-09-30,0,0.0,4590.0,Low,18-25,"Below 5,000",Active,1
44JNyNd,recThlZQVpNeCuemO,6.0,Detractor,2025-05-06 11:09:00,2025-03-30,117,23300.0,45380.0,Critical,,,PAR 30,1
ZjL71aB,recVuvbZpm1rOzA1Z,6.0,Detractor,2025-12-02 15:33:00,2025-09-30,248,30600.0,40800.0,Critical,18-25,"10,000-19,999",Return,1
xXzpG7E,recWO0ZWJCntqhyXc,8.0,Passive,2025-10-07 16:51:00,2025-09-30,0,99.0,0.0,Low,,,Paid Off,1
BzKzzVA,recWSPl9ghOW8KhIr,5.0,Detractor,2025-04-22 17:50:00,2025-03-30,0,0.0,41100.0,Low,,,Active,1
QK4DPjX,recWnFPVPPUWvUKlP,10.0,Promoter,2025-10-07 16:59:00,2025-09-30,321,62820.0,69670.0,Critical,26-35,"30,000-49,999",Return,1
Pdr0Pje,recapQnGOd9LkH8jW,10.0,Promoter,2025-10-08 06:52:00,2025-09-30,0,90.0,0.0,Low,,,Paid Off,1
MeDKjLg,recdO9CubuayWDFIb,4.0,Detractor,2025-04-22 16:54:00,2025-03-30,0,0.0,49342.0,Low,26-35,"150,000+",Active,1
ZjojY9B,recYDWYYh8zJjyMkv,,,2025-04-22 18:51:00,2025-03-30,0,0.0,58460.0,Low,,,Active,1
Pd2D2N1,reckZLhDq1EpqmsJb,8.0,Passive,2025-08-19 15:34:00,2025-06-30,0,0.0,23920.0,Low,36-45,"100,000-149,999",Active,1
pbzVDBy,reclhH5cuz0FmkcK9,8.0,Passive,2025-10-08 04:26:00,2025-09-30,0,0.0,0.0,Low,,,Paid Off,1
b5EpGY6,recmDDRDHvojvdrdz,10.0,Promoter,2025-12-02 16:06:00,2025-09-30,534,41000.0,41000.0,Critical,,,Return,1
QKRlZdX,recnIfuYY14ChZlf0,0.0,Detractor,2025-05-18 09:29:00,2025-03-30,0,0.0,39120.0,Low,26-35,"30,000-49,999",Active,1
rjOZb0l,recnTQBuY92YjX15h,9.0,Promoter,2025-05-18 14:04:00,2025-03-30,349,25860.0,25860.0,Critical,,,PAR 30,1
2Eax6JD,recpI5eYJYGxRC7Yk,7.0,Passive,2025-05-06 11:41:00,2025-03-30,0,100.0,15180.0,Low,,,Active,1
0QjvjlZ,recrGc7joZjUV4bOg,8.0,Passive,2025-08-12 15:56:00,2025-06-30,0,9960.0,33200.0,Low,,,Active,1
eqz6dEe,recrcMGJsUiNoN5gn,10.0,Promoter,2025-10-07 17:02:00,2025-09-30,0,100.0,0.0,Low,,,Paid Off,1
A79djjk,rectM1B04klu30a5v,0.0,Detractor,2025-10-07 15:31:00,2025-09-30,209,35100.0,44460.0,Critical,,,Return,1
LZKd9vJ,recuSqZSo2O80t0wi,10.0,Promoter,2025-05-13 15:06:00,2025-03-30,0,0.0,51730.0,Low,,,Active,1
QK40Bz1,recw3lZtOlUZqWwi4,9.0,Promoter,2025-10-08 05:55:00,2025-09-30,0,0.0,0.0,Low,,,Paid Off,1
obD6ZBb,recwXq9jtdf3uT7vv,1.0,Detractor,2025-04-22 16:38:00,2025-03-30,0,500.0,2960.0,Low,,,Active,1
gDdQqjD,recznPNfygH13ng7U,7.0,Passive,2025-05-06 12:59:00,2025-03-30,0,0.0,13769.0,Low,,,Active,1
b5DJyO7,rec3F60HEZQdHj8kA,10.0,Promoter,2025-11-06 13:03:00,2025-09-30,0,0.0,30210.0,Low,36-45,"20,000-29,999",Active,1
Xx2dMyd,rec4uZpLHSdqhTx4d,6.0,Detractor,2025-09-25 12:52:00,2025-06-30,0,760.0,26600.0,Low,18-25,"10,000-19,999",Active,1
PdO0pex,rec6SbojKYwQJdEHs,5.0,Detractor,2025-05-30 08:23:00,2025-03-30,0,0.0,25980.0,Low,26-35,"30,000-49,999",Active,1
rjKLEzN,rec76EImuJVBnMKEU,7.0,Passive,2025-07-07 13:52:00,2025-06-30,53,16280.0,96200.0,High,26-35,"150,000+",PAR 30,1
dWAjM1r,rec3XJNCOOQHPkTfv,5.0,Detractor,2025-07-07 15:34:00,2025-06-30,0,0.0,42830.0,Low,18-25,"10,000-19,999",Active,1
XxqX1lg,rec849Dbvi6MqORBJ,9.0,Promoter,2025-07-22 14:15:00,2025-06-30,0,0.0,43920.0,Low,26-35,"30,000-49,999",Active,1
5B4KeaM,rec86PnPzgTEunR4Q,9.0,Promoter,2025-04-22 15:42:00,2025-03-30,37,3156.0,24756.0,High,,"Below 5,000",PAR 30,1
KYxKZdX,recD4VNOHnANe2IPD,10.0,Promoter,2025-05-18 08:13:00,2025-03-30,0,0.0,80000.0,Low,26-35,"150,000+",Active,1
D4eQlLb,recESREXiUzP5DRjl,8.0,Passive,2025-07-22 16:05:00,2025-06-30,35,3420.0,21420.0,High,26-35,"20,000-29,999",PAR 30,1
Ek5zV92,recAvwO3c2RyeIchE,0.0,Detractor,2025-04-22 17:33:00,2025-03-30,24,4200.0,53550.0,Medium,26-35,"50,000-99,999",FPD,1
Ek5z6ao,recCz1heG9HYapz1Z,10.0,Promoter,2025-04-22 15:55:00,2025-03-30,0,1380.0,64860.0,Low,26-35,"50,000-99,999",Active,1
5BkqV6M,recFogbk0d2x25Bzg,4.0,Detractor,2025-07-07 20:25:00,2025-06-30,0,0.0,27380.0,Low,18-25,"10,000-19,999",Active,1
Y5R5MYd,recMGoc2pCuo3NxYX,10.0,Promoter,2025-04-22 19:00:00,2025-03-30,0,0.0,48300.0,Low,26-35,"30,000-49,999",Active,1
eqQNMvo,recMpGoJL9erFeAQJ,1.0,Detractor,2025-05-06 12:40:00,2025-03-30,16,3540.0,55460.0,Medium,36-45,"50,000-99,999",PAR 7,1
ODGk70p,recNI35C6TILPh98S,1.0,Detractor,2025-06-01 17:21:00,2025-03-30,0,0.0,27280.0,Low,18-25,"100,000-149,999",Active,1
japXaLR,recOKEeH8zzhPYyy2,0.0,Detractor,2025-11-05 13:23:00,2025-09-30,0,0.0,20790.0,Low,,"150,000+",Active,1
1AkAE0b,recQ0Txuz1mAfY181,1.0,Detractor,2025-04-22 18:52:00,2025-03-30,0,0.0,48260.0,Low,26-35,"150,000+",Active,1
KY5BrbM,recQfPfd0D6KqOEK3,3.0,Detractor,2025-05-06 11:35:00,2025-03-30,0,0.0,35800.0,Low,26-35,"50,000-99,999",Active,1
A7jNNWN,recSoa4Wz2w9SVqe4,3.0,Detractor,2025-10-11 20:35:00,2025-09-30,0,0.0,0.0,Low,,,Paid Off,1
Y5axGA5,recTnbPc0jkdwZpR1,10.0,Promoter,2025-06-01 12:20:00,2025-03-30,25,13300.0,161140.0,Medium,26-35,"150,000+",FMD,1
J9dK7Er,recK3ObTlGnV82mox,9.0,Promoter,2025-04-22 17:24:00,2025-03-30,0,0.0,46330.0,Low,26-35,"20,000-29,999",Active,1
PdEZ8rQ,recNibc2hl5VD1FRl,9.0,Promoter,2025-07-11 09:23:00,2025-06-30,0,0.0,35280.0,Low,36-45,"30,000-49,999",Active,1
obeVJ0V,recW3kKL2gKpPYwgq,3.0,Detractor,2025-05-06 11:57:00,2025-03-30,0,0.0,46300.0,Low,18-25,"150,000+",Active,1
J9gLBYz,recWEMgOtOcjINR10,7.0,Passive,2025-11-02 09:53:00,2025-09-30,0,0.0,0.0,Low,18-25,,Paid Off,1
RGbdXpJ,recZS8PElkM4hXwpl,7.0,Passive,2025-09-14 13:26:00,2025-06-30,0,0.0,46360.0,Low,26-35,"30,000-49,999",Active,1
q4kQOAG,recchrpmn741gwehP,2.0,Detractor,2025-09-25 18:21:00,2025-06-30,0,0.0,25840.0,Low,26-35,"100,000-149,999",Active,1
Gx9B2L2,recciHXTrAEUgW03i,0.0,Detractor,2025-05-06 12:14:00,2025-03-30,0,0.0,50160.0,Low,26-35,"10,000-19,999",Active,1
OD0Ogvp,recYrjAgDkeFSXX5i,,,2025-07-22 18:50:00,2025-06-30,0,0.0,27130.0,Low,26-35,"150,000+",Active,1
ja9WB2Q,recaF6YsBBHX5ySSe,10.0,Promoter,2025-08-12 15:31:00,2025-06-30,0,0.0,31500.0,Low,36-45,"20,000-29,999",Active,1
RGdWg8J,reciFdz9bXpxWZhoS,9.0,Promoter,2025-04-23 01:22:00,2025-03-30,0,0.0,107940.0,Low,18-25,"5,000-9,999",Active,1
0Q8R2eN,recjby8S4ke8zH5bj,5.0,Detractor,2025-05-18 10:13:00,2025-03-30,0,0.0,61580.0,Low,55+,"30,000-49,999",Active,1
lbMX76V,recjxSzQXD04nU3dW,9.0,Promoter,2025-09-25 12:53:00,2025-06-30,0,0.0,0.0,Low,,,Paid Off,1
A7WpBle,recl5xPCPG53AokSz,9.0,Promoter,2025-08-28 16:38:00,2025-06-30,0,0.0,60420.0,Low,26-35,"150,000+",Active,1
1AxzMZM,reclYHG48ukVML5AL,10.0,Promoter,2025-11-05 14:19:00,2025-09-30,0,0.0,26178.0,Low,26-35,"100,000-149,999",Active,1
WOB7g1J,recmcDZJVqasRTpXB,0.0,Detractor,2025-11-24 11:33:00,2025-09-30,217,47040.0,66150.0,Critical,18-25,"150,000+",Return,1
EkgeJ5o,recptyI57jqHb2BFt,10.0,Promoter,2025-11-05 14:24:00,2025-09-30,0,0.0,28600.0,Low,26-35,"50,000-99,999",Active,1
rjgLdll,recrQZigDi47GG0Xd,8.0,Passive,2025-10-25 08:07:00,2025-09-30,0,0.0,9750.0,Low,,"30,000-49,999",Active,1
44qRGyk,recrSckHFSV04c81j,10.0,Promoter,2025-11-05 15:05:00,2025-09-30,0,0.0,36570.0,Low,18-25,"20,000-29,999",Active,1
Gx1DrBz,rechrmjHG6ahbNmOH,10.0,Promoter,2025-07-07 13:45:00,2025-06-30,0,0.0,60420.0,Low,26-35,"150,000+",Active,1
kd9lN6R,rectgDjginMO37D37,2.0,Detractor,2025-04-23 04:26:00,2025-03-30,14,2630.0,49880.0,Medium,26-35,"50,000-99,999",FMD,1
xXLqM5v,recuooLvPRmwdPJYU,10.0,Promoter,2025-12-02 14:28:00,2025-09-30,0,0.0,30500.0,Low,26-35,"50,000-99,999",Active,1
RGVQJWK,recuyAUVdyI5yjBNn,10.0,Promoter,2025-09-25 15:29:00,2025-06-30,0,0.0,46200.0,Low,26-35,"150,000+",Active,1
J9WyZvK,recvPQetChHO6xq7e,8.0,Passive,2025-09-26 18:14:00,2025-06-30,0,0.0,0.0,Low,26-35,"150,000+",Paid Off,1
RGdKaAv,recvfQIzxKzdeDBFb,9.0,Promoter,2025-04-22 16:24:00,2025-03-30,0,0.0,24600.0,Low,36-45,"50,000-99,999",Active,1
Y5Wgxg0,recvuAyE3DcadUAHt,5.0,Detractor,2025-06-11 13:24:00,2025-03-30,0,0.0,60720.0,Low,26-35,"50,000-99,999",Active,1
dWaZeOy,recwAoAn1A3hyse7v,1.0,Detractor,2025-05-06 15:04:00,2025-03-30,0,0.0,72980.0,Low,26-35,"150,000+",Active,1
Xx0242O,recxkvima1bANyixb,9.0,Promoter,2025-06-01 12:25:00,2025-03-30,0,0.0,48850.0,Low,46-55,"150,000+",Active,1
dWAjPqy,recyEPVI9zaxnP0O1,0.0,Detractor,2025-07-07 13:55:00,2025-06-30,3,1200.0,43900.0,Low,36-45,"50,000-99,999",Inactive,1
2EOaZ7j,recz9x6OZXGZ9ZH78,10.0,Promoter,2025-08-28 14:48:00,2025-06-30,0,0.0,46360.0,Low,18-25,"30,000-49,999",Active,1
VLJ4QVl,reczGfRQYnyPFAARj,10.0,Promoter,2025-06-01 12:10:00,2025-03-30,0,0.0,63130.0,Low,36-45,"150,000+",Active,1
VLVgPqj,reczrYGa9MOvd8U2B,,,2025-07-31 13:02:00,2025-06-30,90,6851.0,23591.0,Critical,26-35,"10,000-19,999",PAR 30,1
7RDOzBL,rec0L8al9HGNm2z4D,5.0,Detractor,2025-07-10 17:05:00,2025-06-30,0,500.0,23500.0,Low,26-35,"50,000-99,999",Active,1
jaM5yjQ,rec1CeTc8CyF0dSdR,1.0,Detractor,2025-07-08 09:49:00,2025-06-30,0,0.0,75200.0,Low,,"100,000-149,999",Active,1
eqE4gNE,recsdEpKyQFIYCrrj,10.0,Promoter,2025-07-22 15:26:00,2025-06-30,34,7300.0,62480.0,High,26-35,"20,000-29,999",PAR 30,1
9q9Jk4V,rect5BpHLRHHJ1biS,3.0,Detractor,2025-05-06 11:49:00,2025-03-30,0,0.0,67850.0,Low,,"5,000-9,999",Active,1
PdDjLK5,rectpw2ZEoO1f5TkM,9.0,Promoter,2025-05-06 12:41:00,2025-03-30,0,0.0,27950.0,Low,26-35,"20,000-29,999",Active,1
q4DEqg7,recvXRQf7Lql3tZtH,4.0,Detractor,2025-05-06 11:23:00,2025-03-30,0,0.0,53130.0,Low,,"50,000-99,999",Active,1
xX40aVE,rec3SapSmLoM5Oli2,0.0,Detractor,2025-09-08 20:21:00,2025-06-30,0,0.0,50740.0,Low,26-35,"30,000-49,999",Active,1
Me228e8,rec6N9UgZKYChnUYl,3.0,Detractor,2025-12-18 18:49:00,2025-09-30,0,0.0,38080.0,Low,26-35,"30,000-49,999",Active,1
5BqvLrE,recAm7FJEUGRHJU9i,10.0,Promoter,2025-08-12 15:42:00,2025-06-30,0,0.0,55680.0,Low,18-25,"10,000-19,999",Active,1
1AbkV5p,recBRBD9X3QJ4KVev,10.0,Promoter,2025-08-19 14:47:00,2025-06-30,0,0.0,39949.0,Low,26-35,,Active,1
PdEY6d5,recBlTID4ZMUfp9ml,8.0,Passive,2025-07-07 13:41:00,2025-06-30,0,0.0,21000.0,Low,46-55,"100,000-149,999",Active,1
Ek1D0V2,recC9FbCyAXs1DXJK,8.0,Passive,2025-08-28 15:11:00,2025-06-30,0,0.0,33632.0,Low,18-25,"100,000-149,999",Active,1
vGpVVW8,recHAeHDCuh28GEfp,10.0,Promoter,2025-11-05 15:30:00,2025-09-30,0,0.0,29450.0,Low,26-35,"20,000-29,999",Active,1
gDxRkeP,recHChIxYqKEDSrii,9.0,Promoter,2025-12-05 19:43:00,2025-09-30,0,0.0,29270.0,Low,,,Active,1
GxQaqoe,recJEuYh2HeFoQPpk,1.0,Detractor,2025-09-25 13:10:00,2025-06-30,0,0.0,0.0,Low,26-35,"150,000+",Paid Off,1
RGLpbrK,recKid1JGQhl6ic6s,10.0,Promoter,2025-07-22 14:22:00,2025-06-30,0,9499.0,0.0,Low,,,Paid Off,1
81k8QLk,recMudKTz52ZXTuTq,10.0,Promoter,2025-09-08 16:09:00,2025-06-30,0,0.0,55900.0,Low,26-35,"10,000-19,999",Active,1
1A2vWMO,recPtbeTdDKfOaDFP,1.0,Detractor,2025-08-12 14:46:00,2025-06-30,0,0.0,45200.0,Low,18-25,"10,000-19,999",Active,1
D410zDZ,recQBzsQQJUu6mXfU,6.0,Detractor,2025-07-08 04:50:00,2025-06-30,0,0.0,71910.0,Low,18-25,"20,000-29,999",Active,1
NpVYoQ0,recQl9mxbLa6eAEXQ,2.0,Detractor,2025-11-05 14:51:00,2025-09-30,0,0.0,72720.0,Low,26-35,"150,000+",Active,1
q4BWRVY,recLVdBLGUkmnA2RD,7.0,Passive,2025-07-07 13:28:00,2025-06-30,0,0.0,21500.0,Low,36-45,"150,000+",Active,1
0QMD9kA,recQVazmlsg1W5mQk,10.0,Promoter,2025-07-08 20:15:00,2025-06-30,0,0.0,45200.0,Low,26-35,"30,000-49,999",Active,1
kdgJW4o,recUgbhyVt0yAuiS4,7.0,Passive,2025-10-26 12:33:00,2025-09-30,0,0.0,42650.0,Low,,,Active,1
2EOAX1L,recWARqS36Jy6a970,2.0,Detractor,2025-08-28 16:17:00,2025-06-30,0,0.0,84130.0,Low,26-35,"10,000-19,999",Active,1
81k8GXr,recXiCjDB0jJ6TzAP,10.0,Promoter,2025-07-07 13:56:00,2025-06-30,5,1150.0,60950.0,Low,26-35,"100,000-149,999",Inactive,1
9qYbODp,recZQBxR3nLBtguvZ,3.0,Detractor,2025-12-20 18:48:00,2025-09-30,0,0.0,54760.0,Low,36-45,"150,000+",Active,1
ZjVYA6y,recZcpVrcjs4ijSAn,5.0,Detractor,2025-07-07 15:08:00,2025-06-30,0,0.0,53100.0,Low,26-35,"10,000-19,999",Active,1
ZjL02VV,recanfTDCQZALo6NJ,10.0,Promoter,2025-12-03 02:29:00,2025-09-30,0,0.0,48520.0,Low,,,Active,1
5B2RA0b,recbqkVgBLVIml8WB,10.0,Promoter,2025-07-22 15:36:00,2025-06-30,0,0.0,38249.0,Low,18-25,"10,000-19,999",Active,1
OD8Xo8A,recct0lTJX8BDE9G6,,,2025-08-28 17:52:00,2025-06-30,0,0.0,46530.0,Low,26-35,"150,000+",Active,1
44DbWZo,recdDgCzoPLcY83VX,0.0,Detractor,2025-12-02 14:04:00,2025-09-30,0,0.0,79828.0,Low,,,Active,1
QKOQ7Q8,recdHyc9uqIsZ7oGB,9.0,Promoter,2025-09-26 07:09:00,2025-06-30,0,0.0,0.0,Low,26-35,,Paid Off,1
J9LlWkX,recV2WuMMRyQQmiTo,10.0,Promoter,2025-07-24 13:51:00,2025-06-30,14,7860.0,121380.0,Medium,36-45,"10,000-19,999",PAR 7,1
pb79MEP,recVWKl0XCm2a1Dxc,8.0,Passive,2025-08-06 14:16:00,2025-06-30,0,0.0,31820.0,Low,26-35,"10,000-19,999",Active,1
Gx0WLkQ,recX1pjmGfKsti8Bh,4.0,Detractor,2025-07-22 13:48:00,2025-06-30,0,0.0,41650.0,Low,26-35,"20,000-29,999",Active,1
Gx1DP2z,recaofd8YNK00YdE4,10.0,Promoter,2025-07-07 15:26:00,2025-06-30,0,0.0,64680.0,Low,26-35,"100,000-149,999",Active,1
RG4YB44,recd0yDTbKuW4uVip,10.0,Promoter,2025-07-07 14:08:00,2025-06-30,0,0.0,54530.0,Low,,"100,000-149,999",Active,1
aQxE4Ov,recVWKl0XCm2a1Dxc,10.0,Promoter,2025-07-07 13:25:00,2025-06-30,0,0.0,31820.0,Low,26-35,"10,000-19,999",Active,1
kdzyZEo,recjA8fJW9lCcb5r6,6.0,Detractor,2025-10-07 14:49:00,2025-09-30,0,0.0,0.0,Low,26-35,,Paid Off,1
rjrLPe2,recjGYYUOhDKPANiw,2.0,Detractor,2025-08-12 15:20:00,2025-06-30,0,0.0,70450.0,Low,26-35,"20,000-29,999",Active,1
Y5OYZvB,reck1yuDoEe0v7VgM,10.0,Promoter,2025-07-07 13:44:00,2025-06-30,0,0.0,60720.0,Low,26-35,"30,000-49,999",Active,1
b5K4dx7,recma0BZQrUSh6KFI,3.0,Detractor,2025-09-08 16:33:00,2025-06-30,0,0.0,44290.0,Low,18-25,"Below 5,000",Active,1
ob00WAO,recdVUGFNZvgW2Z0D,2.0,Detractor,2025-08-22 07:34:00,2025-06-30,0,0.0,63960.0,Low,26-35,"150,000+",Active,1
obBdNWV,recgcs7oP5jfbOzDT,3.0,Detractor,2025-07-07 15:17:00,2025-06-30,0,0.0,58640.0,Low,46-55,"50,000-99,999",Active,1
9q1vQyE,recjP8zu8L2ZU1PBl,10.0,Promoter,2025-07-07 13:36:00,2025-06-30,7,1900.0,59100.0,Medium,36-45,"100,000-149,999",Inactive,1
b5kr2dE,reckN3RPhB7aWdngJ,,,2025-07-07 14:09:00,2025-06-30,0,18700.0,0.0,Low,26-35,,Paid Off,1
lblWdvk,recoUavOnuRf65ZrS,3.0,Detractor,2025-08-12 15:21:00,2025-06-30,0,0.0,55860.0,Low,26-35,"50,000-99,999",Active,1
aQKDLq9,recpBpsBPWcqnph7E,10.0,Promoter,2025-09-08 15:29:00,2025-06-30,0,0.0,37250.0,Low,26-35,"20,000-29,999",Active,1
aQaXMvE,recqmr9oKu76wcZdY,9.0,Promoter,2025-09-25 14:05:00,2025-06-30,0,0.0,0.0,Low,,,Paid Off,1
5B25KBv,recradW6RPw8XkiU6,10.0,Promoter,2025-07-19 15:03:00,2025-06-30,0,0.0,49500.0,Low,26-35,"50,000-99,999",Active,1
68kOLG5,recsZDVYGx1WeYhYD,10.0,Promoter,2025-07-07 16:11:00,2025-06-30,0,0.0,51210.0,Low,26-35,"20,000-29,999",Active,1
44De4JB,recswQbjJ4POjJ9PJ,10.0,Promoter,2025-12-03 06:24:00,2025-09-30,0,0.0,23100.0,Low,18-25,"10,000-19,999",Active,1
ODPY0kK,rectdoklk8Gpnso58,0.0,Detractor,2025-07-22 14:32:00,2025-06-30,0,0.0,63240.0,Low,26-35,"150,000+",Active,1
gDAW0Xl,recnLVsbrucla6kVu,3.0,Detractor,2025-07-08 05:10:00,2025-06-30,0,0.0,70520.0,Low,26-35,"150,000+",Active,1
ZjVzWbo,recpBpsBPWcqnph7E,9.0,Promoter,2025-07-07 17:41:00,2025-06-30,0,0.0,37250.0,Low,26-35,"20,000-29,999",Active,1
zxWydqq,recpyQza9JixSV7mK,1.0,Detractor,2025-08-28 14:32:00,2025-06-30,0,0.0,42500.0,Low,26-35,"5,000-9,999",Active,1
5Bqv6KE,recv2chLShnJvktKH,3.0,Detractor,2025-08-12 18:12:00,2025-06-30,0,0.0,53240.0,Low,36-45,"20,000-29,999",Active,1
Ekrd2vN,rectsyJiD9Ny1erbT,10.0,Promoter,2025-11-26 15:05:00,2025-09-30,5,660.0,23100.0,Low,36-45,"30,000-49,999",Inactive,1
Xx12rge,recvcjzoQpw9BU7EW,8.0,Passive,2025-09-09 10:34:00,2025-06-30,0,0.0,39100.0,Low,26-35,"20,000-29,999",Active,1
ODPYYgg,recvkmJ0RlzfS5y4h,10.0,Promoter,2025-07-07 14:00:00,2025-06-30,23,2970.0,39520.0,Medium,26-35,"10,000-19,999",FMD,1
RGg11gv,reczghrIHDzKrBHrT,8.0,Passive,2025-11-05 15:29:00,2025-09-30,0,0.0,36960.0,Low,26-35,"50,000-99,999",Active,1
japXlzE,rec5b3m1BzNHnFD97,9.0,Promoter,2025-11-05 13:50:00,2025-09-30,0,0.0,62230.0,Low,26-35,"50,000-99,999",Active,1
D4EQjrX,rec9TxaSWA6t0YEV0,8.0,Passive,2025-12-03 05:53:00,2025-09-30,0,0.0,66649.0,Low,36-45,,Active,1
QKXp8kg,recGPkLAtogE0C1Yh,9.0,Promoter,2025-11-05 14:39:00,2025-09-30,0,0.0,46020.0,Low,36-45,"30,000-49,999",Active,1
XxQDZYd,recOo2lhrO1LD9eB4,8.0,Passive,2025-10-07 16:56:00,2025-09-30,0,0.0,67600.0,Low,36-45,"150,000+",Active,1
eqpZP0E,recPGp6sM5kLIGWQr,5.0,Detractor,2025-10-30 07:48:00,2025-09-30,0,0.0,30355.0,Low,18-25,"5,000-9,999",Active,1
ZjKBQOz,recSuD3FBKFEsZLQ0,10.0,Promoter,2025-11-24 11:25:00,2025-09-30,0,0.0,46530.0,Low,26-35,"50,000-99,999",Active,1
KYA1vL8,recT6KOlPdlLEKYnq,7.0,Passive,2025-12-05 04:22:00,2025-09-30,0,1040.0,53040.0,Low,46-55,"30,000-49,999",Active,1
Pd4yjBe,recWbSGB8VPveMPG5,,,2025-10-27 16:41:00,2025-09-30,1,1549.0,53569.0,Low,26-35,,FPD,1
pbG667b,recbWH7WbAjBHe1dC,9.0,Promoter,2025-12-07 16:20:00,2025-09-30,0,0.0,44070.0,Low,26-35,"20,000-29,999",Active,1
aQoYNzW,reciB0BzUalHXlts4,5.0,Detractor,2025-11-26 01:48:00,2025-09-30,0,0.0,44280.0,Low,26-35,"30,000-49,999",Active,1
Y5K8AAN,recihCoKpIpIBbWdY,10.0,Promoter,2025-12-03 05:39:00,2025-09-30,3,990.0,39600.0,Low,26-35,"20,000-29,999",Inactive,1
aQXgexB,recirCG0aG3720bFJ,10.0,Promoter,2025-12-09 09:09:00,2025-09-30,0,0.0,62350.0,Low,,,Active,1
rjbzBDp,recqNva8h3v0CDRz6,9.0,Promoter,2025-12-03 06:45:00,2025-09-30,0,600.0,27900.0,Low,26-35,"20,000-29,999",Active,1
eqpWYPJ,recvELUrUeDrPFpwP,6.0,Detractor,2025-11-06 09:14:00,2025-09-30,0,0.0,48380.0,Low,18-25,"10,000-19,999",Active,1
eqpORXq,recyX7h6rDNBLDRI7,8.0,Passive,2025-11-05 21:09:00,2025-09-30,0,0.0,37380.0,Low,26-35,,Active,1
b5MXyJo,recyXwLYwT1SbJvPQ,5.0,Detractor,2025-12-18 15:52:00,2025-09-30,0,0.0,56120.0,Low,18-25,"150,000+",Active,1
RGBJZ04,recRXj5VXITiGZptk,10.0,Promoter,2025-08-13 13:19:00,,,,,,,,,1
GxoKEgZ,rec7fwVGAJbg5FUKO,5.0,Detractor,2025-08-19 16:48:00,,,,,,,,,1
Xx2d5E4,recpqthVz7TFTlL2x,10.0,Promoter,2025-09-25 11:58:00,,,,,,,,,1
VL4XqXJ,rec0Su49O2lA2esgZ,9.0,Promoter,2025-09-25 13:30:00,,,,,,,,,1
lbgyzdv,recNqp45CRqaPfre0,3.0,Detractor,2025-10-24 09:43:00,,,,,,,,,1
pbGxpQ1,recoHKjCkGJd549G1,6.0,Detractor,2025-07-23 11:33:00,,,,,,,,,1
D4xLYQj,recd8izjrhpNtsfyS,8.0,Passive,2025-09-19 13:44:00,,,,,,,,,1
816OdM5,recFfkPlQt4LYPB2N,10.0,Promoter,2025-09-19 15:45:00,,,,,,,,,1
NpRvRBN,recIJxg2H2u4CfsBA,10.0,Promoter,2025-09-25 13:13:00,,,,,,,,,1
b56XAdE,rec63xIpIRfEiGw7E,,,2025-09-25 13:22:00,,,,,,,,,1
vGaGMO8,rec7c4CU9XVVNNsnC,3.0,Detractor,2025-12-12 08:28:00,,,,,,,,,1
GxXJGbL,recCmqwHC3IbHwDzX,9.0,Promoter,2025-09-08 15:30:00,,,,,,,,,1
xX4NNb9,recAf3bTDIDqUQFO3,,,2025-09-08 17:13:00,,,,,,,,,1
VLN0GWa,rec0pdIYnvM9790yb,5.0,Detractor,2025-10-07 14:09:00,,,,,,,,,1
eqNDrjJ,reccPEsllmwGgx5tA,6.0,Detractor,2025-08-19 14:46:00,,,,,,,,,1
EkB5agB,rectF2COgqTiNe9Sy,10.0,Promoter,2025-08-19 16:06:00,,,,,,,,,1
5BlL80N,recCSc0RTfKOZkfHV,9.0,Promoter,2025-08-21 12:01:00,,,,,,,,,1
NpgvN9Q,recGNT2GLcaJ9IdeT,8.0,Passive,2025-11-05 15:37:00,,,,,,,,,1
Ek097jX,recnwoPg1xcdxOiH9,10.0,Promoter,2025-07-22 15:32:00,,,,,,,,,1
VL9jr7j,recJIqXrVYdBmiJyg,9.0,Promoter,2025-08-19 17:23:00,,,,,,,,,1
xX4PoLE,rec4ZZqW5XwWNPKs9,1.0,Detractor,2025-09-08 14:48:00,,,,,,,,,1
KYaAdQM,rec34Dciio7i24AK1,10.0,Promoter,2025-09-26 05:28:00,,,,,,,,,1
OD9Ng9A,recVNCoDWBEoXx9tL,10.0,Promoter,2025-11-24 11:35:00,,,,,,,,,1
eqj6q9q,recKotpsmbeAwN4ii,8.0,Passive,2025-11-27 10:16:00,,,,,,,,,1
Ekexk9X,reccfwEqZ2cuexIA2,10.0,Promoter,2025-12-04 21:06:00,,,,,,,,,1
KY5rOYA,recUgEE87JHYNKuJ9,10.0,Promoter,2025-06-01 18:58:00,,,,,,,,,1
rjGd8oR,recfJQF17KRGBdNmF,8.0,Passive,2025-09-08 15:14:00,,,,,,,,,1
jaJK8G4,recaclCbxCJ8juc9D,8.0,Passive,2025-09-19 14:12:00,,,,,,,,,1
yP1yAbX,rec4CI6Dyqc0mRTxT,10.0,Promoter,2025-10-08 01:49:00,,,,,,,,,1
dWNEoqV,recl3YX8WH1YAh9Qv,8.0,Passive,2025-04-23 07:37:00,,,,,,,,,1
VLlYbxE,recIbeqFIiiV8HHBj,10.0,Promoter,2025-07-07 14:24:00,,,,,,,,,1
1AEqPbp,rece7jrJtyar46rQR,10.0,Promoter,2025-07-22 16:12:00,,,,,,,,,1
vG0rLJ0,recTKRuxsIYhdsrYP,7.0,Passive,2025-08-19 15:21:00,,,,,,,,,1
VL9jW1a,recGZFhMHTa2PD9ca,,,2025-08-19 16:51:00,,,,,,,,,1
oblRGJN,recaQ2V203stWmqKm,8.0,Passive,2025-08-28 16:43:00,,,,,,,,,1
NpQ88d0,recf0FPG9kUcmlCcL,10.0,Promoter,2025-11-20 16:54:00,,,,,,,,,1
Pd0KGJe,recyQnoDK27FNJXd5,1.0,Detractor,2025-07-22 14:30:00,,,,,,,,,1
xXRG8xy,recf1aIkp9wq9zYuJ,9.0,Promoter,2025-09-19 14:11:00,,,,,,,,,1
2EZzL99,recxk3lz7xAmhgG2N,1.0,Detractor,2025-11-05 14:19:00,,,,,,,,,1
81WV5NA,rec9aINCwOEPe8rup,2.0,Detractor,2025-11-05 15:14:00,,,,,,,,,1
2EzavZA,recAPLhP2Oqk7UwEc,2.0,Detractor,2025-12-04 15:00:00,,,,,,,,,1
XxoPkkO,recX58Jm6Tvy5AuQr,0.0,Detractor,2025-05-18 08:10:00,,,,,,,,,1
81APBKA,rec0QJusY4lg2tUYv,10.0,Promoter,2025-09-08 15:28:00,,,,,,,,,1
5B2W9yb,recRamLX2VTsNYGVS,6.0,Detractor,2025-07-22 16:47:00,,,,,,,,,1
lbLEQRp,recH5qqYTBxjI7mSp,7.0,Passive,2025-07-30 21:25:00,,,,,,,,,1
ja9W7V4,recT4ocfdfj83WGt7,10.0,Promoter,2025-08-12 15:52:00,,,,,,,,,1
ja90xOE,recSGJ0eI3BPcuedz,,,2025-08-19 15:30:00,,,,,,,,,1
9q6XLJY,recHcm9RR0lLFjSFy,4.0,Detractor,2025-08-19 17:45:00,,,,,,,,,1
kdOGQJZ,rec2Hsac1yPCpFFeG,2.0,Detractor,2025-08-28 18:36:00,,,,,,,,,1
obvD0Ob,recWsj7q9waKFvcNF,2.0,Detractor,2025-09-28 14:32:00,,,,,,,,,1
LZ0lGRz,reczhO84o7DrVs2OF,9.0,Promoter,2025-07-22 13:39:00,,,,,,,,,1
b5Ob99E,recdJzgvy8kUOlvBV,10.0,Promoter,2025-07-22 16:29:00,,,,,,,,,1
aQKr8G2,recaESb37Z3k0tr4e,7.0,Passive,2025-09-08 19:25:00,,,,,,,,,1
gDkXA7D,rec7P0L9YIuKQ2Kkc,9.0,Promoter,2025-09-25 12:36:00,,,,,,,,,1
ODkDXK7,recS2YOA4anRGPUlW,6.0,Detractor,2025-09-27 19:42:00,,,,,,,,,1
XxQDOgj,reczX4i6jYFyi622r,10.0,Promoter,2025-10-07 15:17:00,,,,,,,,,1
44E8G1X,recNIye8Y7r6Azaos,7.0,Passive,2025-10-24 15:24:00,,,,,,,,,1
GxjG9Jp,recxrEr3MCil5SsIA,10.0,Promoter,2025-12-02 14:26:00,,,,,,,,,1
KYLxrVk,recdF6NDESMSWz8ZW,1.0,Detractor,2025-08-17 20:52:00,,,,,,,,,1
5BEjYkP,recYj06atoo9WMYLs,7.0,Passive,2025-08-28 15:07:00,,,,,,,,,1
xX4P1Ey,recYj06atoo9WMYLs,6.0,Detractor,2025-09-08 14:58:00,,,,,,,,,1
eqNQrWO,recw1EknbEEifQozB,10.0,Promoter,2025-08-19 18:31:00,,,,,,,,,1
1Ab9XBO,recRmPYEoQcVucZeF,8.0,Passive,2025-08-20 03:45:00,,,,,,,,,1
eqNaR5q,recKbRLxVK4oMKvDR,9.0,Promoter,2025-08-20 04:26:00,,,,,,,,,1
KYvv0Zz,rec7CFQLCsR52eQAs,8.0,Passive,2025-09-09 04:59:00,,,,,,,,,1
LZa8g9p,rechO8AiJTAFMc97d,10.0,Promoter,2025-09-19 13:42:00,,,,,,,,,1
Bz2qj65,rec3ev7dYE67bSxBO,9.0,Promoter,2025-09-25 13:10:00,,,,,,,,,1
BzbL1PA,recBfohvWW8Ui2aq9,6.0,Detractor,2025-09-08 14:34:00,,,,,,,,,1
ODdB7dp,recaFbDIZRVALShjA,0.0,Detractor,2025-09-08 16:27:00,,,,,,,,,1
5BgWEkM,recyDosvDgVoBw6MG,9.0,Promoter,2025-12-03 07:59:00,,,,,,,,,1
jaXQbpQ,rech61HI2mSUFVmDe,8.0,Passive,2025-12-05 07:45:00,,,,,,,,,1
Ek5zaEX,recoU1M0JWdYSiK9t,,,2025-08-19 15:44:00,,,,,,,,,1
yP0J8kB,recvC0M1dQqoRbuN1,7.0,Passive,2025-08-22 14:57:00,,,,,,,,,1
RGVQ58J,recjs76f8BfPunYLJ,0.0,Detractor,2025-09-25 15:05:00,,,,,,,,,1
ODeN2gp,recC5W1W64qDeR3kf,5.0,Detractor,2025-12-02 13:43:00,,,,,,,,,1
ZjELdOy,recJ2EOZGb2N2C4L8,10.0,Promoter,2025-05-08 19:56:00,,,,,,,,,1
LZ510oG,recJInR7ml68KJJfn,6.0,Detractor,2025-08-27 15:19:00,,,,,,,,,1
EkvJOXA,recuCjCkNmjW1ugrN,7.0,Passive,2025-09-08 15:22:00,,,,,,,,,1
816oQ7k,recnjWB35BpiI8yPi,6.0,Detractor,2025-09-13 09:35:00,,,,,,,,,1
7RpYpAa,rec7Sp2KouK8QEK7O,10.0,Promoter,2025-09-25 15:54:00,,,,,,,,,1
LZgB58p,rechfhuz7Gb8pMLWS,2.0,Detractor,2025-11-05 14:41:00,,,,,,,,,1
lb1E9AB,recJMNvaxneN93TcI,10.0,Promoter,2025-11-24 11:44:00,,,,,,,,,1
yPbrAj6,recXgrld8YFLn4xj5,8.0,Passive,2025-12-18 16:10:00,,,,,,,,,1
xXgdMPo,rec0hMBWTO6Mv8hyN,0.0,Detractor,2025-10-24 11:44:00,2025-09-30,0,0.0,1128.0,Low,26-35,"100,000-149,999",Active,1
VLjEx6l,rec0ldrXhYF7VIQus,10.0,Promoter,2025-04-22 16:04:00,2025-03-30,0,0.0,39760.0,Low,,,Active,1
ZjJ0r10,rec1WfRVvT8H7sDZO,6.0,Detractor,2025-07-22 15:31:00,2025-06-30,0,0.0,15480.0,Low,18-25,"5,000-9,999",Active,1
MeVb7JA,rec2YyR1ZUQWiLn8f,10.0,Promoter,2025-10-07 15:30:00,2025-09-30,0,0.0,0.0,Low,,,Paid Off,1
lbzy7x5,rec5TgjRFXsRz7MPT,1.0,Detractor,2025-10-07 15:04:00,2025-09-30,407,52170.0,52170.0,Critical,,,Return,1
7REdpla,rec5ZktTcso1bxS3A,1.0,Detractor,2025-10-07 19:07:00,2025-09-30,0,100.0,0.0,Low,,,Paid Off,1
GxlQDJp,rec5wICPVXjuHrWmL,7.0,Passive,2025-06-01 13:18:00,2025-03-30,224,67300.0,91780.0,Critical,,,PAR 30,1
KYeQRO8,rec6KPHmirSPhQNn6,4.0,Detractor,2025-06-01 19:19:00,2025-03-30,100,10050.0,19430.0,Critical,,,PAR 30,1
A7bDV0B,rec7rn33UJE7thA6f,10.0,Promoter,2025-08-12 18:07:00,2025-06-30,0,0.0,25000.0,Low,26-35,"30,000-49,999",Active,1
LZz1OB2,rec9xhHoNXXxZVhm1,6.0,Detractor,2025-04-22 15:59:00,2025-03-30,0,0.0,12700.0,Low,,,Active,1
Ek6Lo5q,recEUDVPKdQmh0JpW,10.0,Promoter,2025-10-08 12:21:00,2025-09-30,0,100.0,0.0,Low,,,Paid Off,1
aQe90ZZ,recFBt0tDMiuo9nto,9.0,Promoter,2025-04-23 05:25:00,2025-03-30,0,0.0,50570.0,Low,,,Active,1
dWPBNdV,recFXzYuzyq2kCVoS,10.0,Promoter,2025-07-22 16:28:00,2025-06-30,377,59740.0,59740.0,Critical,,,PAR 30,1
vGzAOjg,recGAdo0pGa966UK9,0.0,Detractor,2025-10-07 15:11:00,2025-09-30,0,1280.0,0.0,Low,,,Paid Off,1
Pd8XPAe,recJZmo4Cl1YD9oIA,10.0,Promoter,2025-08-31 06:48:00,2025-06-30,142,23100.0,50600.0,Critical,26-35,"100,000-149,999",PAR 30,1
44y60EB,recJgu9UH70QOJ8CI,5.0,Detractor,2025-11-26 09:05:00,2025-09-30,15,3540.0,9440.0,Medium,,"30,000-49,999",PAR 7,1
VLJ644y,recLk28qj2QkAqNFO,0.0,Detractor,2025-06-04 07:32:00,2025-03-30,0,0.0,11070.0,Low,,,Active,1
LZOGxbp,recO0OOB6dz7h47DI,0.0,Detractor,2025-10-08 01:45:00,2025-09-30,0,0.0,2560.0,Low,,,Active,1
obzAMRe,recPAYLoLWdOtdCMc,8.0,Passive,2025-10-07 17:58:00,2025-09-30,0,0.0,0.0,Low,,,Paid Off,1
rjBjPNM,recRoJtkHMV0zoy05,7.0,Passive,2025-04-22 18:23:00,2025-03-30,44,6999.0,26719.0,High,,,PAR 30,1
Bz72QlY,recECEYNiXDMfy3MY,10.0,Promoter,2025-06-01 13:29:00,2025-03-30,0,0.0,13519.0,Low,,,Active,1
MeapgpM,recRWTGs5DWMaJVUb,10.0,Promoter,2025-05-18 07:51:00,2025-03-30,0,0.0,19180.0,Low,,,Active,1
MeD1QDk,recSJmN2tLPfGLvDl,10.0,Promoter,2025-04-23 01:34:00,2025-03-30,0,0.0,32160.0,Low,,,Active,1
dWpopyz,recVOsaavBgVREJSi,0.0,Detractor,2025-11-05 18:42:00,2025-09-30,274,73000.0,73000.0,Critical,,,Return,1
Zj2Wa8V,recVmKgaSvaauKVj0,0.0,Detractor,2025-05-24 12:35:00,2025-03-30,131,26330.0,45790.0,Critical,,,PAR 30,1
Pd2Db8P,recXOoSxvFeYesRLO,8.0,Passive,2025-08-19 15:43:00,2025-06-30,112,15640.0,36800.0,Critical,26-35,,PAR 30,1
PdDDp9Q,recZN0sS07MrrXMuX,8.0,Passive,2025-04-23 09:12:00,2025-03-30,0,0.0,41860.0,Low,,,Active,1
J9dKG2d,recZlwbPcb948kWi0,1.0,Detractor,2025-04-22 16:07:00,2025-03-30,1,1410.0,20330.0,Low,,,Inactive,1
XxgdBD4,recZw6gIzo09WQJim,1.0,Detractor,2025-11-05 15:12:00,2025-09-30,83,13440.0,20160.0,Critical,,,Return,1
ODBYkjA,recbOp8U15HzIMNn4,8.0,Passive,2025-08-12 16:24:00,2025-06-30,0,0.0,10480.0,Low,,"10,000-19,999",Active,1
rjOMW9o,recdwTRxTLaNtLEgW,8.0,Passive,2025-05-18 07:58:00,2025-03-30,0,1830.0,21430.0,Low,,,Active,1
b5z7De2,receZqSPKKw8UDIKZ,10.0,Promoter,2025-10-07 15:52:00,2025-09-30,0,100.0,0.0,Low,,,Paid Off,1
zxZ5KBg,recetrdLhhAW3anq5,3.0,Detractor,2025-07-30 14:55:00,2025-06-30,381,63360.0,63360.0,Critical,,,FMD,1
yP0JY96,recevkpDVs6rPaMii,9.0,Promoter,2025-08-20 04:22:00,2025-06-30,0,1660.0,21580.0,Low,26-35,,Active,1
gDdNPrO,recfaU4J2bsbuowbQ,6.0,Detractor,2025-05-06 11:30:00,2025-03-30,0,3130.0,15010.0,Low,,,Active,1
68KE9kP,recgxIBSCAxDSZ5bT,5.0,Detractor,2025-05-18 07:53:00,2025-03-30,9,2240.0,18480.0,Medium,,,PAR 7,1
0QGMdrQ,rechTUd7fbC2FlrQl,5.0,Detractor,2025-10-24 14:50:00,2025-09-30,0,0.0,11480.0,Low,,"150,000+",Active,1
9q5OaDX,reciGnmEsGd2S3n8h,8.0,Passive,2025-11-11 06:20:00,2025-09-30,278,43600.0,52320.0,Critical,,,Return,1
ODgK2eK,recikS7jqGdCLWIY0,10.0,Promoter,2025-11-05 15:55:00,2025-09-30,0,0.0,14890.0,Low,,,Active,1
2EPDlVL,recinpaesjmF7dDjt,10.0,Promoter,2025-06-01 14:05:00,2025-03-30,0,0.0,12580.0,Low,,,Active,1
LZz1yJp,recjmq1ePLQnoBUWg,10.0,Promoter,2025-04-22 16:17:00,2025-03-30,0,0.0,48330.0,Low,,,Active,1
2Eax67L,reck5c7il0c1KZGPq,9.0,Promoter,2025-05-06 11:42:00,2025-03-30,0,0.0,15740.0,Low,,,Active,1
b5EpVZ6,reckZT4Ec28nGlnVz,3.0,Detractor,2025-12-02 14:08:00,2025-09-30,0,0.0,10194.0,Low,,"5,000-9,999",Active,1
0QkxD2y,recneSXfg5hOJ6BJw,9.0,Promoter,2025-10-07 15:32:00,2025-09-30,0,1180.0,0.0,Low,,,Paid Off,1
81zo2dx,recpTCQASRig7Tylw,10.0,Promoter,2025-04-22 16:04:00,2025-03-30,0,0.0,50320.0,Low,,,Active,1
XxJBvbj,recqcsIV2PaND50vB,9.0,Promoter,2025-05-06 11:14:00,2025-03-30,62,15100.0,39180.0,Critical,,,PAR 30,1
0QkxYpP,recql5kphjLtb0byU,10.0,Promoter,2025-10-07 16:16:00,2025-09-30,277,17520.0,17520.0,Critical,,,Return,1
yPYz0ad,recqzaEwIrfgu9ifO,10.0,Promoter,2025-06-01 18:29:00,2025-03-30,0,0.0,35300.0,Low,,,Active,1
Gx9BGd2,recraQNy1L5aS9aR1,7.0,Passive,2025-05-12 10:53:00,2025-03-30,0,0.0,15840.0,Low,,,Active,1
dWz6Plo,recuXRPmNIdZLHEFZ,10.0,Promoter,2025-10-07 14:50:00,2025-09-30,0,2980.0,17880.0,Low,,,Active,1
LZObvaJ,recuu4tNcFf0P81Gf,10.0,Promoter,2025-10-07 15:20:00,2025-09-30,0,100.0,0.0,Low,,,Paid Off,1
dW0eXRV,recwOIXfEpt3r42dD,9.0,Promoter,2025-05-18 08:28:00,2025-03-30,94,14220.0,37980.0,Critical,,,PAR 30,1
XxkbPDL,recwdZCb5tboLX1i6,2.0,Detractor,2025-11-24 12:07:00,2025-09-30,0,0.0,9560.0,Low,26-35,,Active,1
5B4K72Q,recxMh4xODGiHLyZB,8.0,Passive,2025-04-22 17:02:00,2025-03-30,0,0.0,12730.0,Low,,,Active,1
81z1WJr,rec2ZxAdpdl97QGxb,6.0,Detractor,2025-04-22 20:03:00,2025-03-30,0,0.0,46740.0,Low,18-25,"30,000-49,999",Active,1
OD4jByK,rec4W3Nbk9yndMvgV,5.0,Detractor,2025-05-06 13:40:00,2025-03-30,0,0.0,55983.0,Low,26-35,"100,000-149,999",Active,1
Pd46rLB,rec4oIBuIQtVCtVwA,0.0,Detractor,2025-10-24 09:42:00,2025-09-30,0,2360.0,20060.0,Low,18-25,"30,000-49,999",Active,1
2ExvZ0A,rec55P0m8J5LIoEZB,,,2025-08-12 16:45:00,2025-06-30,0,0.0,34200.0,Low,26-35,"5,000-9,999",Active,1
aQeNPZW,rec0CsNk3ewkMBGBu,3.0,Detractor,2025-04-22 16:25:00,2025-03-30,0,0.0,34949.0,Low,,,Active,1
GxgEWNk,rec9MnrFWL9liGbZ3,4.0,Detractor,2025-11-06 00:55:00,2025-09-30,0,0.0,24860.0,Low,26-35,"50,000-99,999",Active,1
VL4X4qM,rec9XEa1g7eVo0XW9,10.0,Promoter,2025-09-25 13:17:00,2025-06-30,0,0.0,59250.0,Low,18-25,"10,000-19,999",Active,1
EkN7j9X,recA12NngLOh9vu3T,9.0,Promoter,2025-09-26 06:22:00,2025-06-30,0,0.0,0.0,Low,,,Paid Off,1
441BDkk,recAj6OS6hVrBL15A,10.0,Promoter,2025-08-19 16:29:00,2025-06-30,86,8010.0,30330.0,Critical,,"5,000-9,999",FMD,1
obldQQX,recCZSZrOlKG1Nsgc,2.0,Detractor,2025-08-30 22:16:00,2025-06-30,109,11720.0,38320.0,Critical,26-35,"50,000-99,999",FPD,1
RGg1zDv,recDjum7OE83a1Uga,8.0,Passive,2025-11-05 14:11:00,2025-09-30,0,0.0,48090.0,Low,18-25,"50,000-99,999",Active,1
2EgWNZg,recEojr7uurePlbjZ,10.0,Promoter,2025-12-02 14:44:00,2025-09-30,0,0.0,7150.0,Low,,"150,000+",Active,1
44DbbMX,recEx6e0qdGKb242p,4.0,Detractor,2025-12-02 13:39:00,2025-09-30,0,0.0,24990.0,Low,26-35,"150,000+",Active,1
0QeABrB,recGXnNOYBVE6dBJ8,5.0,Detractor,2025-05-24 07:05:00,2025-03-30,0,0.0,67900.0,Low,18-25,"100,000-149,999",Active,1
Y5RDkx6,recIZZtnG0LN1MpqF,9.0,Promoter,2025-04-22 15:50:00,2025-03-30,4,2761.0,134161.0,Low,46-55,"150,000+",Inactive,1
44E8G9k,recId6tvLcchCdThE,7.0,Passive,2025-10-24 09:50:00,2025-09-30,0,0.0,11440.0,Low,36-45,"30,000-49,999",Active,1
LZ7MrVv,recJYDOkg7rtihPLX,0.0,Detractor,2025-05-06 11:49:00,2025-03-30,0,0.0,78800.0,Low,18-25,"100,000-149,999",Active,1
vGeqMZ8,recK3rTOeDOctIXXs,10.0,Promoter,2025-05-06 15:53:00,2025-03-30,0,0.0,26650.0,Low,26-35,"5,000-9,999",Active,1
obpNR15,recLW28vqdcodQqNY,5.0,Detractor,2025-11-05 20:55:00,2025-09-30,0,0.0,26910.0,Low,26-35,"50,000-99,999",Active,1
ZjRY85A,recLWdcwbnNwfcPIn,1.0,Detractor,2025-12-02 14:14:00,2025-09-30,48,6450.0,27450.0,High,26-35,"50,000-99,999",Return,1
lbZWZMp,recLaLJRIEuKk40ti,8.0,Passive,2025-11-11 11:06:00,2025-09-30,1,1600.0,33600.0,Low,26-35,"50,000-99,999",Inactive,1
xXDqLEr,recLsuDOkLOrDseEq,3.0,Detractor,2025-05-18 19:32:00,2025-03-30,0,0.0,56760.0,Low,36-45,"10,000-19,999",Active,1
9qZK711,recMcjUQhkLC6fhTs,10.0,Promoter,2025-08-28 15:00:00,2025-06-30,0,0.0,44400.0,Low,36-45,"150,000+",Active,1
BzKzzqY,recNS6maFDgoRY8hF,5.0,Detractor,2025-05-19 05:45:00,2025-03-30,0,0.0,71550.0,Low,26-35,"30,000-49,999",Active,1
44BXg5d,recNldIGF1wRXAODx,7.0,Passive,2025-04-22 17:36:00,2025-03-30,0,0.0,47300.0,Low,36-45,"5,000-9,999",Active,1
81ylg1r,recOA76qFpRqqeGYP,7.0,Passive,2025-11-24 11:51:00,2025-09-30,50,11799.0,42599.0,High,,,PAR 30,1
b52aPE1,recPldSrAL2YrVYj1,4.0,Detractor,2025-08-26 21:00:00,2025-06-30,0,1590.0,54060.0,Low,26-35,"100,000-149,999",Active,1
5Bqv9Ev,recQuZmF7ut4GnAwX,9.0,Promoter,2025-08-12 15:08:00,2025-06-30,10,660.0,21740.0,Medium,36-45,"150,000+",PAR 7,1
81eOABo,recTC3h1QVw7znSTt,10.0,Promoter,2025-07-22 14:19:00,2025-06-30,0,0.0,45020.0,Low,36-45,"100,000-149,999",Active,1
aQZdabE,recTQ5bvmJj2HEbgf,5.0,Detractor,2025-08-29 04:35:00,2025-06-30,0,0.0,33850.0,Low,26-35,"150,000+",Active,1
XxqXqG4,recZ8Rqa1O7WMEqou,5.0,Detractor,2025-07-22 13:41:00,2025-06-30,0,0.0,67679.0,Low,,,Active,1
0Qg9qXN,recZA4Gt50gcQpkzf,5.0,Detractor,2025-12-02 16:34:00,2025-09-30,0,0.0,28250.0,Low,26-35,"50,000-99,999",Active,1
2EB85v9,recZt7pRX0FTdSggL,10.0,Promoter,2025-04-22 16:21:00,2025-03-30,0,0.0,55140.0,Low,36-45,"50,000-99,999",Active,1
xXZK4Pk,recbZu4ywwGdkH4jB,10.0,Promoter,2025-07-22 14:17:00,2025-06-30,0,0.0,36750.0,Low,18-25,"10,000-19,999",Active,1
kdRWZBd,recdft3Zcb1C2TKex,7.0,Passive,2025-08-12 15:43:00,2025-06-30,0,0.0,52460.0,Low,36-45,"30,000-49,999",Active,1
D4ZjZWZ,recWEMgOtOcjINR10,5.0,Detractor,2025-09-26 14:53:00,2025-06-30,0,0.0,0.0,Low,18-25,,Paid Off,1
yPNZaPp,recYdRr5oOw861Emd,10.0,Promoter,2025-04-22 16:58:00,2025-03-30,8,1620.0,40750.0,Medium,18-25,"5,000-9,999",PAR 7,1
68KB5YP,reci3vN9UMDfUIbKH,9.0,Promoter,2025-05-18 13:51:00,2025-03-30,0,0.0,15439.6,Low,26-35,"20,000-29,999",Active,1
aQkBa0B,recis4aVIpI8lbhMO,4.0,Detractor,2025-10-24 13:02:00,2025-09-30,0,0.0,14440.0,Low,26-35,"20,000-29,999",Active,1
VLdX4XM,reckATocdGozDIlXn,5.0,Detractor,2025-11-05 14:53:00,2025-09-30,0,0.0,18480.0,Low,26-35,"20,000-29,999",Active,1
44JNgxk,reckjiQOafhnAjcqe,10.0,Promoter,2025-05-06 12:15:00,2025-03-30,0,0.0,71150.0,High,26-35,"50,000-99,999",PAR 30,1
2EYDNWL,recoHeCeo7E5rbUb2,6.0,Detractor,2025-12-16 22:01:00,2025-09-30,0,0.0,19250.0,Low,,"150,000+",Active,1
pbPWeAV,recqp1zK5FIcYoL5e,10.0,Promoter,2025-08-12 14:51:00,2025-06-30,0,0.0,97116.0,Low,26-35,"100,000-149,999",Active,1
ODdYzgR,recrJqDYQTqMcXCsb,10.0,Promoter,2025-09-08 10:33:00,2025-06-30,0,0.0,33600.0,Low,36-45,"50,000-99,999",Active,1
GNVKNZ,recjLCHYg0W63oFyq,9.0,Promoter,2025-04-22 16:06:00,2025-03-30,0,0.0,69520.0,Low,26-35,"10,000-19,999",Active,1
MeO8XOM,recs5X9r6HJt6qU27,0.0,Detractor,2025-07-08 04:10:00,2025-06-30,102,11400.0,38760.0,Critical,18-25,"20,000-29,999",Return,1
xXL6pJo,rectpw2ZEoO1f5TkM,,,2025-11-30 15:37:00,2025-09-30,5,650.0,11700.0,Low,26-35,"20,000-29,999",Inactive,1
PdzzVgd,recuPiDs49slLGuXA,10.0,Promoter,2025-05-21 11:06:00,2025-03-30,12,2760.0,67620.0,Medium,18-25,"30,000-49,999",FMD,1
1ARlrxp,recvlNbURZymhRzwn,8.0,Passive,2025-10-07 14:42:00,2025-09-30,0,0.0,9730.0,Low,,,Active,1
rjBjyaX,recvxTpf3gnFIThnd,10.0,Promoter,2025-04-22 17:40:00,2025-03-30,0,0.0,46740.0,Low,46-55,"30,000-49,999",Active,1
pbyPjey,recx0es3LkBGgncyM,10.0,Promoter,2025-05-06 12:15:00,2025-03-30,11,1390.0,35270.0,Medium,18-25,"5,000-9,999",PAR 7,1
Me8N0b8,recyRMj9xxAynZxRG,1.0,Detractor,2025-08-28 15:36:00,2025-06-30,0,0.0,30800.0,Low,26-35,"100,000-149,999",Active,1
RGBY0EP,recyxoEHXnDvLXCh9,,,2025-08-12 15:26:00,2025-06-30,0,1039.0,39559.0,Low,26-35,"30,000-49,999",Active,1
MezgVxg,reczdLK6uUhXkqGOv,5.0,Detractor,2025-06-11 13:46:00,2025-03-30,0,0.0,73140.0,Low,18-25,"10,000-19,999",Active,1
Me8bbkp,rec166k3oSN6BiPEp,4.0,Detractor,2025-08-29 13:12:00,2025-06-30,37,6200.0,53660.0,High,18-25,"10,000-19,999",FMD,1
xXQyPJ5,recsHxiwvorChBWSy,10.0,Promoter,2025-07-07 14:02:00,2025-06-30,0,0.0,58830.0,Low,18-25,"5,000-9,999",Active,1
2EbP21j,rec099hvwKXtZ27TG,8.0,Passive,2025-08-20 11:38:00,2025-06-30,0,0.0,55460.0,Low,26-35,"30,000-49,999",Active,1
lbRQMBX,rec2ayOrelqB3J31G,7.0,Passive,2025-07-22 14:25:00,2025-06-30,0,0.0,19890.0,Low,26-35,"50,000-99,999",Active,1
xXQ9rrk,rec3Lex7s5kXtVCnv,10.0,Promoter,2025-07-08 04:08:00,2025-06-30,0,0.0,53200.0,Low,26-35,"20,000-29,999",Active,1
q470bk5,rec3jafQV39bXRAey,5.0,Detractor,2025-12-03 07:20:00,2025-09-30,0,0.0,33850.0,Low,36-45,"5,000-9,999",Active,1
MeMDqXl,rec4RE1GwDBphY3hM,3.0,Detractor,2025-09-28 15:26:00,2025-06-30,86,25859.0,67830.0,Critical,36-45,"20,000-29,999",Return,1
Gx1JVqp,rec4Rg9M5YYeM0gla,7.0,Passive,2025-07-07 18:02:00,2025-06-30,0,0.0,66150.0,Low,26-35,"50,000-99,999",Active,1
aQxEYd2,rec4l566KPOWnBxzT,10.0,Promoter,2025-07-07 13:35:00,2025-06-30,0,0.0,39900.0,Low,26-35,"20,000-29,999",Active,1
kdkXkle,rec7JiXTzB50HEelz,10.0,Promoter,2025-09-25 13:14:00,2025-06-30,0,0.0,0.0,Low,,,Paid Off,1
QKvJQeA,rec7PmSRPrzUgrUyF,8.0,Passive,2025-09-08 15:23:00,2025-06-30,0,0.0,62149.0,Low,,,Active,1
ODb1APg,rec7sLZH025Q3t49q,8.0,Passive,2025-09-13 09:47:00,2025-06-30,0,0.0,29160.0,Low,36-45,"30,000-49,999",Active,1
dWZNlVD,rec8ldICTvw6xVx58,3.0,Detractor,2025-08-19 15:12:00,2025-06-30,0,0.0,66090.0,Low,26-35,"100,000-149,999",Active,1
5BQoE1N,rec9gwRGIcsO19iLM,4.0,Detractor,2025-11-05 14:41:00,2025-09-30,0,0.0,26600.0,Low,26-35,"20,000-29,999",Active,1
eqK7Vyx,recAC1HbGdBGTE7Xs,10.0,Promoter,2025-09-08 15:34:00,2025-06-30,0,0.0,74400.0,Low,,,Active,1
Ek0964l,rec3YVNBYbNvcAN9Q,5.0,Detractor,2025-07-22 14:43:00,2025-06-30,0,0.0,46920.0,Low,26-35,"20,000-29,999",Active,1
Gx1BRXz,recCK5DX5MOUmRBhT,1.0,Detractor,2025-07-07 19:20:00,2025-06-30,4,1300.0,54600.0,Low,18-25,"10,000-19,999",Inactive,1
ODoKdVp,recE9zBoCkuF4N0ov,0.0,Detractor,2025-09-25 13:07:00,2025-06-30,0,0.0,0.0,Low,26-35,,Paid Off,1
jaM9ZOR,recHdi1rYPv3Yj3ao,8.0,Passive,2025-07-07 19:06:00,2025-06-30,0,0.0,24220.0,Low,18-25,"10,000-19,999",Active,1
rjpR2K2,recICbsFSOjveB9uK,1.0,Detractor,2025-11-05 14:39:00,2025-09-30,0,0.0,27550.0,Low,26-35,"20,000-29,999",Active,1
VLlYVXE,recIdR3clUfaIhNcq,0.0,Detractor,2025-07-07 13:59:00,2025-06-30,66,15900.0,79500.0,Critical,36-45,"50,000-99,999",Return,1
pbkXDZE,recJGb0CRzalEO9QQ,4.0,Detractor,2025-09-25 12:22:00,2025-06-30,0,0.0,40850.0,Low,36-45,"50,000-99,999",Active,1
BzYqNzN,recJpikXbhfBHDTXv,1.0,Detractor,2025-12-18 16:44:00,2025-09-30,94,18620.0,62510.0,Critical,26-35,"50,000-99,999",PAR 30,1
7RZGA2L,recHYwgpYJAuABt67,9.0,Promoter,2025-07-22 15:42:00,2025-06-30,0,0.0,52360.0,Low,26-35,"50,000-99,999",Active,1
kdAKPZd,recL2LwTwhINNt29W,10.0,Promoter,2025-08-20 05:29:00,2025-06-30,0,0.0,29880.0,Low,18-25,"10,000-19,999",Active,1
5B2RlJo,recMriMigHUfS9Cze,6.0,Detractor,2025-07-22 14:10:00,2025-06-30,0,0.0,40798.0,Low,26-35,"10,000-19,999",Active,1
44D60Mb,recNrKyftyaUYvtu8,10.0,Promoter,2025-12-02 16:35:00,2025-09-30,0,0.0,32960.0,Low,26-35,"50,000-99,999",Active,1
lb0ejQB,recQmOMmE89UOxzlD,10.0,Promoter,2025-08-19 20:58:00,2025-06-30,0,0.0,53770.0,Low,26-35,"50,000-99,999",Active,1
q4PoVP5,recRpuiE3efeaACsA,10.0,Promoter,2025-07-17 14:51:00,2025-06-30,0,1129.0,46329.0,Low,,,Active,1
KYoDZxg,recSXQC4lA3tmGSIY,3.0,Detractor,2025-07-07 14:54:00,2025-06-30,0,0.0,39950.0,Low,26-35,"5,000-9,999",Active,1
81RVPrx,recT0PKJCSvuXRo10,10.0,Promoter,2025-09-25 12:52:00,2025-06-30,0,0.0,46520.0,Low,26-35,"50,000-99,999",Active,1
PdEY5Qx,recLAzp3rOa0eGQjs,7.0,Passive,2025-07-07 13:41:00,2025-06-30,0,0.0,70520.0,Low,26-35,"30,000-49,999",Active,1
44jejqb,recN8VMjQ4fsV0r5M,8.0,Passive,2025-07-22 17:21:00,2025-06-30,0,0.0,43350.0,Low,26-35,"10,000-19,999",Active,1
KYoDJYD,recOUPHCiVIsVialj,10.0,Promoter,2025-07-07 14:03:00,2025-06-30,0,0.0,39950.0,Low,18-25,"30,000-49,999",Active,1
81G5OrA,recT0PKJCSvuXRo10,9.0,Promoter,2025-07-29 11:21:00,2025-06-30,0,0.0,46520.0,Low,26-35,"50,000-99,999",Active,1
PdEYXKb,recVleGfvUixsFTBz,10.0,Promoter,2025-08-19 15:19:00,2025-06-30,0,0.0,41800.0,High,18-25,"50,000-99,999",PAR 30,1
XxGYMej,recYyK0L7RI9xxwBI,,,2025-07-07 14:01:00,2025-06-30,0,0.0,45200.0,Low,26-35,"20,000-29,999",Active,1
44kvJGb,recZjfwCZsseAOYYQ,4.0,Detractor,2025-07-07 13:23:00,2025-06-30,0,0.0,54500.0,Low,18-25,"30,000-49,999",Active,1
ODP9oyA,recajTnOn1GDj8dJf,10.0,Promoter,2025-07-10 07:18:00,2025-06-30,65,15890.0,77900.0,Critical,18-25,"30,000-49,999",FMD,1
PdNLgkb,recalFEcqsmzraXXI,8.0,Passive,2025-12-18 15:38:00,2025-09-30,0,0.0,42900.0,Low,26-35,"150,000+",Active,1
D4egqyZ,recatXyeWXzc8dKq8,7.0,Passive,2025-07-22 16:27:00,2025-06-30,0,0.0,71660.0,Low,26-35,"50,000-99,999",Active,1
rjpR2zN,recbsc9o29FK4fopC,10.0,Promoter,2025-11-05 14:41:00,2025-09-30,0,0.0,22940.0,Low,36-45,"150,000+",Active,1
A7Jj9ek,reccgocRz1F32t9wK,9.0,Promoter,2025-07-08 18:51:00,2025-06-30,0,2360.0,118000.0,Low,18-25,"50,000-99,999",Active,1
q4BNpAO,recXgBSp5oi36DJqD,8.0,Passive,2025-07-10 12:36:00,2025-06-30,0,0.0,69000.0,Low,26-35,"50,000-99,999",Active,1
aQjey4W,recckKGl9zQXUMmPe,0.0,Detractor,2025-08-19 16:13:00,2025-06-30,0,0.0,34020.0,Low,,"5,000-9,999",Active,1
aQaXYVW,recdSSZnE4dZXO2oM,0.0,Detractor,2025-09-25 12:27:00,2025-06-30,0,0.0,60760.0,Low,36-45,"50,000-99,999",Active,1
dW4M69N,receoX1vqHeY2ooMp,9.0,Promoter,2025-12-02 14:46:00,2025-09-30,0,0.0,33800.0,Low,26-35,"5,000-9,999",Active,1
2EkJoO9,recgAsbPPvyvqOoyz,2.0,Detractor,2025-07-07 17:35:00,2025-06-30,5,710.0,35360.0,Low,26-35,"10,000-19,999",Inactive,1
jaMGj54,recgM9Hmos6k8FfgE,5.0,Detractor,2025-07-22 14:39:00,2025-06-30,0,0.0,33828.0,Low,26-35,"50,000-99,999",Active,1
ODdJqNK,reckN3RPhB7aWdngJ,6.0,Detractor,2025-09-08 15:13:00,2025-06-30,0,18700.0,0.0,Low,26-35,,Paid Off,1
BzDaQq1,reci1aSdRbVwbkgUU,10.0,Promoter,2025-08-02 01:30:00,2025-06-30,0,0.0,72970.0,Low,26-35,"100,000-149,999",Active,1
9qyKxKQ,recnGQAbu70Qk0bzy,1.0,Detractor,2025-11-24 11:31:00,2025-09-30,0,0.0,29450.0,Low,26-35,"50,000-99,999",Active,1
D41DyRq,recpy7xGEkzB5XrU6,7.0,Passive,2025-07-07 14:52:00,2025-06-30,0,0.0,55460.0,Low,26-35,"30,000-49,999",Active,1
VL1YZMa,recrw1GnEIyJFBTzB,8.0,Passive,2025-08-12 15:28:00,2025-06-30,0,0.0,0.0,Low,26-35,"50,000-99,999",Paid Off,1
D4eQJvE,recsMA4yHtwvU0wZ1,1.0,Detractor,2025-07-22 14:01:00,2025-06-30,19,3400.0,63200.0,Medium,26-35,"10,000-19,999",FMD,1
zx2rgZa,recsu31LQ5mdaYOmB,1.0,Detractor,2025-09-08 14:44:00,2025-06-30,0,0.0,56870.0,Low,,,Active,1
0QMvga6,rect1wodCvEoCoo04,8.0,Passive,2025-07-07 15:00:00,2025-06-30,0,0.0,52000.0,Low,26-35,"50,000-99,999",Active,1
Np0G4RO,recuq4PsQd0TlkCYt,10.0,Promoter,2025-07-22 17:49:00,2025-06-30,0,0.0,42750.0,Low,26-35,"10,000-19,999",Active,1
b5DX4do,recvEVwG9Jly0QUce,8.0,Passive,2025-11-05 14:29:00,2025-09-30,0,0.0,22000.0,Low,36-45,"10,000-19,999",Active,1
kdp4WYM,recvbAURXicBHqzg4,5.0,Detractor,2025-11-05 17:35:00,2025-09-30,0,0.0,50830.0,Low,46-55,"150,000+",Active,1
jazy5yE,recw4F3kbbsHPA4wc,10.0,Promoter,2025-10-07 15:20:00,2025-09-30,0,0.0,0.0,Low,26-35,,Paid Off,1
D4aNdLR,recwf2esHSGJ8t8wi,0.0,Detractor,2025-10-07 14:34:00,2025-09-30,0,0.0,43580.0,Low,,,Active,1
D41EAzX,recyGqTD9hRspbt7t,5.0,Detractor,2025-07-10 11:58:00,2025-06-30,0,0.0,51060.0,Low,18-25,"100,000-149,999",Active,1
xXLWkvd,recyIow8HjyEotzJF,8.0,Passive,2025-12-02 14:03:00,2025-09-30,0,0.0,22330.0,Low,26-35,"20,000-29,999",Active,1
rjKLEDL,recyblcURGID1o4jj,2.0,Detractor,2025-07-07 13:50:00,2025-06-30,5,1180.0,63280.0,Low,36-45,"150,000+",Inactive,1
Ek1Mkl4,reczDPDNKjFCoWviO,5.0,Detractor,2025-08-19 15:58:00,2025-06-30,0,0.0,49440.0,Low,26-35,"30,000-49,999",Active,1
ZjeN76z,rec8zQiucqnokRo7C,4.0,Detractor,2025-10-07 16:39:00,2025-09-30,74,20199.0,60180.0,Critical,36-45,"150,000+",Return,1
b5g7YKg,recBZjwRrhoGNfKWy,10.0,Promoter,2025-10-24 09:28:00,2025-09-30,0,0.0,79050.0,Low,18-25,"50,000-99,999",Active,1
dWz6RgV,recBh1pGsl0v216OQ,7.0,Passive,2025-10-07 15:44:00,2025-09-30,0,0.0,31680.0,Low,26-35,"30,000-49,999",Active,1
jaXoaqR,recIBftHURxm9BZAg,10.0,Promoter,2025-12-04 17:05:00,2025-09-30,0,0.0,77500.0,Low,26-35,"50,000-99,999",Active,1
lbXeRYX,recIdNYvPqgYtAqFS,9.0,Promoter,2025-12-04 14:48:00,2025-09-30,0,0.0,27720.0,Low,26-35,"30,000-49,999",Active,1
44DeEgA,recJ7ZsBXIP4m21tK,1.0,Detractor,2025-12-03 08:33:00,2025-09-30,0,0.0,122010.0,Low,36-45,"50,000-99,999",Active,1
pb1zXyV,recNpOCQmWAA16ufY,3.0,Detractor,2025-11-21 16:21:00,2025-09-30,0,0.0,122070.0,Low,,,Active,1
ODeD1WA,recO1Otxg4UMfwdcw,10.0,Promoter,2025-11-25 18:20:00,2025-09-30,0,0.0,31740.0,Low,26-35,"20,000-29,999",Active,1
BzlyXV5,recWB3VoHPOpHMe3p,1.0,Detractor,2025-11-24 13:16:00,2025-09-30,43,11859.0,46410.0,High,26-35,"100,000-149,999",Return,1
rjQRMdN,recYNvnZkCNZrD0i2,5.0,Detractor,2025-12-18 16:20:00,2025-09-30,0,0.0,72420.0,Low,26-35,"20,000-29,999",Active,1
1AREJjb,recaCBWHm0GBXCYHk,9.0,Promoter,2025-10-08 05:49:00,2025-09-30,0,0.0,0.0,Low,18-25,,Paid Off,1
VLXBrq6,recaHfeQsllglA4Or,1.0,Detractor,2025-12-09 15:38:00,2025-09-30,0,0.0,37130.0,Low,26-35,"100,000-149,999",Active,1
vGaVQPD,recb661PZ9BgpAQex,8.0,Passive,2025-12-18 16:56:00,2025-09-30,0,0.0,37230.0,Low,36-45,"100,000-149,999",Active,1
2EzayPp,recbBzyCKyS2moQWl,10.0,Promoter,2025-12-04 16:47:00,2025-09-30,0,0.0,44876.0,Low,36-45,"50,000-99,999",Active,1
MeVAYBM,recdSqNnFThBdvkji,10.0,Promoter,2025-10-07 18:33:00,2025-09-30,0,0.0,41860.0,Low,18-25,"20,000-29,999",Active,1
LZOq1oO,recfB4YZDJnmSes6O,3.0,Detractor,2025-10-11 16:13:00,2025-09-30,0,0.0,77250.0,Low,26-35,"50,000-99,999",Active,1
0QgXKoP,reciuSkNUfCyhZSva,9.0,Promoter,2025-12-03 05:54:00,2025-09-30,0,0.0,27910.0,Low,18-25,"5,000-9,999",Active,1
yPr2dgd,reclYerv7TvoUMsVC,8.0,Passive,2025-12-04 15:24:00,2025-09-30,0,0.0,54280.0,Low,26-35,"100,000-149,999",Active,1
ZjgXKWo,recnloH6bIuipQ74V,7.0,Passive,2025-11-05 15:22:00,2025-09-30,0,0.0,43490.0,Low,18-25,"5,000-9,999",Active,1
b5z7Lge,recouxE6HSHGbbEME,10.0,Promoter,2025-10-07 15:08:00,2025-09-30,0,0.0,68250.0,Low,36-45,"150,000+",Active,1
xX1W6K9,reczrOHGSa1JcWnrb,10.0,Promoter,2025-11-24 11:32:00,2025-09-30,0,0.0,43400.0,Low,26-35,"50,000-99,999",Active,1
aQ1GkLB,reczw0Irqr4KH36rr,2.0,Detractor,2025-12-15 09:59:00,2025-09-30,0,0.0,34760.0,Low,26-35,"150,000+",Active,1
5Bqvx1N,recjZopdDpA1Ty0Rm,9.0,Promoter,2025-08-19 15:16:00,,,,,,,,,1
Gxo1Gkz,recATjp5X1m58BTPc,8.0,Passive,2025-08-21 04:58:00,,,,,,,,,1
44P71Xr,recIy6zLNTkyCY9Op,7.0,Passive,2025-08-28 17:29:00,,,,,,,,,1
aQZYZa2,recxy6b15KYBoHOah,8.0,Passive,2025-08-29 09:36:00,,,,,,,,,1
Me6BMJk,recUiH0qa0WOCxhw6,6.0,Detractor,2025-09-19 16:49:00,,,,,,,,,1
japXPy6,recy5bHNdLdoN893V,0.0,Detractor,2025-11-05 13:51:00,,,,,,,,,1
68YG6kk,rec2EObvj8DZFair6,8.0,Passive,2025-12-18 16:14:00,,,,,,,,,1
WOP4Eya,reckR4SUrA1bcrUGR,9.0,Promoter,2025-07-31 09:00:00,,,,,,,,,1
obVk2VX,recWksRy59QPw3YqL,10.0,Promoter,2025-08-13 23:02:00,,,,,,,,,1
Y5V0EP6,recudfgshhztf1NMg,7.0,Passive,2025-08-28 15:58:00,,,,,,,,,1
RGbpPkK,rec3PmlVetqC6TLZq,0.0,Detractor,2025-09-19 15:32:00,,,,,,,,,1
Bz24WLR,recumGxQ2rRyD1Uox,10.0,Promoter,2025-09-20 15:06:00,,,,,,,,,1
81eORro,recgJqJLD2B8VgY9k,10.0,Promoter,2025-07-22 14:29:00,,,,,,,,,1
ja0bKV4,recmIU2uYqrcEx09B,0.0,Detractor,2025-08-19 17:23:00,,,,,,,,,1
68AOpRP,recgJqJLD2B8VgY9k,10.0,Promoter,2025-09-08 14:27:00,,,,,,,,,1
Xx2dggP,recf6XPEiO9I29Rp2,8.0,Passive,2025-09-25 13:36:00,,,,,,,,,1
ZjgkaDe,rectoThXgYfuHxleN,10.0,Promoter,2025-11-30 13:41:00,,,,,,,,,1
ja06ELJ,recFJabc3syuM477j,7.0,Passive,2025-08-19 20:27:00,,,,,,,,,1
rj0Ey4M,rec4jH2kp3qwzqeJM,8.0,Passive,2025-08-21 05:47:00,,,,,,,,,1
RG85N7d,rec66VMRtyscj1ohL,1.0,Detractor,2025-08-29 11:40:00,,,,,,,,,1
J9eyBLK,rec5B4YHTOK9ptRsS,10.0,Promoter,2025-09-19 13:40:00,,,,,,,,,1
zx1xkqq,rec2FVAI1nMG7dkOL,8.0,Passive,2025-09-20 20:26:00,,,,,,,,,1
BzdbM8e,recJIfjnwL5zDtzH3,8.0,Passive,2025-05-06 12:09:00,,,,,,,,,1
WOPlkOk,recrvuehaQOVf0nK0,4.0,Detractor,2025-07-27 14:35:00,,,,,,,,,1
BzbDDBN,recLsHGUGGwI12XGi,10.0,Promoter,2025-08-12 15:46:00,,,,,,,,,1
XxBYy6Y,recDRkDsE1iURwZEF,10.0,Promoter,2025-08-12 16:53:00,,,,,,,,,1
q4jA4Vk,recxV2TqNDnnqsqKB,10.0,Promoter,2025-08-29 07:41:00,,,,,,,,,1
yPoO8G4,recKSLlKksq97smdy,7.0,Passive,2025-09-19 14:14:00,,,,,,,,,1
LZa8rRv,recoTziqnJ30sr4oy,10.0,Promoter,2025-09-19 14:26:00,,,,,,,,,1
A74kgee,recQfB6ejGIiUSoIY,1.0,Detractor,2025-09-19 14:26:00,,,,,,,,,1
gDg0zrJ,recL6XUnkmp58e4Fz,9.0,Promoter,2025-10-24 09:44:00,,,,,,,,,1
dWg67Qr,recG4mPowMbVaryAx,10.0,Promoter,2025-10-24 10:55:00,,,,,,,,,1
OD92kWA,recD78FMaiwDzXTw9,10.0,Promoter,2025-11-24 14:09:00,,,,,,,,,1
D4ElX9l,recei563FvXEHhusU,1.0,Detractor,2025-12-03 11:28:00,,,,,,,,,1
81eOgBO,recum5e009nMzR7YA,8.0,Passive,2025-07-22 15:52:00,,,,,,,,,1
RGLEygj,recodV1kgWtHbDWlR,6.0,Detractor,2025-07-22 19:44:00,,,,,,,,,1
81p8ARY,rech0VbnjgaZAj8Q3,10.0,Promoter,2025-08-12 16:11:00,,,,,,,,,1
lbKlL2W,recBXDX1IXRQYA9ly,5.0,Detractor,2025-09-08 17:03:00,,,,,,,,,1
QKOQkYA,recWRHtsxOKM359Ml,10.0,Promoter,2025-09-26 08:35:00,,,,,,,,,1
rjY6gPX,rec4mbScaK9uUoXKK,0.0,Detractor,2025-10-07 15:46:00,,,,,,,,,1
5BLBryb,rec7ySQFGP3guXu35,4.0,Detractor,2025-07-23 14:27:00,,,,,,,,,1
QKBdb41,recLWEOvZqaguWtVx,10.0,Promoter,2025-08-12 14:12:00,,,,,,,,,1
gDxoRzl,recHuUXp6cB3GP60a,10.0,Promoter,2025-12-02 14:00:00,,,,,,,,,1
xXZkoPG,recSi7RzOVz6UcWGz,5.0,Detractor,2025-07-23 06:00:00,,,,,,,,,1
GxBY1vo,recY6IUAb065QjHxV,3.0,Detractor,2025-08-13 10:46:00,,,,,,,,,1
dWQa1eo,recbTgJSvbB93XWC3,4.0,Detractor,2025-08-28 14:58:00,,,,,,,,,1
A7Wp4YB,recQOgP26osTnxLlB,6.0,Detractor,2025-08-28 17:50:00,,,,,,,,,1
A7AqEe0,rec5o2Kymu1iB6hqj,9.0,Promoter,2025-09-08 15:33:00,,,,,,,,,1
jagB479,recAYgkJQtKZusb26,8.0,Passive,2025-10-24 13:50:00,,,,,,,,,1
RGMBQll,recy5EI2y3pUBSkda,10.0,Promoter,2025-05-06 11:24:00,,,,,,,,,1
A72oevk,recy5EI2y3pUBSkda,10.0,Promoter,2025-05-11 13:57:00,,,,,,,,,1
5Bl444o,rec9VYv5v2tifIL7g,2.0,Detractor,2025-08-19 14:30:00,,,,,,,,,1
ZjGMy5o,recONM6lrNktkJ2cT,1.0,Detractor,2025-08-26 15:47:00,,,,,,,,,1
kdkXABZ,recMYV6bfE9TwYSEH,10.0,Promoter,2025-09-25 12:39:00,,,,,,,,,1
EkrzBQq,recwro00A11zpl0hU,9.0,Promoter,2025-11-25 16:18:00,,,,,,,,,1
44D5MvB,rec9RF4giGtn5a8Nv,10.0,Promoter,2025-12-03 05:49:00,,,,,,,,,1
dW4B5NN,recReyZes1GEGKGxM,6.0,Detractor,2025-12-03 09:44:00,,,,,,,,,1
9qJEoD5,recpv9kzkBHSkTPLc,,,2025-08-12 20:41:00,,,,,,,,,1
A76KJrD,rec8I2hj61g7eEDvN,9.0,Promoter,2025-08-19 15:01:00,,,,,,,,,1
Ek8dR7X,recTG2V7T20cyN6N6,5.0,Detractor,2025-08-28 15:34:00,,,,,,,,,1
RGbpbYl,recpNEi9KXY4y4fHB,5.0,Detractor,2025-09-19 16:37:00,,,,,,,,,1
ODE0ENM,recjYyRXvCYuPvpRK,,,2025-10-08 06:49:00,,,,,,,,,1
rjpRDBX,recK6Q7jxS6DnwZbt,3.0,Detractor,2025-11-05 13:24:00,,,,,,,,,1
obVoXBM,rectPBuQlu7MjZSZP,10.0,Promoter,2025-08-12 14:24:00,,,,,,,,,1
D4XKEdZ,rec5g4lYKeDeZFngF,10.0,Promoter,2025-08-19 16:28:00,,,,,,,,,1
vGqDEyX,recOhOhvyseElCN7W,9.0,Promoter,2025-08-28 17:42:00,,,,,,,,,1
Pd8zdjb,recYvVwExp5uhaNVp,10.0,Promoter,2025-08-28 20:01:00,,,,,,,,,1
rjkREOM,rec4B9MUt2z2Q7mBO,9.0,Promoter,2025-09-25 12:38:00,,,,,,,,,1
jakrl7Y,recc8BkrS6xn3lOYg,10.0,Promoter,2025-09-25 16:39:00,,,,,,,,,1
J9gbAN7,recPFL8X3iYyrQfVA,6.0,Detractor,2025-11-05 13:58:00,,,,,,,,,1
RGa9Q8j,recnI3dVVx2a5DkWU,10.0,Promoter,2025-11-24 11:52:00,,,,,,,,,1
q4XAggk,recok7Ah4TiiFtgKC,6.0,Detractor,2025-12-05 09:44:00,,,,,,,,,1
81e7BJO,reczW3g2KWVN3r81r,2.0,Detractor,2025-07-22 19:57:00,,,,,,,,,1
XxBMlWj,rec5w2DeHGLakPlAz,10.0,Promoter,2025-08-12 18:19:00,,,,,,,,,1
gDN7dPD,rec1b6ckwc5JjNE0t,8.0,Passive,2025-08-12 18:51:00,,,,,,,,,1
MedrRME,rec1nIg2ZBLbzgMFu,5.0,Detractor,2025-08-13 06:08:00,,,,,,,,,1
LZE5gJz,rec0IKT43b6nSwiD6,7.0,Passive,2025-08-22 10:55:00,,,,,,,,,1
Np8XbK0,rec5w2DeHGLakPlAz,10.0,Promoter,2025-08-28 17:53:00,,,,,,,,,1
PdbD8dd,recCwq3qU5DiZsXDY,1.0,Detractor,2025-09-14 10:31:00,,,,,,,,,1
0QZ40oN,recSJUkssAnKhdplp,5.0,Detractor,2025-09-19 14:08:00,,,,,,,,,1
KYaA1AK,rec0fgivE1Xv7sHFV,6.0,Detractor,2025-09-25 12:21:00,,,,,,,,,1
EkNjAP2,recD8bCzIuKrfpGeW,3.0,Detractor,2025-09-27 13:04:00,,,,,,,,,1
WOKy1bL,recNutJ7K3hZDMTxb,2.0,Detractor,2025-09-19 16:48:00,,,,,,,,,1
q4zbJ8d,rec0ESJyg01Jm4U7k,10.0,Promoter,2025-10-07 19:08:00,,,,,,,,,1
xXoEglE,rectdcXiJ5uv7qFOL,8.0,Passive,2025-11-05 15:11:00,,,,,,,,,1
5Bg7Bl6,recvEasXRG9Ik6nJr,10.0,Promoter,2025-12-02 14:13:00,,,,,,,,,1
xXNyJLv,receahL1GpamBixQH,8.0,Passive,2025-08-12 15:13:00,,,,,,,,,1
Gxopk1k,recqaNv0p5HtUuD1f,8.0,Passive,2025-08-20 01:07:00,,,,,,,,,1
Pd81QJ5,reccSRg3yp8Kurgtf,8.0,Passive,2025-08-28 15:16:00,,,,,,,,,1
2EOAAOA,recBndNMaLhKM9Bt4,7.0,Passive,2025-08-28 16:35:00,,,,,,,,,1
EkvJoJo,recY0NAIJe4EFE9Ok,4.0,Detractor,2025-09-09 04:28:00,,,,,,,,,1
QKzLMq7,recXt9KWRPfdpHOSY,5.0,Detractor,2025-09-19 15:21:00,,,,,,,,,1
rjJ7ZlL,rec1fM7RA2258FmuE,5.0,Detractor,2025-09-19 18:35:00,,,,,,,,,1
jaq1b61,rec6j1VG4jf4qg9A7,10.0,Promoter,2025-12-03 06:40:00,,,,,,,,,1
0QbDDJN,recM34hJfhjSf3eoh,7.0,Passive,2025-08-23 00:22:00,,,,,,,,,1
kdJL8Pd,rec7qe2tj9h2i73Q2,1.0,Detractor,2025-09-19 14:14:00,,,,,,,,,1
zxdqGEg,recDWFaOpKWC7Buks,10.0,Promoter,2025-10-07 15:24:00,,,,,,,,,1
zxOA1lg,recsYmT1liOZG6BVr,10.0,Promoter,2025-11-05 18:14:00,,,,,,,,,1
0QyWN0Z,recsfpVruK7WHuVY7,6.0,Detractor,2025-11-24 12:27:00,,,,,,,,,1
vGao9Ov,rec0g68UbKMuRc3js,0.0,Detractor,2025-12-20 22:25:00,2025-09-30,488,21850.0,21850.0,Critical,,,Return,1
QK0P971,rec1YW1ORG5jo5Zfm,7.0,Passive,2025-07-22 19:27:00,2025-06-30,72,14950.0,34550.0,Critical,,,PAR 30,1
pbzK7Bq,rec2kIaGsm8FzKH0r,3.0,Detractor,2025-10-07 15:02:00,2025-09-30,0,100.0,0.0,Low,,,Paid Off,1
0QBAbeZ,rec46zWg0IDkqq4Vs,7.0,Passive,2025-05-07 19:57:00,2025-03-30,227,57420.0,88740.0,Critical,,,FPD,1
yP20Y46,rec4KCAmpmTNDaARB,4.0,Detractor,2025-05-06 12:59:00,2025-03-30,258,28450.0,34770.0,Critical,,,PAR 30,1
2Eo4bRe,rec4jGvDWcBvgjJqq,10.0,Promoter,2025-10-07 18:52:00,2025-09-30,0,2820.0,0.0,Low,,,Paid Off,1
A7WvPLB,rec52Ba19b3mcGPTr,10.0,Promoter,2025-08-29 01:16:00,2025-06-30,0,0.0,16560.0,Low,36-45,,Active,1
b5j2lV7,rec5AwdUgoLMWAbDT,5.0,Detractor,2025-05-06 13:10:00,2025-03-30,0,0.0,38990.0,Low,,,Active,1
gD4K4vl,rec7jCmNMPNWJHeDs,,,2025-07-22 17:19:00,2025-06-30,0,0.0,31730.0,Low,,"150,000+",Active,1
MeVOzD0,rec8YVDJJPbI1bVBS,5.0,Detractor,2025-10-07 22:31:00,2025-09-30,0,0.0,0.0,Low,,,Paid Off,1
ZjedKRV,rec8l8Z3r5ZlxJgYm,5.0,Detractor,2025-10-07 19:49:00,2025-09-30,0,0.0,850.0,Low,,,Active,1
kdzY54e,recA8WDbeCit1OVC6,8.0,Passive,2025-10-07 18:28:00,2025-09-30,0,0.0,0.0,Low,,,Paid Off,1
ODXMyLR,recACWnGWaEcuAx35,10.0,Promoter,2025-05-18 07:57:00,2025-03-30,0,100.0,0.0,Low,,,Paid Off,1
gDGkbLd,recAipXd48m5bBSof,10.0,Promoter,2025-06-01 11:48:00,2025-03-30,0,27620.0,46540.0,Low,,,Active,1
Ek0y6qA,recBwRtxjQTklBqzm,10.0,Promoter,2025-08-29 08:08:00,2025-06-30,200,49774.0,86734.0,Critical,,"Below 5,000",FMD,1
gD1ogll,recCLo90gmefTvhXe,1.0,Detractor,2025-11-24 11:34:00,2025-09-30,398,94350.0,94350.0,Critical,,,Return,1
jazyLd4,recEPbBi0Nprb5sDZ,0.0,Detractor,2025-10-07 14:58:00,2025-09-30,682,81199.0,81199.0,Critical,,"100,000-149,999",Return,1
2EOa5qg,recG3uIx2pacaSBlL,2.0,Detractor,2025-08-28 14:56:00,2025-06-30,0,0.0,17920.0,Low,26-35,"20,000-29,999",Active,1
KYZ9o8z,recGSwGRZMTR0eFkG,0.0,Detractor,2025-11-24 16:20:00,2025-09-30,0,0.0,16560.0,Low,46-55,,Active,1
b5zlqE0,recHKoUtnTcAkpyXU,10.0,Promoter,2025-10-07 17:36:00,2025-09-30,0,0.0,0.0,Low,,,Paid Off,1
WOlEq0P,recIH6pL18Q8h5AxG,5.0,Detractor,2025-08-28 14:36:00,2025-06-30,0,1310.0,30310.0,Low,26-35,"50,000-99,999",Active,1
0QlzvNj,recJNCAGzqlKG7kW0,10.0,Promoter,2025-11-05 14:24:00,2025-09-30,451,64110.0,64110.0,Critical,,,Return,1
0QjL4yA,recKxfKeEaPvuqnSI,7.0,Passive,2025-08-12 14:17:00,2025-06-30,0,0.0,41860.0,Low,,,Active,1
5BQRbpo,recLpwQdyt5xRd7Ti,10.0,Promoter,2025-11-07 03:51:00,2025-09-30,0,2740.0,10960.0,Low,,,Active,1
dWdRk0y,recMM20ovr8fzeKMB,10.0,Promoter,2025-06-02 07:14:00,2025-03-30,106,21260.0,43340.0,Critical,,,PAR 30,1
44D5YpO,recNZJyVtcJzmrogG,4.0,Detractor,2025-12-03 05:16:00,2025-09-30,223,17190.0,17190.0,Critical,,,Return,1
J9bMxPY,recQFKNtrmsoruKZl,10.0,Promoter,2025-12-08 09:50:00,2025-09-30,0,0.0,4590.0,Low,18-25,"Below 5,000",Active,1
81rKrYO,recQJWCGAZ7yuy0k7,8.0,Passive,2025-10-07 15:40:00,2025-09-30,0,100.0,0.0,Low,,,Paid Off,1
vGeqD70,recQruqlcYr258MHu,5.0,Detractor,2025-05-06 15:59:00,2025-03-30,0,0.0,47150.0,Low,,"100,000-149,999",Active,1
QK4DB07,recQvqowspGKz0bxQ,1.0,Detractor,2025-10-07 15:12:00,2025-09-30,0,100.0,0.0,Low,,,Paid Off,1
rjBybNp,recQwlUSYREf8Oq80,5.0,Detractor,2025-04-22 16:30:00,2025-03-30,0,0.0,33040.0,Low,18-25,,Active,1
q4zdjYO,recR9BfSGqxMNBdoY,2.0,Detractor,2025-10-07 15:16:00,2025-09-30,0,0.0,0.0,Low,,,Paid Off,1
A7pg2VN,recRnpyhCravudRW9,0.0,Detractor,2025-05-18 16:16:00,2025-03-30,0,100.0,29050.0,Low,,,Active,1
J9djZbz,recSJT34aHQjxnzeh,0.0,Detractor,2025-04-29 19:30:00,2025-03-30,0,100.0,15580.0,Low,,,Active,1
LZz1l4y,recNMSZ8wZIndUOND,5.0,Detractor,2025-04-22 17:21:00,2025-03-30,0,0.0,21760.0,Low,26-35,"10,000-19,999",Active,1
VLQ9LV6,recQi0z4yg0K6Sl3H,9.0,Promoter,2025-05-06 12:32:00,2025-03-30,0,3900.0,3900.0,Low,,,Active,1
44EkrXb,recUQwHhQrfDHkFb0,,,2025-10-24 15:12:00,2025-09-30,0,11480.0,21320.0,Low,26-35,"100,000-149,999",Active,1
jazykyQ,recV7ttR5akRE0wI9,0.0,Detractor,2025-10-07 15:30:00,2025-09-30,274,83070.0,83070.0,Critical,,,Return,1
aQz6kNE,recYS0Eyz3AgQrhYb,6.0,Detractor,2025-10-07 15:46:00,2025-09-30,0,100.0,0.0,Low,26-35,,Paid Off,1
GxazRAL,reca1BEUJPlrpYu8M,5.0,Detractor,2025-12-05 11:57:00,2025-09-30,0,0.0,15800.0,Low,26-35,"150,000+",Active,1
LZObQBy,recaPiLlh98LqouUG,10.0,Promoter,2025-10-07 17:03:00,2025-09-30,0,0.0,0.0,Low,,,Paid Off,1
rjBykB2,recayIesPKGAMilkX,0.0,Detractor,2025-04-22 15:42:00,2025-03-30,15,4200.0,44800.0,Medium,,,PAR 7,1
J9zyBP4,recea4Sx7hZLEdIFA,6.0,Detractor,2025-06-04 19:19:00,2025-03-30,0,0.0,40700.0,Low,18-25,"10,000-19,999",Active,1
GxbBag2,recftqqyVLzBItZmS,0.0,Detractor,2025-10-09 01:07:00,2025-09-30,0,0.0,0.0,Low,,,Paid Off,1
pbo2kQ8,recc4f0SpTvrOWVLY,0.0,Detractor,2025-05-18 13:14:00,2025-03-30,0,22580.0,25700.0,Low,,,Active,1
J9o6LXo,reciyiXHPerTLDLqT,6.0,Detractor,2025-10-07 14:55:00,2025-09-30,0,0.0,0.0,Low,,,Paid Off,1
q4zdKe9,recltynbiV4Rllui7,10.0,Promoter,2025-10-07 15:04:00,2025-09-30,0,0.0,0.0,Low,,,Paid Off,1
QKMKAlp,recpeLpbrHcYKU0hW,10.0,Promoter,2025-04-22 18:35:00,2025-03-30,0,1190.0,42840.0,Low,18-25,"100,000-149,999",Active,1
2EaxWAV,recqNdDTLjuIrphTI,10.0,Promoter,2025-05-06 11:46:00,2025-03-30,0,0.0,35961.0,Low,,"50,000-99,999",Active,1
LZ7Me8G,recsXh6KPaIbscLxK,7.0,Passive,2025-05-06 11:56:00,2025-03-30,0,100.0,0.0,Low,,,Paid Off,1
Gxdg5go,rectYQCibv7qHyvly,0.0,Detractor,2025-06-11 13:28:00,2025-03-30,0,0.0,44800.0,Low,,,Active,1
OD48B27,rectoVZdOrTTJiUxE,5.0,Detractor,2025-05-06 16:54:00,2025-03-30,4,49.0,19369.0,Low,,,Inactive,1
b5z71aL,recuzC5r1bVAHHBOt,9.0,Promoter,2025-10-07 16:25:00,2025-09-30,446,33300.0,33300.0,Critical,,,Return,1
EkGd4aN,recyObauvGChDeXPm,6.0,Detractor,2025-12-13 11:04:00,2025-09-30,0,0.0,15800.0,Low,,,Active,1
xXgpW9J,rec0HrmbKcHdVBS0N,9.0,Promoter,2025-10-24 10:39:00,2025-09-30,0,0.0,26840.0,Low,,,Active,1
68YG6zA,rec37jf04C4ikGi7h,10.0,Promoter,2025-12-18 16:16:00,2025-09-30,0,0.0,17760.0,Low,26-35,"100,000-149,999",Active,1
xXgpz85,rec5pgfzE9sNbW6MI,9.0,Promoter,2025-10-24 09:44:00,2025-09-30,0,0.0,24840.0,Low,26-35,"50,000-99,999",Active,1
PdWxzy5,rec70zhQOeEppBrsi,10.0,Promoter,2025-12-02 14:35:00,2025-09-30,0,0.0,14940.0,Low,26-35,"30,000-49,999",Active,1
obGOEyO,rec6SbojKYwQJdEHs,5.0,Detractor,2025-05-30 08:22:00,2025-03-30,0,0.0,25980.0,Low,26-35,"30,000-49,999",Active,1
ZjojEMV,rec7BhK2j0BW0wWiM,10.0,Promoter,2025-04-22 18:07:00,2025-03-30,0,0.0,48000.0,Low,26-35,"30,000-49,999",Active,1
Pdl2525,rec8VHHLxKXH2y7Kj,8.0,Passive,2025-07-27 05:48:00,2025-06-30,54,12320.0,53900.0,High,36-45,"150,000+",PAR 30,1
rjOMbxX,rec9QuJixQvLc9SuF,,,2025-05-18 08:21:00,2025-03-30,0,0.0,131400.0,Low,36-45,"150,000+",Active,1
xXN2OMo,recAEPldAxJJafGOR,10.0,Promoter,2025-08-12 14:24:00,2025-06-30,0,0.0,44100.0,Low,18-25,"50,000-99,999",Active,1
1AyqAB1,recBlD2QxXyidaeqJ,1.0,Detractor,2025-11-25 04:59:00,2025-09-30,18,4800.0,41600.0,Medium,36-45,"50,000-99,999",PAR 7,1
1A2broO,recG2INYdz4H2Gz4E,0.0,Detractor,2025-08-13 06:30:00,2025-06-30,0,0.0,32080.0,Low,26-35,"150,000+",Active,1
ODPY8gR,recGhA545q8uRSZOY,5.0,Detractor,2025-07-07 14:26:00,2025-06-30,0,0.0,22510.0,Low,18-25,"50,000-99,999",Active,1
rjY6E82,rec930FTxCoNOb8Db,0.0,Detractor,2025-10-07 14:55:00,2025-09-30,0,0.0,16200.0,Low,,"50,000-99,999",Active,1
Me5B0LM,recJG98SLxbYcTrOw,7.0,Passive,2025-07-22 15:47:00,2025-06-30,0,0.0,43920.0,Low,36-45,"150,000+",Active,1
aQa1oQb,recNko2HBTVrIpciX,7.0,Passive,2025-09-25 16:11:00,2025-06-30,0,0.0,22040.0,Low,26-35,"50,000-99,999",Active,1
zxz0pPa,recQeoSvpEk5xeec6,9.0,Promoter,2025-07-08 03:49:00,2025-06-30,66,10700.0,50290.0,Critical,26-35,"30,000-49,999",PAR 30,1
yP1kEP8,recU0qivR2lOapJvx,0.0,Detractor,2025-10-11 07:53:00,2025-09-30,130,14440.0,29640.0,Critical,26-35,"100,000-149,999",Return,1
MeOY4GE,recUkWBWrz8JSAJya,9.0,Promoter,2025-07-07 15:29:00,2025-06-30,52,9750.0,47880.0,High,18-25,"10,000-19,999",PAR 30,1
5BrzYOQ,recVDddS8uVoK9uQD,8.0,Passive,2025-10-24 10:19:00,2025-09-30,0,0.0,11790.0,Low,18-25,"10,000-19,999",Active,1
WOzjrqj,recOKEeH8zzhPYyy2,4.0,Detractor,2025-06-01 12:05:00,2025-03-30,0,0.0,92790.0,Low,,"150,000+",Active,1
NpgvqXp,recVOllpG6mFoGtaV,1.0,Detractor,2025-11-05 13:26:00,2025-09-30,0,0.0,28480.0,Low,26-35,"50,000-99,999",Active,1
J9gvqEJ,recYTdcNJjJQgB1FT,9.0,Promoter,2025-11-06 07:27:00,2025-09-30,0,0.0,27000.0,Low,26-35,"20,000-29,999",Active,1
5BLK09E,recZdzcUbr9bHDxEL,10.0,Promoter,2025-07-23 11:17:00,2025-06-30,0,0.0,30800.0,Low,26-35,"10,000-19,999",Active,1
NpDrRDQ,reccCX2DawYuDIXxh,8.0,Passive,2025-04-23 06:28:00,2025-03-30,17,1860.0,31000.0,Medium,18-25,"10,000-19,999",FMD,1
RGV1B7K,recdnutUQfkmgQyL5,10.0,Promoter,2025-09-25 12:58:00,2025-06-30,0,0.0,0.0,Low,26-35,"50,000-99,999",Paid Off,1
5B2ROPd,recdsaEhgNMizCWtN,10.0,Promoter,2025-07-22 14:45:00,2025-06-30,0,0.0,32550.0,Low,36-45,"20,000-29,999",Active,1
aQ5rW0B,recf9NqC4P4XW2ZVj,10.0,Promoter,2025-05-06 11:59:00,2025-03-30,0,0.0,61685.0,Low,36-45,"20,000-29,999",Active,1
KY0b4JX,recfdd2nTsOhi1Az0,10.0,Promoter,2025-07-22 15:16:00,2025-06-30,21,3265.0,38415.0,Medium,18-25,"10,000-19,999",PAR 7,1
GxKvGxo,receLhxpuuABIj8mW,10.0,Promoter,2025-04-22 17:08:00,2025-03-30,0,0.0,44470.0,Low,36-45,"100,000-149,999",Active,1
QK4DRll,reciAZldKYPawf2CA,0.0,Detractor,2025-10-07 14:22:00,2025-09-30,2,910.0,20930.0,Low,36-45,"100,000-149,999",Inactive,1
b5z7Qp7,reciFJJARxnKUqUko,0.0,Detractor,2025-10-07 16:31:00,2025-09-30,201,41890.0,62470.0,Critical,26-35,"100,000-149,999",Return,1
7ReO1jA,recn3wc8IuD6EFqSp,6.0,Detractor,2025-11-05 14:46:00,2025-09-30,0,0.0,30500.0,Low,26-35,"100,000-149,999",Active,1
NplBa0G,recoGaFCZnb3GM3Nh,10.0,Promoter,2025-05-06 11:53:00,2025-03-30,0,0.0,35430.0,Low,36-45,"30,000-49,999",Active,1
1AVQrD4,recor2j7HvVOzUucZ,10.0,Promoter,2025-06-03 20:10:00,2025-03-30,0,0.0,62100.0,Low,18-25,"50,000-99,999",Active,1
rj2agJv,recr1v6S2mqHGM1VH,8.0,Passive,2025-08-28 14:42:00,2025-06-30,0,0.0,37000.0,Low,26-35,"150,000+",Active,1
pbAWG2y,recr6VUH9B9jfWngj,10.0,Promoter,2025-07-07 13:57:00,2025-06-30,36,12120.0,82820.0,High,18-25,"30,000-49,999",PAR 30,1
RGgQx14,recrmy7WSvZjq30aU,8.0,Passive,2025-11-05 16:42:00,2025-09-30,1,860.0,14620.0,Low,36-45,"100,000-149,999",Inactive,1
GxKvV1e,recis4aVIpI8lbhMO,8.0,Passive,2025-04-22 16:37:00,2025-03-30,0,0.0,34200.0,Low,26-35,"20,000-29,999",Active,1
Gxo9A6Z,recoJRfQBLAQ3bFfj,10.0,Promoter,2025-08-19 21:10:00,2025-06-30,0,1045.0,46185.0,Low,36-45,"150,000+",Active,1
GxY9Ejk,recwZgmRhoMTtyA5h,1.0,Detractor,2025-08-28 15:15:00,2025-06-30,0,0.0,41480.0,Low,36-45,"50,000-99,999",Active,1
Y5RGxP0,recx2vfKtcoHOiSFo,10.0,Promoter,2025-04-23 19:26:00,2025-03-30,0,0.0,43017.0,Low,46-55,"150,000+",Active,1
OD4Beqg,reczbhFTJhjwVBAfz,3.0,Detractor,2025-07-22 17:46:00,2025-06-30,0,0.0,27500.0,Low,55+,"150,000+",Active,1
BzQo4L4,rec02rkeZIYT1p7GK,10.0,Promoter,2025-08-07 07:46:00,2025-06-30,0,14999.0,0.0,Low,36-45,,Paid Off,1
Gxj2jdZ,rec099hvwKXtZ27TG,9.0,Promoter,2025-12-03 12:26:00,2025-09-30,1,1180.0,41300.0,Low,26-35,"30,000-49,999",Inactive,1
q4BMp52,rec0aS345mXaP1LKc,9.0,Promoter,2025-07-10 07:49:00,2025-06-30,0,0.0,47600.0,Low,18-25,"Below 5,000",Active,1
ODKXVGM,rec0mjEsRSPjkGD8w,10.0,Promoter,2025-12-04 19:09:00,2025-09-30,0,0.0,42560.0,Low,36-45,"50,000-99,999",Active,1
yPpL5DB,rec0r1uUNwrEzHdpb,10.0,Promoter,2025-12-03 05:29:00,2025-09-30,0,0.0,53580.0,Low,26-35,"50,000-99,999",Active,1
xXNyZOv,rec22lqFWHBNezk2G,6.0,Detractor,2025-08-12 15:41:00,2025-06-30,0,0.0,64680.0,Low,26-35,"20,000-29,999",Active,1
MevJ2yX,rec0w7Xy1EffFNcRr,0.0,Detractor,2025-09-08 15:11:00,2025-06-30,0,0.0,46920.0,Low,26-35,"50,000-99,999",Active,1
rjKLEkv,rec3B8YjLyaELTIyl,10.0,Promoter,2025-07-07 13:53:00,2025-06-30,0,0.0,70520.0,Low,26-35,"30,000-49,999",Active,1
ob0D1PX,rec6hjGtLLTqQtzLt,5.0,Detractor,2025-08-19 16:29:00,2025-06-30,0,0.0,38950.0,Low,26-35,"20,000-29,999",Active,1
rjkR9ZX,rec6ySPxPhQmuBCKP,8.0,Passive,2025-09-25 13:55:00,2025-06-30,0,0.0,49980.0,Low,26-35,"10,000-19,999",Active,1
b54r1M2,rec86ry56Zv2UHRq3,8.0,Passive,2025-08-12 17:28:00,2025-06-30,0,0.0,54530.0,Low,26-35,"30,000-49,999",Active,1
jaMWBZ4,rec8Ek30YE5N85caP,8.0,Passive,2025-07-07 13:44:00,2025-06-30,0,0.0,55135.0,Low,36-45,"150,000+",Active,1
pb0dBxP,rec8k6iPrxE8MO9Ry,8.0,Passive,2025-08-19 14:47:00,2025-06-30,0,0.0,46609.0,Low,18-25,"20,000-29,999",Active,1
Gx0W5Lk,recACBqHCP6NX2YqK,10.0,Promoter,2025-07-22 14:32:00,2025-06-30,0,0.0,39950.0,Low,26-35,"30,000-49,999",Active,1
Y5K8lEq,recAuyQxcG5uOpsbb,10.0,Promoter,2025-12-03 05:36:00,2025-09-30,0,0.0,28500.0,Low,36-45,"50,000-99,999",Active,1
ZjVYD0A,rec6xZfByaQn2FmYd,10.0,Promoter,2025-07-07 14:33:00,2025-06-30,0,0.0,32560.0,Low,46-55,"50,000-99,999",Active,1
aQxE59E,rec71qAxHPOhUDF6B,5.0,Detractor,2025-07-07 13:20:00,2025-06-30,0,0.0,40750.0,Low,26-35,"50,000-99,999",Active,1
1AGVDe4,recAuyQxcG5uOpsbb,10.0,Promoter,2025-08-29 04:15:00,2025-06-30,0,0.0,40850.0,Low,36-45,"50,000-99,999",Active,1
kdAW60R,recB17nele1roS5TJ,10.0,Promoter,2025-07-07 13:38:00,2025-06-30,0,0.0,54600.0,Low,18-25,"150,000+",Active,1
1AGVjJW,recBCABHIoxpfL9ED,10.0,Promoter,2025-08-29 07:08:00,2025-06-30,0,0.0,37950.0,Low,26-35,"150,000+",Active,1
obajJbx,recBYStmN3ygGDNfl,9.0,Promoter,2025-12-02 13:48:00,2025-09-30,0,0.0,36209.0,Low,26-35,"100,000-149,999",Active,1
Y5ppJN5,recC8M8D7lP2AObzE,10.0,Promoter,2025-09-09 05:38:00,2025-06-30,2,770.0,33880.0,Low,18-25,"50,000-99,999",Inactive,1
68kvLge,recE4V74H1Q9BSUkE,9.0,Promoter,2025-07-07 13:15:00,2025-06-30,16,3700.0,54400.0,Medium,18-25,"100,000-149,999",PAR 7,1
aQP8N8W,recEEvC5wzBLFgItb,6.0,Detractor,2025-12-03 09:58:00,2025-09-30,0,1120.0,34720.0,Low,26-35,"20,000-29,999",Active,1
pb62lJB,recFUqT8Qb2s34fVs,10.0,Promoter,2025-12-02 13:59:00,2025-09-30,0,0.0,48780.0,Low,26-35,"10,000-19,999",Active,1
rjWVALM,recGog4RSwof7p5HA,10.0,Promoter,2025-11-11 03:50:00,2025-09-30,0,0.0,77860.0,Low,46-55,"150,000+",Active,1
1Ag801g,recIahzMsbaDBhiVC,2.0,Detractor,2025-12-03 05:20:00,2025-09-30,0,0.0,21700.0,Low,36-45,"150,000+",Active,1
BzBNZD5,recIe275lPVxMZEem,,,2025-07-22 13:46:00,2025-06-30,0,0.0,33110.0,Low,26-35,"20,000-29,999",Active,1
xXQ9kkk,recImewWZuGawso0I,10.0,Promoter,2025-07-08 08:44:00,2025-06-30,0,0.0,29820.0,Low,18-25,"50,000-99,999",Active,1
Bz1DklY,recEs5aqpy5Me9GZM,4.0,Detractor,2025-07-07 13:40:00,2025-06-30,0,0.0,46330.0,Low,26-35,"10,000-19,999",Active,1
QKrYDE8,recIahzMsbaDBhiVC,0.0,Detractor,2025-07-07 13:42:00,2025-06-30,0,0.0,30600.0,Low,36-45,"150,000+",Active,1
0QMJV09,recLrHBaNn3hHU853,7.0,Passive,2025-07-07 16:05:00,2025-06-30,0,0.0,47520.0,Low,18-25,"5,000-9,999",Active,1
q4qXryd,recMD6JBf5SZGSAkC,10.0,Promoter,2025-12-18 16:31:00,2025-09-30,0,0.0,43660.0,Low,26-35,"100,000-149,999",Active,1
GxBBPBo,recMQs7nEs1gc9rXm,7.0,Passive,2025-08-13 04:14:00,2025-06-30,0,0.0,42510.0,Low,18-25,"50,000-99,999",Active,1
vG0rgZ0,recMfqnrdZn5GMvHT,8.0,Passive,2025-08-19 16:10:00,2025-06-30,0,0.0,15760.0,Low,26-35,"50,000-99,999",Active,1
obaPe8b,recMw0BawZfR6rtF6,4.0,Detractor,2025-12-02 14:28:00,2025-09-30,0,0.0,28340.0,Low,,"10,000-19,999",Active,1
7R1Vgg0,recN8VMjQ4fsV0r5M,7.0,Passive,2025-09-08 14:59:00,2025-06-30,0,0.0,43350.0,Low,26-35,"10,000-19,999",Active,1
jaMWlK6,recTDshLMr0sGUihm,0.0,Detractor,2025-07-07 13:33:00,2025-06-30,0,0.0,53200.0,Low,26-35,"100,000-149,999",Active,1
1A2LKO4,recOeVZz9LMQllH6U,10.0,Promoter,2025-08-17 14:27:00,2025-06-30,0,0.0,72160.0,Low,26-35,"30,000-49,999",Active,1
Gx1gO7O,recSOSoOxbBvjA3M5,10.0,Promoter,2025-07-09 20:47:00,2025-06-30,0,0.0,34040.0,Low,18-25,"30,000-49,999",Active,1
7Ra2QQL,recVWKl0XCm2a1Dxc,10.0,Promoter,2025-09-15 11:32:00,2025-06-30,0,0.0,31820.0,Low,26-35,"10,000-19,999",Active,1
7RD4J1a,recWKzLkLIJQy5TNf,10.0,Promoter,2025-07-08 06:08:00,2025-06-30,0,0.0,55460.0,Low,26-35,"10,000-19,999",Active,1
PdBla55,recXiWUuaISoyLuxD,6.0,Detractor,2025-08-12 14:29:00,2025-06-30,0,0.0,59850.0,Low,26-35,"30,000-49,999",Active,1
kdA7NBZ,recZnpnIMHGho0rjP,9.0,Promoter,2025-07-07 16:35:00,2025-06-30,0,0.0,38950.0,Low,26-35,,Active,1
ZjZojEy,recaR9FdsrpUcBRCH,10.0,Promoter,2025-09-21 11:17:00,2025-06-30,0,0.0,21829.0,Low,36-45,"50,000-99,999",Active,1
GxoK1lo,reccdAM7zdmBr9xEk,9.0,Promoter,2025-08-19 15:02:00,2025-06-30,0,0.0,55860.0,Low,26-35,"50,000-99,999",Active,1
1AzXQ5p,recd0yDTbKuW4uVip,5.0,Detractor,2025-12-04 09:51:00,2025-09-30,0,1330.0,37240.0,Low,,"100,000-149,999",Active,1
kdX6OMr,recdYhVgEW2Tzg9ku,9.0,Promoter,2025-12-05 09:08:00,2025-09-30,0,0.0,49290.0,Low,36-45,"50,000-99,999",Active,1
7RJbo9P,receBTK3G0bGnZBeT,,,2025-08-19 15:11:00,2025-06-30,16,2550.0,38250.0,Medium,18-25,"10,000-19,999",PAR 7,1
dWzYbKy,recftVSzV6iDE3Tq6,10.0,Promoter,2025-10-07 17:25:00,2025-09-30,0,0.0,0.0,Low,46-55,,Paid Off,1
1AMA5vl,rechrfvEHdFsVJS2h,5.0,Detractor,2025-07-23 14:35:00,2025-06-30,22,3800.0,43700.0,Medium,18-25,"10,000-19,999",PAR 7,1
eqNKldJ,reci1aSdRbVwbkgUU,10.0,Promoter,2025-08-22 15:00:00,2025-06-30,0,0.0,72970.0,Low,26-35,"100,000-149,999",Active,1
GxJV1vz,reciSKtoayNmmIHvj,6.0,Detractor,2025-08-07 04:36:00,2025-06-30,0,0.0,156500.0,Low,26-35,"50,000-99,999",Active,1
RGRV2k9,recjY0IQyFd65Jzxk,9.0,Promoter,2025-07-28 07:39:00,2025-06-30,0,0.0,19890.0,Low,46-55,"30,000-49,999",Active,1
RG4Yr04,reckGBZXxMLwgRdgU,9.0,Promoter,2025-07-07 14:39:00,2025-06-30,0,0.0,39027.0,Low,18-25,"50,000-99,999",Active,1
japr5y4,reckYFCj3uz2yEEnu,5.0,Detractor,2025-11-05 18:01:00,2025-09-30,0,0.0,34680.0,Low,36-45,"10,000-19,999",Active,1
GxjWazk,recl2l2phCsZ62ylT,7.0,Passive,2025-12-03 05:03:00,2025-09-30,0,0.0,29450.0,Low,26-35,"5,000-9,999",Active,1
Bz1DkA5,reclxde0ICDZWrwsV,8.0,Passive,2025-07-07 13:40:00,2025-06-30,0,0.0,34400.0,Low,26-35,"50,000-99,999",Active,1
aQxK6MZ,recixLfeK6ksuj3GX,10.0,Promoter,2025-07-08 09:49:00,2025-06-30,2,840.0,41690.0,Low,18-25,"Below 5,000",Inactive,1
EkLz6kr,reck3LkDMSHtgvsCA,7.0,Passive,2025-07-23 10:19:00,2025-06-30,0,0.0,72030.0,Low,18-25,"10,000-19,999",Active,1
LZGYv9l,recl2l2phCsZ62ylT,10.0,Promoter,2025-07-07 14:19:00,2025-06-30,0,0.0,40850.0,Low,26-35,"5,000-9,999",Active,1
81kPAlk,recnRInL4kf7fPPbf,2.0,Detractor,2025-07-07 17:18:00,2025-06-30,0,0.0,41650.0,Low,26-35,"5,000-9,999",Active,1
EkNeK8N,recol4bOVjGXt4NIT,10.0,Promoter,2025-09-25 12:02:00,2025-06-30,0,0.0,58520.0,Low,26-35,"100,000-149,999",Active,1
ZjPEvQe,recrHH47UowyhCAds,0.0,Detractor,2025-08-28 14:19:00,2025-06-30,0,0.0,29090.0,Low,36-45,"30,000-49,999",Active,1
EkDQPV2,recrVsc5udCy5TPYd,6.0,Detractor,2025-08-03 04:42:00,2025-06-30,0,0.0,70890.0,Low,26-35,"50,000-99,999",Active,1
WO0yYKj,recsF4T8DNZD7TsDH,10.0,Promoter,2025-07-22 13:52:00,2025-06-30,0,0.0,74730.0,Low,26-35,"150,000+",Active,1
pb6WbyB,rect8uN5dUb2OFWJb,3.0,Detractor,2025-11-28 08:14:00,2025-09-30,26,3938.0,37598.0,Medium,18-25,"10,000-19,999",PAR 7,1
OD0vK2Y,recunWKNeihWkfvvx,9.0,Promoter,2025-07-22 15:15:00,2025-06-30,0,0.0,42505.0,Low,,"50,000-99,999",Active,1
b5krdvE,recrTfQBt1tRHhOCF,7.0,Passive,2025-07-07 13:34:00,2025-06-30,0,0.0,36260.0,Low,26-35,"100,000-149,999",Active,1
EkEOYKN,recxKZqOGn0FUZyEP,1.0,Detractor,2025-11-24 11:36:00,2025-09-30,153,50239.0,83640.0,Critical,26-35,"50,000-99,999",Return,1
obKKYyM,recz5j9mtTwEuSWdc,3.0,Detractor,2025-09-09 07:17:00,2025-06-30,0,0.0,59750.0,Low,36-45,"150,000+",Active,1
Gx08r9L,reczSLBDbsIisJAal,10.0,Promoter,2025-09-25 20:21:00,2025-06-30,18,2268.0,33838.0,Medium,26-35,"50,000-99,999",PAR 7,1
dWz6axr,rec0paJXsC3kp4Mgx,6.0,Detractor,2025-10-07 14:13:00,2025-09-30,0,0.0,63369.0,Low,26-35,"30,000-49,999",Active,1
zx4MYqM,rec2E9dWvBaCAcS8v,10.0,Promoter,2025-12-04 17:37:00,2025-09-30,28,7750.0,74400.0,Medium,26-35,"10,000-19,999",Return,1
xXQEql9,recwZ7l750Rx6vTyC,6.0,Detractor,2025-07-10 17:45:00,2025-06-30,0,0.0,69960.0,Low,26-35,"50,000-99,999",Active,1
GxkD57Z,recGDDiIuqmlMyWNV,6.0,Detractor,2025-10-25 08:53:00,2025-09-30,0,0.0,28980.0,Low,26-35,"50,000-99,999",Active,1
2EzAa2e,recKTg2Qs758it05i,10.0,Promoter,2025-12-04 17:28:00,2025-09-30,0,0.0,29700.0,Low,26-35,"100,000-149,999",Active,1
7R0XpWz,recOWeFSlZI54IBo7,10.0,Promoter,2025-12-22 06:27:00,2025-09-30,0,0.0,45900.0,Low,18-25,"30,000-49,999",Active,1
68P7245,recRB96CXdsbbTW0K,10.0,Promoter,2025-10-07 14:33:00,2025-09-30,0,0.0,51000.0,Low,46-55,"30,000-49,999",Active,1
J9gbMBY,recYIq54nucM7epAK,4.0,Detractor,2025-11-05 14:57:00,2025-09-30,0,0.0,31020.0,Low,18-25,"5,000-9,999",Active,1
dWz6gkA,receVPnDmfS5FWpY8,10.0,Promoter,2025-10-07 15:52:00,2025-09-30,0,0.0,52020.0,Low,46-55,"20,000-29,999",Active,1
jarX821,recflHwx8aHaFbHiX,7.0,Passive,2025-12-18 16:17:00,2025-09-30,21,6200.0,72850.0,Medium,26-35,"20,000-29,999",PAR 7,1
7RYOY79,recgpyE43PfSmMMLY,10.0,Promoter,2025-12-18 16:07:00,2025-09-30,0,0.0,59400.0,Low,46-55,"50,000-99,999",Active,1
44pRLDY,recir3AaLDea8d31V,9.0,Promoter,2025-10-07 14:11:00,2025-09-30,0,0.0,48880.0,Low,18-25,"10,000-19,999",Active,1
1Ag8qa4,recl9YsExnX1qWJxQ,10.0,Promoter,2025-12-03 06:08:00,2025-09-30,0,0.0,34000.0,Low,26-35,"50,000-99,999",Active,1
KYyoDvA,recqW5ZTH1qxVQBNV,,,2025-11-10 19:06:00,2025-09-30,0,0.0,28376.0,Low,26-35,"20,000-29,999",Active,1
7RYYogZ,recsU7qfrRPX6lHoS,5.0,Detractor,2025-12-18 18:20:00,2025-09-30,0,970.0,49470.0,Low,18-25,,Active,1
KYgAxQK,recxR8iy86Ho2fIgA,3.0,Detractor,2025-11-05 13:42:00,2025-09-30,0,0.0,42610.0,Low,36-45,"150,000+",Active,1
7RjWpNL,reczVLPSkC6bHTTqW,7.0,Passive,2025-10-24 09:32:00,2025-09-30,0,0.0,50760.0,Low,,,Active,1
vGrrol8,reczS2TvBrmB4Lh7n,9.0,Promoter,2025-04-23 12:59:00,,,,,,,,,1
xXZKvak,recT48lrubr4a0wco,10.0,Promoter,2025-07-22 14:36:00,,,,,,,,,1
lbVeMPk,recK387EZyPMNvjHE,9.0,Promoter,2025-08-28 14:29:00,,,,,,,,,1
44pYJoX,recedEJmEUH3OG2kN,8.0,Passive,2025-09-25 14:50:00,,,,,,,,,1
ODrzNZg,rec5cQf67CsJI8Ynw,9.0,Promoter,2025-10-24 10:41:00,,,,,,,,,1
q4MlNd2,recZLOJeZUmBCjOcI,9.0,Promoter,2025-11-24 11:24:00,,,,,,,,,1
7Rzk5K9,reczMrt3yL0mspnHL,7.0,Passive,2025-11-24 11:37:00,,,,,,,,,1
KYNEVrM,recWiAsKVx5IQcLVf,6.0,Detractor,2025-12-02 14:38:00,,,,,,,,,1
ODe61Nk,recLB7IR8AUVnOYGx,10.0,Promoter,2025-12-02 17:23:00,,,,,,,,,1
WOXEYrQ,recOIrfC6aOqs6AE3,8.0,Passive,2025-12-04 14:55:00,,,,,,,,,1
jagy7z9,recqrD00R11dxnmoD,0.0,Detractor,2025-12-11 18:42:00,,,,,,,,,1
D4vDkYq,recgzMTqTqUBEjcb7,10.0,Promoter,2025-08-12 15:01:00,,,,,,,,,1
J98pxMz,rec4WQJ9N6UkT4owq,5.0,Detractor,2025-08-28 14:56:00,,,,,,,,,1
vGEOvZv,rec27nxwtTR4saQBI,9.0,Promoter,2025-09-08 15:05:00,,,,,,,,,1
ja59qoR,recL2q1d02WGrJZFH,10.0,Promoter,2025-09-08 18:18:00,,,,,,,,,1
A74k5ez,recxKBgjjpqWtJmZc,9.0,Promoter,2025-09-19 13:49:00,,,,,,,,,1
xXJJMdJ,rec0pdIYnvM9790yb,10.0,Promoter,2025-05-21 07:36:00,,,,,,,,,1
jaMW7oJ,rec68LtAAY3PB5eZQ,8.0,Passive,2025-07-07 14:04:00,,,,,,,,,1
lblLxXv,recyXwLYwT1SbJvPQ,10.0,Promoter,2025-08-12 14:16:00,,,,,,,,,1
J9WbJX4,recyXwLYwT1SbJvPQ,8.0,Passive,2025-09-25 12:54:00,,,,,,,,,1
q4YaRo9,rec50bP9wtnmjockb,8.0,Passive,2025-08-19 14:46:00,,,,,,,,,1
xX9Ml19,recE0eTfb36D3Cm5X,10.0,Promoter,2025-08-28 14:29:00,,,,,,,,,1
QK8ekyp,recjsxNGVL9wetkYP,2.0,Detractor,2025-08-28 14:34:00,,,,,,,,,1
yPdPzJd,recwoF66zicTX3bLr,5.0,Detractor,2025-09-20 18:29:00,,,,,,,,,1
68pBzbY,recY0OmW1tcFFtEZL,7.0,Passive,2025-09-26 09:14:00,,,,,,,,,1
OD9Bq67,recb2zYcUnH8cJq2K,6.0,Detractor,2025-11-20 11:03:00,,,,,,,,,1
PdekAEe,recEA14B7dcv17DV1,10.0,Promoter,2025-11-21 11:21:00,,,,,,,,,1
Zjo5QEy,recLaXBaXTBTK6jWH,10.0,Promoter,2025-04-22 16:00:00,,,,,,,,,1
obB79OP,recMaagMlQ23ebILP,9.0,Promoter,2025-07-07 16:04:00,,,,,,,,,1
obOWo0V,recqxLKBXtRKxfpYb,10.0,Promoter,2025-07-22 13:48:00,,,,,,,,,1
Np0GlQG,recG4W9Rmd9CYLpYd,10.0,Promoter,2025-07-22 16:40:00,,,,,,,,,1
NpBJDdp,rec35pCFMfXoNG4l4,10.0,Promoter,2025-08-12 18:44:00,,,,,,,,,1
aQrrykZ,recXumicyeplBjcs5,8.0,Passive,2025-08-13 02:54:00,,,,,,,,,1
eqY8PoE,recUuLe9KNHZD6Mql,10.0,Promoter,2025-09-25 13:38:00,,,,,,,,,1
MeOY8xg,reco0pcB0z8Ud7GMx,10.0,Promoter,2025-07-07 14:19:00,,,,,,,,,1
0QPXgqy,recJVpffWbsG4MSCp,10.0,Promoter,2025-07-22 15:09:00,,,,,,,,,1
9qlzBYG,recDnavRK4iU3iqcv,,,2025-07-22 21:07:00,,,,,,,,,1
EkbZkM2,recqLZcMfH6ZgIqmj,10.0,Promoter,2025-08-13 17:14:00,,,,,,,,,1
WOK4WGj,recrcYBKAk9kHGMFe,10.0,Promoter,2025-09-19 14:27:00,,,,,,,,,1
b5DRy20,recuhCYtOnYn63A99,8.0,Passive,2025-11-05 23:28:00,,,,,,,,,1
44B4L0B,recWtKqzsf7us0tan,1.0,Detractor,2025-04-22 18:56:00,,,,,,,,,1
XxRrebe,rec1oZVMlzCFHTghK,5.0,Detractor,2025-08-19 15:00:00,,,,,,,,,1
Xx2l9RY,rec9xwQyEdSkD5aWu,8.0,Passive,2025-09-20 14:17:00,,,,,,,,,1
QKOpV6G,recQOgP26osTnxLlB,6.0,Detractor,2025-09-25 12:23:00,,,,,,,,,1
eqlXozl,recaZSvljEAIgdXoo,10.0,Promoter,2025-11-24 11:26:00,,,,,,,,,1
LZqrr7p,recnvLPSe8JcDsry3,7.0,Passive,2025-12-02 16:44:00,,,,,,,,,1
Y5KLD6q,recyp4Kwx177y6GS4,10.0,Promoter,2025-12-03 10:00:00,,,,,,,,,1
VLXVaXl,recKXCbeAu5reTOOh,10.0,Promoter,2025-12-06 09:37:00,,,,,,,,,1
rjkRdE2,reczmdCEsi8fe1xHf,5.0,Detractor,2025-09-25 12:55:00,,,,,,,,,1
b5GAD5o,rec9rUqQ35kE8pkUR,5.0,Detractor,2025-11-13 07:32:00,,,,,,,,,1
vGEO5P4,recMzNLObz4rqoCim,8.0,Passive,2025-09-08 15:22:00,,,,,,,,,1
yPoOgN4,rec86FYfARBnsJGah,8.0,Passive,2025-09-19 13:38:00,,,,,,,,,1
5BeNQkM,recpElK4NNGQnNx6W,10.0,Promoter,2025-09-19 13:43:00,,,,,,,,,1
gDz0pEJ,recTkCAlCxumVS1FX,,,2025-10-07 15:54:00,,,,,,,,,1
PdgNj1P,recrQ1y4rlALYZH8I,1.0,Detractor,2025-11-05 16:22:00,,,,,,,,,1
44qYYDY,reccWjlqE5JSl0UeG,10.0,Promoter,2025-11-05 19:13:00,,,,,,,,,1
WOPRK0e,recBtGfsvVfdNqMwh,10.0,Promoter,2025-07-24 13:47:00,,,,,,,,,1
gDNLELN,recLXWMxG2nbtOq01,10.0,Promoter,2025-08-28 16:37:00,,,,,,,,,1
jaPkBGE,recKviQcrl4gJQWWh,10.0,Promoter,2025-08-28 17:32:00,,,,,,,,,1
eqKxPYE,recS3erKQ32T5btMG,9.0,Promoter,2025-09-08 18:10:00,,,,,,,,,1
Bzjv551,rec7zZDQtFz2wR9Rm,8.0,Passive,2025-09-19 13:51:00,,,,,,,,,1
RGV1D04,recZEuaV0GrgaCQYz,10.0,Promoter,2025-09-25 12:17:00,,,,,,,,,1
EkNereN,rec8jgQHt4eucVzuy,8.0,Passive,2025-09-25 13:45:00,,,,,,,,,1
jakXRpR,recsqJct8c79tyNKl,10.0,Promoter,2025-09-25 14:08:00,,,,,,,,,1
9qgkvD1,recBw8ELaSNv0NXqT,,,2025-12-03 16:45:00,,,,,,,,,1
aQ5rM2y,recQwDmOYhnFxd1vc,9.0,Promoter,2025-05-06 11:44:00,,,,,,,,,1
Y5d8b95,recEl62c3uh84Hm2Q,8.0,Passive,2025-07-22 15:24:00,,,,,,,,,1
GxBLM52,rec2wYlnrBtKmrsZX,5.0,Detractor,2025-08-12 14:19:00,,,,,,,,,1
obl2OZN,recGZrr3dUanVMSTq,10.0,Promoter,2025-08-28 21:29:00,,,,,,,,,1
VLv1GZg,recdxuobJ4oanWOaP,0.0,Detractor,2025-09-08 16:10:00,,,,,,,,,1
81JzzQx,rec1JcsrpzrTySXTH,10.0,Promoter,2025-09-25 11:49:00,,,,,,,,,1
5Bp0qMZ,rec9vf9eg9HaABaUv,10.0,Promoter,2025-09-25 18:35:00,,,,,,,,,1
D4vDBEl,recVaCKb0oIpkUHiG,8.0,Passive,2025-08-12 14:53:00,,,,,,,,,1
5Bl4O6b,recm8L8oGT48PngQf,10.0,Promoter,2025-08-19 16:07:00,,,,,,,,,1
RGZDv2p,recugAInfODgWLs3M,9.0,Promoter,2025-08-20 05:52:00,,,,,,,,,1
rj2OKQ5,recpSgLxWQIXC6qfw,6.0,Detractor,2025-08-28 17:10:00,,,,,,,,,1
Pd89Lo5,recvc8PqnrWKHEQgX,8.0,Passive,2025-08-28 18:46:00,,,,,,,,,1
D40kr1l,recirZZQLHj7fFY1X,3.0,Detractor,2025-09-15 10:37:00,,,,,,,,,1
dW87V9d,recud66wyVLUrrUuN,7.0,Passive,2025-09-19 13:45:00,,,,,,,,,1
9q4Wx4G,recCOWMvphTOJqA29,8.0,Passive,2025-10-07 15:52:00,,,,,,,,,1
D4ElWd5,recVABI55DW2tShPa,1.0,Detractor,2025-12-03 12:04:00,,,,,,,,,1
44j5RK5,recZ67nI71Op6qpbj,8.0,Passive,2025-07-22 15:11:00,,,,,,,,,1
LZMa9V1,recoRdxlaO057Kydq,2.0,Detractor,2025-08-13 17:24:00,,,,,,,,,1
zx07ql1,recrP3CqC6z9a45Qt,1.0,Detractor,2025-08-20 04:40:00,,,,,,,,,1
xX9MvQE,recC9yd8glmvThpDE,8.0,Passive,2025-08-28 14:31:00,,,,,,,,,1
RGg15ed,recQtpzDs1YK7w2iS,10.0,Promoter,2025-11-05 14:01:00,,,,,,,,,1
QKBYa5k,recsh58RT40JywvRF,2.0,Detractor,2025-08-12 17:02:00,,,,,,,,,1
jakXbq6,recFG9gPY91VkgLDl,10.0,Promoter,2025-09-25 12:08:00,,,,,,,,,1
QKO9dr8,recN7NsaPDRnmOoJy,10.0,Promoter,2025-09-25 18:21:00,,,,,,,,,1
1Ay2aNb,recB0Q8xhrW1NJDln,1.0,Detractor,2025-11-20 11:17:00,,,,,,,,,1
5Bo9jM6,recQIVo5NzgYTOer0,8.0,Passive,2025-12-04 17:25:00,,,,,,,,,1
xXN4GY9,rec8cA3lZqHy4O4JZ,10.0,Promoter,2025-08-13 16:51:00,,,,,,,,,1
LZa8oz2,recaPEVgc3YIhrx6s,4.0,Detractor,2025-09-19 13:47:00,,,,,,,,,1
ODXMvAR,rec0r5B9DshdGIgdQ,5.0,Detractor,2025-05-18 09:53:00,2025-03-30,0,0.0,67850.0,Low,26-35,"50,000-99,999",Active,1
2EoeDzg,rec3RsSYcfdmWh6pa,3.0,Detractor,2025-10-07 15:39:00,2025-09-30,0,0.0,0.0,Low,,,Paid Off,1
rjYlP7o,rec5NC5QbX0hUBmm1,,,2025-10-07 17:55:00,2025-09-30,217,21440.0,24790.0,Critical,,"50,000-99,999",Return,1
PdgZ8ob,rec7M05VNQraBOMZQ,5.0,Detractor,2025-11-06 04:15:00,2025-09-30,336,105949.0,89250.0,Critical,,,Return,1
J98pB7d,rec7orDREYzJsnGhl,1.0,Detractor,2025-08-28 14:41:00,2025-06-30,0,1340.0,10720.0,Low,,,Active,1
2EoexRb,rec8hXnpfn12HME8r,8.0,Passive,2025-10-07 15:08:00,2025-09-30,0,0.0,0.0,Low,36-45,,Paid Off,1
aQzvDaE,rec91IEpYgqiA4LGd,4.0,Detractor,2025-10-10 04:15:00,2025-09-30,0,100.0,0.0,Low,,,Paid Off,1
obzykle,rec9HWJJVlxTsjeaz,7.0,Passive,2025-10-07 15:30:00,2025-09-30,0,0.0,0.0,Low,,,Paid Off,1
gDejpDM,recAx68tGudE5z4bl,10.0,Promoter,2025-04-22 16:09:00,2025-03-30,0,100.0,24940.0,Low,,,Active,1
BzdaY1Y,recB2vPnK8o8cJt6N,,,2025-05-03 04:07:00,2025-03-30,0,60.0,4540.0,Low,,,Active,1
9qXNaXK,recBZP6lPMrzi393g,6.0,Detractor,2025-04-23 01:10:00,2025-03-30,0,100.0,19820.0,Low,,,Active,1
yP0N0EB,recBf66Yg3vTFONE1,4.0,Detractor,2025-08-19 15:33:00,2025-06-30,0,0.0,9720.0,Low,,,Active,1
jababrQ,recBpBCJ5IVCjq3qL,0.0,Detractor,2025-04-22 17:58:00,2025-03-30,0,0.0,19200.0,Low,,"10,000-19,999",Active,1
pbzKJd1,recCMGr4HKzQUbGIe,9.0,Promoter,2025-10-07 15:26:00,2025-09-30,0,0.0,0.0,Low,,,Paid Off,1
RGMBqLJ,recCU7KdUvXC3K1oG,0.0,Detractor,2025-05-06 11:31:00,2025-03-30,0,100.0,15180.0,Low,,,Active,1
A79dMQN,recFMeRMi3dlCkVFk,10.0,Promoter,2025-10-07 16:24:00,2025-09-30,0,0.0,0.0,Low,,,Paid Off,1
0QkEMbB,recNwAd96Iq1GszKn,10.0,Promoter,2025-10-07 18:18:00,2025-09-30,0,0.0,0.0,Low,,,Paid Off,1
44O2a4d,recO2jqVqqfabvOJe,1.0,Detractor,2025-10-07 17:21:00,2025-09-30,353,35180.0,35180.0,Critical,,,Return,1
Ek6XrMo,recPrui29b3dh6fy5,8.0,Passive,2025-10-07 16:07:00,2025-09-30,0,100.0,0.0,Low,,,Paid Off,1
A79dNEl,recRR5Nohu4U3ojuQ,10.0,Promoter,2025-10-07 16:12:00,2025-09-30,0,0.0,0.0,Low,,,Paid Off,1
zxdqJA1,recRU6TxgzncMu0NJ,9.0,Promoter,2025-10-07 14:59:00,2025-09-30,0,0.0,0.0,Low,,,Paid Off,1
Ek6Xb4N,recSFIaMs5RJI7J5U,8.0,Passive,2025-10-07 15:09:00,2025-09-30,259,27540.0,27540.0,Critical,,,Return,1
5Bxp2Lv,recU5Opqm8KSExByC,6.0,Detractor,2025-06-01 13:05:00,2025-03-30,119,14220.0,22910.0,Critical,26-35,,PAR 30,1
68Y08kY,recUCmJfg6EFBkQVb,6.0,Detractor,2025-12-18 21:48:00,2025-09-30,468,42760.0,42760.0,Critical,,,Return,1
yPGrlLX,recUV2ekCa5inXwQH,0.0,Detractor,2025-11-05 14:07:00,2025-09-30,806,62900.0,62900.0,Critical,,,Return,1
kDoOge,recVcN06YzUKprmGu,10.0,Promoter,2025-06-01 12:18:00,2025-03-30,0,0.0,50640.0,Low,18-25,,Active,1
b59VPrL,recVfo3B3ITnxGaCD,8.0,Passive,2025-05-06 12:25:00,2025-03-30,0,0.0,22620.0,Low,,,Active,1
gDq6KPM,recXj4AVsrlSHfGNW,7.0,Passive,2025-05-18 10:04:00,2025-03-30,0,100.0,14180.0,Low,,,Active,1
9q4llAY,recbgBh7pZmmm2eJF,9.0,Promoter,2025-10-08 05:30:00,2025-09-30,0,0.0,0.0,Low,,,Paid Off,1
Pdr0yed,reccYgcuRoqRQaO0H,8.0,Passive,2025-10-08 07:19:00,2025-09-30,0,0.0,0.0,Low,,,Paid Off,1
pbzGVKP,reccc02NoYuPna9xN,0.0,Detractor,2025-10-08 10:21:00,2025-09-30,0,100.0,0.0,Low,,,Paid Off,1
obDbY1e,recd5olo5eKq1VnNL,3.0,Detractor,2025-04-22 20:33:00,2025-03-30,0,0.0,5300.0,Low,,,Active,1
xXzQAqv,recdh4eWuEhCfymZG,10.0,Promoter,2025-10-08 02:34:00,2025-09-30,0,100.0,0.0,Low,,,Paid Off,1
vGgAEdd,recdtqTLy6qFh43Va,8.0,Passive,2025-10-24 09:23:00,2025-09-30,0,0.0,5160.0,Low,,"30,000-49,999",Active,1
Y59Q9B5,recebTQslFDDWAhyt,10.0,Promoter,2025-10-07 15:41:00,2025-09-30,0,0.0,0.0,Low,,,Paid Off,1
zxQJWr8,recfpcOemgzITVWP0,10.0,Promoter,2025-08-12 16:07:00,2025-06-30,0,0.0,28655.0,Low,46-55,"100,000-149,999",Active,1
5BLPkDM,recg2RHkbTyqaMT1t,10.0,Promoter,2025-07-30 14:59:00,2025-06-30,0,8350.0,28390.0,Low,,"30,000-49,999",Active,1
7RL8PZ9,recgCj8GZBKuYAzeu,7.0,Passive,2025-05-11 08:06:00,2025-03-30,0,1500.0,2900.0,Low,,,Active,1
PdOGeMB,recT97PN9HAxAtbMH,6.0,Detractor,2025-06-01 15:03:00,2025-03-30,0,1850.0,35100.0,Low,,,Active,1
q4zdoZg,reclV957PJowsgrCF,8.0,Passive,2025-10-07 15:18:00,2025-09-30,0,100.0,0.0,Low,,,Paid Off,1
0QkxEx0,recmiqtArH4l1hOYR,10.0,Promoter,2025-10-07 14:40:00,2025-09-30,0,0.0,0.0,Low,,,Paid Off,1
ODEzrGM,recmlSQKXEXKFz4jD,10.0,Promoter,2025-10-07 15:46:00,2025-09-30,0,0.0,19700.0,Low,36-45,,Active,1
2EoJvLV,recqyhE7zlJwGsMU9,8.0,Passive,2025-10-08 18:08:00,2025-09-30,491,72880.0,72880.0,Critical,,,Return,1
b5NjMoE,recseN8xIzm8mPmiF,1.0,Detractor,2025-08-28 15:13:00,2025-06-30,73,12600.0,18850.0,Critical,,,PAR 30,1
EkbDXRq,rectKop0CyZcJfShP,8.0,Passive,2025-08-12 15:25:00,2025-06-30,0,0.0,17760.0,Low,,,Active,1
obDDEyM,rectysymwInZR3TKf,9.0,Promoter,2025-04-23 09:14:00,2025-03-30,0,0.0,17390.0,Low,,,Active,1
q4YDeXO,recv4uC8Smxp1wEyR,0.0,Detractor,2025-08-19 20:52:00,2025-06-30,147,38280.0,67860.0,Critical,,,Return,1
PdeorEB,recunruBtRQlEq0EA,5.0,Detractor,2025-11-24 21:12:00,2025-09-30,292,38610.0,38610.0,Critical,,,Return,1
44O8j7r,recvDdpWZLA2VCChR,2.0,Detractor,2025-10-07 14:48:00,2025-09-30,0,0.0,0.0,Low,,,Paid Off,1
PdOGajV,recwiNYlykN8yWnhb,4.0,Detractor,2025-06-01 16:14:00,2025-03-30,236,25663.0,25663.0,Critical,,,PAR 30,1
Mea09Ml,recxM8YsF8UxuJb5s,7.0,Passive,2025-05-19 08:35:00,2025-03-30,0,0.0,12800.0,Low,,,Active,1
kdZMAEr,recxZM6orn4O0w3c0,7.0,Passive,2025-07-22 17:13:00,2025-06-30,0,17360.0,17360.0,Low,,,Active,1
Pdr6B91,recyyMHMW2TkDLpiE,10.0,Promoter,2025-10-07 15:10:00,2025-09-30,0,600.0,0.0,Low,,,Paid Off,1
dWAjPDo,rec47arUKhJ60rHUp,8.0,Passive,2025-09-25 12:19:00,2025-06-30,0,0.0,55800.0,Low,36-45,"100,000-149,999",Active,1
PddjL1x,rec7ptkpwrIP7ovV9,8.0,Passive,2025-08-28 16:06:00,2025-06-30,0,0.0,33000.0,Low,26-35,"50,000-99,999",Active,1
RGg15Jp,rec9HXLrt6sdHbGIF,,,2025-11-05 13:55:00,2025-09-30,0,0.0,11440.0,Low,18-25,"20,000-29,999",Active,1
2Ekvrxj,rec9PhqbqA9FcYNEF,4.0,Detractor,2025-07-07 13:52:00,2025-06-30,0,0.0,55650.0,Low,18-25,"5,000-9,999",Active,1
68PdA5O,recB2XA12lpMktVRs,0.0,Detractor,2025-10-07 18:59:00,2025-09-30,0,0.0,0.0,Low,36-45,,Return,1
RGg1J1p,recCEq4crXYGLkUFQ,10.0,Promoter,2025-11-05 14:32:00,2025-09-30,1,1130.0,15820.0,Low,,"Below 5,000",Inactive,1
eqDMxBQ,recCs6o3Ob6AuCYic,0.0,Detractor,2025-05-06 12:26:00,2025-03-30,0,0.0,30820.0,Low,26-35,"50,000-99,999",Active,1
A72bE5e,recEeD1sHLrg4dzRu,2.0,Detractor,2025-05-06 11:52:00,2025-03-30,0,0.0,60940.0,Low,26-35,"150,000+",Active,1
RGgyRrl,recFogbk0d2x25Bzg,4.0,Detractor,2025-11-06 08:28:00,2025-09-30,0,0.0,17020.0,Low,18-25,"10,000-19,999",Active,1
1AKv4rL,recHdkINQmwCus6Ng,1.0,Detractor,2025-07-07 13:27:00,2025-06-30,0,1220.0,43920.0,Low,26-35,"30,000-49,999",Active,1
WOoYp1J,rec8po1txvUMM0U2V,8.0,Passive,2025-08-19 16:02:00,2025-06-30,0,0.0,34240.0,Low,36-45,"30,000-49,999",Active,1
yPg6GvW,recK9eVf1vs71iEaz,10.0,Promoter,2025-10-24 09:55:00,2025-09-30,0,0.0,24920.0,Low,26-35,"150,000+",Active,1
vGDDK2d,recS21GF5g7q6Jggf,9.0,Promoter,2025-05-12 20:51:00,2025-03-30,0,0.0,49220.0,Low,18-25,"30,000-49,999",Active,1
MeDK0dY,recW6eMD3eUxBhWJ7,10.0,Promoter,2025-04-22 17:14:00,2025-03-30,0,0.0,84460.0,Low,26-35,"150,000+",Active,1
PdBYDZx,recWDdM0T6iRi4PXh,5.0,Detractor,2025-08-12 14:58:00,2025-06-30,0,0.0,57240.0,Low,26-35,"150,000+",Active,1
xXQL8X5,recWSGwOi8zja0HOr,0.0,Detractor,2025-07-10 13:16:00,2025-06-30,0,0.0,55650.0,Low,36-45,"50,000-99,999",Active,1
jaGpaex,recX26UHIZJWs41jb,4.0,Detractor,2025-09-02 05:08:00,2025-06-30,0,0.0,37290.0,Low,18-25,"20,000-29,999",Active,1
7RJLRbA,reccUqHNKj5x7TIBa,8.0,Passive,2025-09-15 08:49:00,2025-06-30,160,19995.0,43755.0,Critical,18-25,"Below 5,000",Return,1
PdGLXae,recgRG0XNNfN66mxf,0.0,Detractor,2025-09-25 12:53:00,2025-06-30,0,0.0,0.0,Low,,,Paid Off,1
xXQNpJo,recd4sbVSRwmytOQS,10.0,Promoter,2025-07-07 19:36:00,2025-06-30,0,0.0,63000.0,Low,26-35,"30,000-49,999",Active,1
q4EOxkd,recgxi5HeSDEaHDVC,3.0,Detractor,2025-08-12 14:35:00,2025-06-30,0,0.0,49680.0,Low,,,Active,1
pbJ5pLy,rech7sx8bnhejaWWx,10.0,Promoter,2025-09-17 14:27:00,2025-06-30,0,0.0,35150.0,Low,,,Active,1
xXYlDrv,rechEYPDAfO6IuJV3,1.0,Detractor,2025-06-01 12:18:00,2025-03-30,0,0.0,39760.0,Low,18-25,"50,000-99,999",Active,1
WO0xrYv,recjLwDYTg0tmF94A,10.0,Promoter,2025-07-22 16:33:00,2025-06-30,0,0.0,36200.0,Low,18-25,"20,000-29,999",Active,1
kdAWOko,recko3cG1dsDS21PB,10.0,Promoter,2025-07-07 14:16:00,2025-06-30,0,0.0,55650.0,Low,36-45,"100,000-149,999",Active,1
44BXyv5,recl5jFVrJP8eOklC,10.0,Promoter,2025-04-22 16:23:00,2025-03-30,19,4140.0,62100.0,Medium,36-45,"100,000-149,999",PAR 7,1
obpYdOO,recm6hWHVRmZ6pKvH,10.0,Promoter,2025-11-05 14:21:00,2025-09-30,0,0.0,20550.0,Low,,"10,000-19,999",Active,1
gDMpGYM,recnvAcLVbHkiU8BA,8.0,Passive,2025-06-11 12:09:00,2025-03-30,59,9900.0,51700.0,High,46-55,"150,000+",PAR 30,1
dWZN4pV,recoaC2cMOtSLX8fk,5.0,Detractor,2025-08-19 16:30:00,2025-06-30,17,4300.0,72700.0,Medium,,,PAR 7,1
2EgpxgV,recpnEaujfzZcAmSv,7.0,Passive,2025-12-02 18:43:00,2025-09-30,0,5640.0,26180.0,Low,46-55,"30,000-49,999",Active,1
LZ0lOXJ,recqESl608771R68D,9.0,Promoter,2025-07-22 14:38:00,2025-06-30,0,0.0,39590.0,Low,26-35,"20,000-29,999",Active,1
1AlP5pM,recqgB2t7PgMKWG3K,5.0,Detractor,2025-06-15 14:19:00,2025-03-30,0,0.0,27810.0,Low,18-25,"Below 5,000",Active,1
XxQDo1Y,recrKEvj00ejR5Fdf,7.0,Passive,2025-10-07 14:20:00,2025-09-30,0,0.0,0.0,Low,,,Paid Off,1
xXNyDGJ,rechbtW1IdxFbcNSy,5.0,Detractor,2025-08-12 15:08:00,2025-06-30,0,0.0,26180.0,Low,26-35,"30,000-49,999",Active,1
81z1Oy5,recpkFVr06I6lhV3L,0.0,Detractor,2025-04-22 21:24:00,2025-03-30,7,2200.0,47300.0,Medium,18-25,"30,000-49,999",Inactive,1
9q9659E,recnskub8CcSkcnrt,8.0,Passive,2025-05-06 14:19:00,2025-03-30,0,0.0,49560.0,Low,36-45,"20,000-29,999",Active,1
0QMvW1A,recu5HkRrHg4kkd5O,,,2025-07-07 15:23:00,2025-06-30,10,1560.0,34320.0,Medium,26-35,"150,000+",PAR 7,1
yPyqO1x,recvHn5UbdFOAf3cA,3.0,Detractor,2025-07-07 21:33:00,2025-06-30,9,1700.0,32300.0,Medium,18-25,"10,000-19,999",PAR 7,1
D4kv8jp,recvXpU5v5YaYp8yd,10.0,Promoter,2025-05-06 11:52:00,2025-03-30,0,0.0,74430.0,Low,18-25,"50,000-99,999",Active,1
7RDVQ19,rec037qWdMLkmq19x,1.0,Detractor,2025-07-07 18:36:00,2025-06-30,0,3780.0,11239.6,Low,46-55,"150,000+",Active,1
gDVXpGM,rec0w7Xy1EffFNcRr,9.0,Promoter,2025-12-18 15:39:00,2025-09-30,0,0.0,33660.0,Low,26-35,"50,000-99,999",Active,1
2EkvLYA,rec0ykQLXTvMe34OJ,,,2025-12-03 12:38:00,2025-09-30,0,0.0,28500.0,Low,26-35,"5,000-9,999",Active,1
b5vVpAZ,rec1kPwTQjTna0Odw,10.0,Promoter,2025-09-27 18:06:00,2025-06-30,0,0.0,132789.0,Low,26-35,,Active,1
LZGJPry,rec1mnCLKf0j62Hmj,8.0,Passive,2025-07-07 16:29:00,2025-06-30,0,0.0,49670.0,Low,36-45,"30,000-49,999",Active,1
ODlDXvM,recwFJpC7Kev9Xvp8,8.0,Passive,2025-04-22 18:15:00,2025-03-30,0,0.0,68040.0,Low,36-45,"50,000-99,999",Active,1
pbMXg5y,rec2dBmZcslSVR7tN,4.0,Detractor,2025-11-05 16:04:00,2025-09-30,0,0.0,54520.0,Low,46-55,"30,000-49,999",Active,1
ZjgXGYy,rec55f52RE9uLQuGK,0.0,Detractor,2025-11-05 14:40:00,2025-09-30,0,0.0,33800.0,Low,26-35,"30,000-49,999",Active,1
lblWNM6,rec5IxI9JS9rodPCN,1.0,Detractor,2025-08-12 15:32:00,2025-06-30,0,0.0,50700.0,Low,26-35,"150,000+",Active,1
eqNDEJO,rec78BRRhsZaoFPBu,4.0,Detractor,2025-08-19 15:09:00,2025-06-30,0,0.0,40800.0,Low,18-25,"30,000-49,999",Active,1
rj0BXzl,rec7jPrW71UKfT42P,0.0,Detractor,2025-08-28 16:41:00,2025-06-30,0,0.0,33980.0,Low,36-45,"50,000-99,999",Active,1
dWQ0k9o,rec8QyhuSe6u1wFHH,10.0,Promoter,2025-08-28 17:54:00,2025-06-30,1,1800.0,64800.0,Low,26-35,"100,000-149,999",Inactive,1
xXoErk5,recAlNpvNmbBVm3MX,8.0,Passive,2025-11-05 13:35:00,2025-09-30,5,1210.0,45980.0,Low,18-25,"30,000-49,999",Inactive,1
Y5gXVR0,recB17nele1roS5TJ,10.0,Promoter,2025-11-05 14:37:00,2025-09-30,0,0.0,37700.0,Low,18-25,"150,000+",Active,1
q4Od507,rec6N9UgZKYChnUYl,8.0,Passive,2025-07-25 05:38:00,2025-06-30,0,0.0,52640.0,Low,26-35,"30,000-49,999",Active,1
KYaAXdk,recDe11YSXGkQTKIF,4.0,Detractor,2025-09-27 05:56:00,2025-06-30,0,20999.0,0.0,Low,36-45,,Return,1
Gx1DRYQ,recDjpsG96mVbpEcJ,,,2025-08-28 15:04:00,2025-06-30,0,0.0,34040.0,Low,26-35,"50,000-99,999",Active,1
KYvJE9K,recEyLfiRhaRPZRcu,1.0,Detractor,2025-09-08 15:53:00,2025-06-30,0,0.0,62100.0,Low,18-25,"20,000-29,999",Active,1
obZZVzP,recFD8xm43sulXGOv,10.0,Promoter,2025-12-18 18:37:00,2025-09-30,0,0.0,33300.0,Low,18-25,"10,000-19,999",Active,1
81Rap7x,recFTBunczCzSeqNW,10.0,Promoter,2025-09-21 17:47:00,2025-06-30,0,0.0,24000.0,Low,18-25,"Below 5,000",Active,1
RGLpB9J,recGURF5lIfs1lyfG,6.0,Detractor,2025-07-22 14:02:00,2025-06-30,0,0.0,64400.0,Low,26-35,"150,000+",Active,1
1Abk9xW,recGsF80yrw53IQOG,10.0,Promoter,2025-08-19 15:12:00,2025-06-30,0,0.0,42750.0,Low,36-45,"100,000-149,999",Active,1
dWKDoYD,recHfeNNFpMxXi26K,10.0,Promoter,2025-09-08 15:05:00,2025-06-30,0,0.0,64047.0,Low,18-25,"100,000-149,999",Active,1
Y5OYGKd,recJOTWAPsqTc0F4f,10.0,Promoter,2025-07-07 13:33:00,2025-06-30,0,1330.0,62510.0,Low,18-25,"20,000-29,999",Active,1
RG8DPOd,recJiBVHVXB1zLgjg,10.0,Promoter,2025-08-28 20:56:00,2025-06-30,0,0.0,33110.0,Low,26-35,"10,000-19,999",Active,1
RG4Y56P,recMEUz0I9v0TwP0C,6.0,Detractor,2025-07-07 13:39:00,2025-06-30,0,0.0,45540.0,Low,18-25,"20,000-29,999",Active,1
lbMjvQX,recN0X4LSpmgR7p07,3.0,Detractor,2025-09-25 16:01:00,2025-06-30,0,0.0,34040.0,Low,18-25,"5,000-9,999",Active,1
pbVaRVy,recNbcSWE6GWxYide,10.0,Promoter,2025-07-22 14:15:00,2025-06-30,0,0.0,63600.0,Low,18-25,"100,000-149,999",Active,1
xX4PKNv,recOeVZz9LMQllH6U,10.0,Promoter,2025-09-08 15:41:00,2025-06-30,0,0.0,72160.0,Low,26-35,"30,000-49,999",Active,1
gDN776N,recPuF4G2b4FMtOj3,8.0,Passive,2025-08-12 20:03:00,2025-06-30,0,0.0,47720.0,Low,26-35,"30,000-49,999",Active,1
rjKqpNl,recQDx5owjkvOINoc,10.0,Promoter,2025-07-09 11:40:00,2025-06-30,0,0.0,39950.0,Low,36-45,"10,000-19,999",Active,1
zxvMbqg,recQyJFH7Jo2VTn2F,5.0,Detractor,2025-11-09 14:20:00,2025-09-30,2,850.0,30600.0,Low,18-25,"20,000-29,999",Inactive,1
LZ0l5ry,recSMgLjobI8OJ4DJ,0.0,Detractor,2025-07-22 14:13:00,2025-06-30,0,0.0,70440.0,Low,18-25,"30,000-49,999",Active,1
81g7GDY,recSOSoOxbBvjA3M5,10.0,Promoter,2025-12-03 07:35:00,2025-09-30,0,0.0,24420.0,Low,18-25,"30,000-49,999",Active,1
zxQJ02k,recP2Y6BMS6LhB4i0,8.0,Passive,2025-08-12 16:00:00,2025-06-30,0,510.0,21930.0,Low,26-35,"30,000-49,999",Active,1
dWz669N,recUfX8XdI8K2J4Ht,9.0,Promoter,2025-10-07 14:36:00,2025-09-30,0,0.0,20760.0,Low,26-35,"20,000-29,999",Active,1
vGaaP9D,recUmnM151BQYo7GS,9.0,Promoter,2025-12-18 17:43:00,2025-09-30,0,0.0,24360.0,Low,26-35,"20,000-29,999",Active,1
yPpQXqX,recVbFZEzgV03AbKm,3.0,Detractor,2025-12-02 14:14:00,2025-09-30,0,0.0,29380.0,Low,26-35,"50,000-99,999",Active,1
81yl2d5,recXgBSp5oi36DJqD,10.0,Promoter,2025-11-24 11:28:00,2025-09-30,0,0.0,52920.0,Low,26-35,"50,000-99,999",Active,1
ODoK0Mp,recYLvTRNriewcsEi,,,2025-09-25 12:41:00,2025-06-30,0,0.0,127260.0,Low,26-35,"30,000-49,999",Active,1
Xx1B22L,recarGzKCyn5I35Ft,8.0,Passive,2025-09-08 17:38:00,2025-06-30,0,0.0,63240.0,Low,26-35,"30,000-49,999",Active,1
yPqv9R0,reccI4XpYsq3a1qRd,10.0,Promoter,2025-08-12 15:20:00,2025-06-30,0,14999.0,0.0,Low,,,Paid Off,1
9q1vgbV,recfvHsqbmBnTyWCQ,10.0,Promoter,2025-07-07 15:02:00,2025-06-30,0,0.0,70560.0,Low,36-45,"150,000+",Active,1
ZjJ0170,recfvOu6T1SBNOW8W,10.0,Promoter,2025-07-22 14:29:00,2025-06-30,0,0.0,20400.0,Low,26-35,"10,000-19,999",Active,1
GxXJGA2,recgcs7oP5jfbOzDT,6.0,Detractor,2025-09-08 15:30:00,2025-06-30,0,0.0,58640.0,Low,46-55,"50,000-99,999",Active,1
dWooGYV,rechRGfW529AsJ2f0,4.0,Detractor,2025-12-18 20:22:00,2025-09-30,0,0.0,26320.0,Low,36-45,"50,000-99,999",Active,1
ZjKqY4y,recjaWmtzC0lo4LSh,8.0,Passive,2025-11-25 06:39:00,2025-09-30,0,0.0,17710.0,Low,26-35,"10,000-19,999",Active,1
441r9jX,reckLZkitOcaJMFkK,10.0,Promoter,2025-08-20 10:09:00,2025-06-30,0,0.0,55660.0,Low,26-35,"150,000+",Active,1
VLvMa0l,recdSSZnE4dZXO2oM,0.0,Detractor,2025-09-08 15:09:00,2025-06-30,0,0.0,60760.0,Low,36-45,"50,000-99,999",Active,1
EkJ42o4,recf9imF5MqgeF333,9.0,Promoter,2025-08-09 06:31:00,2025-06-30,0,0.0,59700.0,Low,46-55,"30,000-49,999",Active,1
NpVJREp,recma0BZQrUSh6KFI,7.0,Passive,2025-07-14 04:46:00,2025-06-30,0,0.0,44290.0,Low,18-25,"Below 5,000",Active,1
ja5716x,recnLVsbrucla6kVu,5.0,Detractor,2025-09-08 15:44:00,2025-06-30,0,0.0,70520.0,Low,26-35,"150,000+",Active,1
MeOYd7Y,recnnHxd2OJh8sF7V,8.0,Passive,2025-07-07 14:08:00,2025-06-30,0,0.0,42940.0,Low,36-45,"50,000-99,999",Active,1
zxzJZo1,recpTxIteJRt9bTnB,10.0,Promoter,2025-07-07 13:58:00,2025-06-30,0,0.0,85570.0,Low,18-25,"20,000-29,999",Active,1
ODPYYQg,recs47DtorwQ3qHP4,7.0,Passive,2025-07-07 13:56:00,2025-06-30,0,0.0,39950.0,Low,26-35,"100,000-149,999",Active,1
1AbkO2W,recufnJXS7AxRHcry,7.0,Passive,2025-08-19 16:08:00,2025-06-30,40,6540.0,49050.0,High,26-35,"30,000-49,999",PAR 30,1
PdEYV9B,reco7OoGEFs77bBkc,7.0,Passive,2025-07-07 15:44:00,2025-06-30,0,29999.0,0.0,Low,18-25,,Paid Off,1
XxGYWgd,recvbnY8FfjpvtGZy,10.0,Promoter,2025-07-07 13:38:00,2025-06-30,0,0.0,40850.0,Low,,,Active,1
PdGNBgP,recwkbn6lyQ6EsqIG,2.0,Detractor,2025-09-25 15:37:00,2025-06-30,0,0.0,55700.0,Low,18-25,"20,000-29,999",Active,1
Y5VVYB0,recx4uy15uJtvhs2R,9.0,Promoter,2025-08-31 21:24:00,2025-06-30,0,0.0,54530.0,Low,26-35,"50,000-99,999",Active,1
7RaQABP,rec1a0e2l39T0LnWM,2.0,Detractor,2025-12-18 16:20:00,2025-09-30,0,0.0,54280.0,Low,18-25,"50,000-99,999",Active,1
rjpQ5xM,rec2Om8LXzZ9jBhpP,7.0,Passive,2025-11-05 16:40:00,2025-09-30,0,0.0,31020.0,Low,18-25,"10,000-19,999",Active,1
PdgNPp0,rec6LOsJNS7GxmqFY,1.0,Detractor,2025-11-05 18:27:00,2025-09-30,0,0.0,41780.0,Low,18-25,"5,000-9,999",Active,1
MeQxBoX,rec8I2hj61g7eEDvN,8.0,Passive,2025-12-02 13:53:00,2025-09-30,0,0.0,104420.0,Low,36-45,"100,000-149,999",Active,1
LZB7avJ,rec9WUDHlDomHBqDh,9.0,Promoter,2025-12-04 15:21:00,2025-09-30,0,0.0,40770.0,Low,36-45,"50,000-99,999",Active,1
japXG29,rec68LtAAY3PB5eZQ,8.0,Passive,2025-11-05 14:39:00,2025-09-30,0,0.0,40040.0,Low,26-35,"10,000-19,999",Active,1
D4aZR6q,recFrb3bQZZKcAomV,7.0,Passive,2025-10-10 00:29:00,2025-09-30,0,0.0,109750.0,Low,26-35,"150,000+",Active,1
A7ad9dz,recGGnw788FQOQRdU,10.0,Promoter,2025-10-24 09:40:00,2025-09-30,0,0.0,61910.0,Low,,,Active,1
0QGx1z9,recGg9hFpmcanvNzU,10.0,Promoter,2025-10-24 09:24:00,2025-09-30,0,0.0,47430.0,Low,26-35,"10,000-19,999",Active,1
RGj0dQj,recLWWenhoWOJYUnr,0.0,Detractor,2025-10-07 14:13:00,2025-09-30,0,0.0,54240.0,Low,26-35,"30,000-49,999",Active,1
68YY8VJ,recQ0kpXYb2X6KnvW,5.0,Detractor,2025-12-18 17:15:00,2025-09-30,0,0.0,52020.0,Low,26-35,,Active,1
44YRYLd,recVt1rIFwtV2QRDa,0.0,Detractor,2025-12-18 16:06:00,2025-09-30,1,990.0,47520.0,Low,36-45,"50,000-99,999",Inactive,1
Bzgqea7,recVusXKxCO2ZTRuO,10.0,Promoter,2025-11-05 14:58:00,2025-09-30,0,0.0,40040.0,Low,26-35,"5,000-9,999",Active,1
rjQzGPX,recY8pUpWXHXWD6P8,1.0,Detractor,2025-12-20 19:38:00,2025-09-30,0,0.0,74710.0,Low,36-45,"100,000-149,999",Active,1
6847VaJ,recasCnI17wAjCj83,1.0,Detractor,2025-10-24 10:06:00,2025-09-30,2,1549.0,53569.0,Low,36-45,,FPD,1
lb1E4Zv,recjW0EFRyyLX33zS,0.0,Detractor,2025-11-24 11:25:00,2025-09-30,46,14840.0,97520.0,High,18-25,"50,000-99,999",Return,1
ODoKogg,recjo66ws3ngu5MbQ,10.0,Promoter,2025-10-29 05:42:00,2025-09-30,6,9000.0,100800.0,Low,,,FPD,1
pbMEa5J,recuzFPeQsrcWQICa,,,2025-11-06 17:01:00,2025-09-30,0,0.0,88210.0,Low,26-35,"150,000+",Active,1
QK0LOQ7,recCo7LZqOz6xBsDK,9.0,Promoter,2025-07-22 14:28:00,,,,,,,,,1
yPoO550,recNxTJaWReVFpS7L,8.0,Passive,2025-09-19 14:18:00,,,,,,,,,1
ZjZX620,recrQPHKExcxSALyZ,3.0,Detractor,2025-09-25 12:30:00,,,,,,,,,1
PdgLMdx,rec6CHvdF4lH4M3et,9.0,Promoter,2025-11-05 16:18:00,,,,,,,,,1
Gx4Pbdz,recHwskT0JZ42f6bN,7.0,Passive,2025-11-24 11:19:00,,,,,,,,,1
A7N29GB,rectqwGeQAa7lKWzM,1.0,Detractor,2025-12-04 15:37:00,,,,,,,,,1
KYBD87K,recAo04cPCh7dYBcM,8.0,Passive,2025-08-12 16:07:00,,,,,,,,,1
GxQVd5j,recFZugWv5itnYn3G,5.0,Detractor,2025-09-25 15:04:00,,,,,,,,,1
obpYX9e,recwwjIrdHoEuppA6,9.0,Promoter,2025-11-05 16:09:00,,,,,,,,,1
pbV85vB,recmgwQSnQc8lLCEN,3.0,Detractor,2025-07-22 18:44:00,,,,,,,,,1
zxdqON1,rec7BX1DrUn89HEHM,9.0,Promoter,2025-10-07 15:51:00,,,,,,,,,1
eqE4de0,rec4JMuwyiAnTMTNg,6.0,Detractor,2025-07-22 16:01:00,,,,,,,,,1
rjrLy4o,recE0eTfb36D3Cm5X,4.0,Detractor,2025-08-12 14:40:00,,,,,,,,,1
A7bqdLl,recmfNR0Hf2iyrv8y,7.0,Passive,2025-08-12 19:22:00,,,,,,,,,1
XxRDM2V,recCSc0RTfKOZkfHV,9.0,Promoter,2025-08-20 16:27:00,,,,,,,,,1
Y5V0x00,recxUkMTXDwGDepLv,10.0,Promoter,2025-08-28 14:25:00,,,,,,,,,1
q4766P9,rec7aWddsE1PeDUVH,10.0,Promoter,2025-12-03 06:01:00,,,,,,,,,1
rjQRZlp,rec2FFk3F7ZFQWqCk,6.0,Detractor,2025-12-18 16:41:00,,,,,,,,,1
xXZKLkJ,recc6Uz5GZQit6UNI,10.0,Promoter,2025-07-22 15:11:00,,,,,,,,,1
eqx7DYQ,recxV2TqNDnnqsqKB,8.0,Passive,2025-08-12 18:44:00,,,,,,,,,1
Y5J2ekJ,rec17ZjOh4YjOq1RV,5.0,Detractor,2025-09-19 13:41:00,,,,,,,,,1
xXROVvk,rec3mhedWUOmCoyJ5,10.0,Promoter,2025-09-19 19:10:00,,,,,,,,,1
NpRvYRW,rec9kTK6fjvRXXwb9,10.0,Promoter,2025-09-25 12:49:00,,,,,,,,,1
rjrLMBN,rece9YR9LFZKxzYc2,10.0,Promoter,2025-08-12 17:26:00,,,,,,,,,1
pb0dyYB,recOF1IkaCHt2yj9T,1.0,Detractor,2025-08-19 14:37:00,,,,,,,,,1
ob5GOb5,recNCsJ6IVS8mtNoT,5.0,Detractor,2025-09-15 06:08:00,,,,,,,,,1
QKpVlgl,recfsdICgqRTQLib7,10.0,Promoter,2025-12-05 06:23:00,,,,,,,,,1
2Er0qRb,recwbiuvMTKxfXGlh,2.0,Detractor,2025-07-22 16:07:00,,,,,,,,,1
XxBY7qj,recuYiVr2iBoSIUIG,3.0,Detractor,2025-08-19 15:03:00,,,,,,,,,1
81yO6Zz,rec6zeTEdUMd9rnhi,10.0,Promoter,2025-11-25 01:52:00,,,,,,,,,1
pb4oxNV,recg73oAax8AdirEF,6.0,Detractor,2025-08-28 16:07:00,,,,,,,,,1
9qoPW7Q,recvmZUNnEQkxEQaX,6.0,Detractor,2025-09-25 12:29:00,,,,,,,,,1
7RgjRvA,reckDNgTdew06i2PD,8.0,Passive,2025-11-30 19:51:00,,,,,,,,,1
ZjL7W10,reckjxmw0TdkcCgVA,9.0,Promoter,2025-12-02 16:00:00,,,,,,,,,1
0Qb7GdA,recMNbIWJpQb0EDZF,,,2025-08-19 16:06:00,,,,,,,,,1
zx0NO8g,rechoAEYAzBzPRdxG,,,2025-08-19 16:14:00,,,,,,,,,1
b5zaG7L,recXpZvv0q9N4iMEQ,5.0,Detractor,2025-10-13 17:50:00,,,,,,,,,1
A7OZeMz,recDje1gtslLmmZMW,5.0,Detractor,2025-12-03 05:33:00,,,,,,,,,1
EkbDdYN,recnRMYizULZfqQEY,10.0,Promoter,2025-08-12 15:02:00,,,,,,,,,1
q4YVzd7,recTQPQMHKq5I7yrf,10.0,Promoter,2025-08-20 18:28:00,,,,,,,,,1
ZjPO5eo,rec3FiAfKemo21czG,10.0,Promoter,2025-08-28 16:03:00,,,,,,,,,1
EkeWZ4B,recp2pbvnBcUMUjYT,8.0,Passive,2025-12-05 04:34:00,,,,,,,,,1
eqKxZPE,recu27JcoiQWWFA30,10.0,Promoter,2025-09-08 16:00:00,,,,,,,,,1
Zj1xe5A,recj6ZJXdtOqNWKSX,10.0,Promoter,2025-09-19 13:28:00,,,,,,,,,1
0Q156vQ,reczVLijV8d5kc3l3,7.0,Passive,2025-09-19 18:17:00,,,,,,,,,1
A70NBJy,recdgMz7h3WKVkks0,3.0,Detractor,2025-11-05 13:48:00,,,,,,,,,1
RGRy24J,recAsTo0c4Xk4XCB8,4.0,Detractor,2025-07-30 15:56:00,,,,,,,,,1
pbPWvyB,recITlzsu8Iu4k9Fv,,,2025-08-12 16:21:00,,,,,,,,,1
XxBQ78d,recmAqkmhKtx7NkYZ,8.0,Passive,2025-09-08 16:21:00,,,,,,,,,1
2E1xNbD,recITlzsu8Iu4k9Fv,1.0,Detractor,2025-09-08 16:38:00,,,,,,,,,1
J9Wyg6z,rec9fRZOlWZu80LGp,10.0,Promoter,2025-09-26 17:58:00,,,,,,,,,1
rjRoPlM,recbJnndeUx5oQFUW,1.0,Detractor,2025-12-04 21:46:00,,,,,,,,,1
5BkvGqM,recC9ImGSaEspEELu,10.0,Promoter,2025-07-07 14:04:00,,,,,,,,,1
ZjGoVeB,rec231oEmEQieBCQt,8.0,Passive,2025-08-19 15:05:00,,,,,,,,,1
LZOb2LO,recMVXX3E5E3u0v0B,10.0,Promoter,2025-10-07 16:36:00,,,,,,,,,1
VLq0Ddy,rec7DM8OSM0dXnClv,8.0,Passive,2025-10-24 09:38:00,,,,,,,,,1
gD1ozRP,recHLTp8eJETZmmks,0.0,Detractor,2025-11-24 11:38:00,,,,,,,,,1
Ek0yMvA,recbojKMNzLyPG4SV,10.0,Promoter,2025-07-22 18:22:00,,,,,,,,,1
441PPDX,recY5RtIebvIm9XiL,10.0,Promoter,2025-08-22 10:05:00,,,,,,,,,1
vG0WBrA,recr5Uw4lJfgLU6Wl,0.0,Detractor,2025-08-23 16:19:00,,,,,,,,,1
b5K5dM0,recqaNv0p5HtUuD1f,3.0,Detractor,2025-09-05 06:16:00,,,,,,,,,1
BzAQRoY,recjs76f8BfPunYLJ,3.0,Detractor,2025-09-08 15:26:00,,,,,,,,,1
LZa8V5l,recOy3Zkn6Hrja4pt,0.0,Detractor,2025-09-19 13:44:00,,,,,,,,,1
ZjER0oa,recWEcZP4lICkcoyC,8.0,Passive,2025-05-06 12:02:00,,,,,,,,,1
GxBD9yo,recZAVwxMsWKDSZwG,10.0,Promoter,2025-08-12 15:01:00,,,,,,,,,1
9qJvZME,recVyEEoeRMuO3okx,10.0,Promoter,2025-08-12 15:05:00,,,,,,,,,1
aQrEG99,recYeI6KbVdG9SLIi,10.0,Promoter,2025-08-12 15:35:00,,,,,,,,,1
681e0pA,recEV4M4WwJu2hv2C,9.0,Promoter,2025-08-19 16:49:00,,,,,,,,,1
eqKxeZ0,recjjiLTa7dHmV7wb,10.0,Promoter,2025-09-08 16:35:00,,,,,,,,,1
q4Jy857,recqShWkmwl9ip9n7,5.0,Detractor,2025-09-19 15:37:00,,,,,,,,,1
NpE6Qel,rec5rxWkrTtALU2t0,10.0,Promoter,2025-10-24 10:07:00,,,,,,,,,1
9qy9xaQ,recsA8OMnpu5TPMjb,8.0,Passive,2025-11-18 04:32:00,,,,,,,,,1
aQG79eZ,rec6aFhRIgGuW9SkG,10.0,Promoter,2025-07-22 16:23:00,2025-06-30,0,0.0,11430.0,Low,26-35,,Active,1
Ek6XbaL,rec6wfV7bWqBA1em6,3.0,Detractor,2025-10-07 15:11:00,2025-09-30,0,890.0,0.0,Low,26-35,,Paid Off,1
zxNXL0q,rec7AnOdegQgCwyT6,8.0,Passive,2025-04-22 15:50:00,2025-03-30,0,0.0,0.0,Low,,,Paid Off,1
rjBygL5,recAASzdygMslxkcL,9.0,Promoter,2025-04-22 16:04:00,2025-03-30,0,2340.0,34200.0,Low,,,Active,1
MeVrqok,recBHH2wqV0Sf4e31,10.0,Promoter,2025-10-09 07:11:00,2025-09-30,0,0.0,0.0,Low,,,Paid Off,1
KY1alQV,recCdPRsJ04oNbXKh,9.0,Promoter,2025-06-01 12:36:00,2025-03-30,0,0.0,32560.0,Low,18-25,,Active,1
44O8NQ5,recCfyEc18oWkUogT,10.0,Promoter,2025-10-07 15:05:00,2025-09-30,0,0.0,0.0,Low,,,Paid Off,1
rjPb7vR,recE0zfRcxVGMbxIS,5.0,Detractor,2025-06-03 07:35:00,2025-03-30,0,0.0,-3140.0,Low,,,Active,1
rjpRWz2,recEQqTtcIUQejjn5,0.0,Detractor,2025-11-05 15:19:00,2025-09-30,0,0.0,13970.0,Low,55+,"50,000-99,999",Active,1
ODEjPDK,recHGSZYHSryd0H6E,0.0,Detractor,2025-10-09 04:44:00,2025-09-30,0,0.0,0.0,Low,,,Paid Off,1
WORVWKj,recJaLZQorxXiuTe4,,,2025-05-18 09:28:00,2025-03-30,0,100.0,20800.0,Low,,,Active,1
2EBxA0M,recK4hA4pY1vS4tZm,8.0,Passive,2025-04-26 03:35:00,2025-03-30,143,51500.0,90050.0,Critical,,,PAR 30,1
q4aZp48,recLLYUeTfcWFZq8P,,,2025-04-22 16:08:00,2025-03-30,0,100.0,22460.0,Low,,,Active,1
RGLpgov,recM6z4N4NuFFXu5d,10.0,Promoter,2025-07-22 14:51:00,2025-06-30,0,100.0,0.0,Low,,,Paid Off,1
QK4AkBp,recNMSZ8wZIndUOND,5.0,Detractor,2025-10-07 19:26:00,2025-09-30,0,0.0,5120.0,Low,26-35,"10,000-19,999",Active,1
VL8gN5l,recOnJLy24e6gy4ky,5.0,Detractor,2025-07-22 14:35:00,2025-06-30,0,580.0,0.0,Low,,,Paid Off,1
Mea4ZPp,recQgI6pDoRLiTBCT,0.0,Detractor,2025-05-18 20:00:00,2025-03-30,0,0.0,40100.0,Low,,,Active,1
44O80dr,recRWTGs5DWMaJVUb,10.0,Promoter,2025-10-07 16:20:00,2025-09-30,0,100.0,0.0,Low,,,Paid Off,1
XxQDBpg,recSgqiSDNbS96Rdu,3.0,Detractor,2025-10-07 15:09:00,2025-09-30,263,41420.0,51230.0,Critical,26-35,"50,000-99,999",Return,1
7REWa2R,recTPtJsPD2nwANlq,0.0,Detractor,2025-10-07 15:24:00,2025-09-30,380,42900.0,42900.0,Critical,18-25,,Return,1
EkWZjOl,recYDWYYh8zJjyMkv,10.0,Promoter,2025-06-01 11:44:00,2025-03-30,0,0.0,58460.0,Low,,,Active,1
lb5XdvX,recYJ6gfMqc100kFN,8.0,Passive,2025-11-05 14:00:00,2025-09-30,0,0.0,8190.0,Low,,"30,000-49,999",Active,1
q4aZ7B2,recYaOD7HcWZhQqDQ,3.0,Detractor,2025-04-22 16:30:00,2025-03-30,0,0.0,45170.0,Low,,,Active,1
WOpeNjj,recYk756yFZW1vbi0,1.0,Detractor,2025-08-13 06:22:00,2025-06-30,313,62100.0,70380.0,Critical,,,FPD,1
aQGV79v,reccVUQQfjfWgRNF6,9.0,Promoter,2025-07-22 15:54:00,2025-06-30,0,0.0,19250.0,Low,,,Active,1
q4zdM8G,recek3hRBGZTFtNu3,9.0,Promoter,2025-10-07 16:03:00,2025-09-30,0,100.0,0.0,Low,,,Paid Off,1
Ekl7YD4,recfy1INwVvgIaa5C,7.0,Passive,2025-05-18 07:58:00,2025-03-30,0,0.0,20640.0,Low,,,Active,1
68PdZqJ,recgVqyfRDIkzXXIi,8.0,Passive,2025-10-07 17:50:00,2025-09-30,392,86740.0,86740.0,Critical,,,Return,1
ZjeNyDe,rechE1UaqhFDINegf,9.0,Promoter,2025-10-07 15:58:00,2025-09-30,0,0.0,0.0,Low,,,Paid Off,1
2EPDbLA,rechUCf4NoXYTOQlB,10.0,Promoter,2025-06-01 13:40:00,2025-03-30,230,3944.0,3944.0,Critical,,,PAR 30,1
VLQNqKv,reck7bLBZu8T4tL9w,5.0,Detractor,2025-05-08 12:17:00,2025-03-30,0,0.0,24320.0,Low,18-25,"10,000-19,999",Active,1
0QjvrZN,reckch4X1L2ewhkok,10.0,Promoter,2025-08-12 14:42:00,2025-06-30,0,0.0,12960.0,Low,46-55,"30,000-49,999",Active,1
QK0Po5p,reclQT2GzcJD6zPBu,3.0,Detractor,2025-07-22 16:34:00,2025-06-30,0,0.0,28560.0,Low,26-35,"10,000-19,999",Active,1
NpP6d2b,recmELq0YzKfewCxt,0.0,Detractor,2025-10-07 15:37:00,2025-09-30,0,0.0,0.0,Low,,,Paid Off,1
yP1yMGX,recnv4X6QDUHafKt6,5.0,Detractor,2025-10-07 21:48:00,2025-09-30,0,2680.0,6030.0,Low,,,Active,1
eq6G9dE,recqipYF4bAylKqe7,8.0,Passive,2025-06-22 13:13:00,2025-03-30,0,60.0,16300.0,Low,,,Active,1
vGzNq0Q,recrS94WYqZm019Wc,4.0,Detractor,2025-10-07 18:52:00,2025-09-30,0,0.0,0.0,Low,18-25,,Paid Off,1
44DM6Zr,recsDMv7t2kGr2FRE,0.0,Detractor,2025-12-02 20:30:00,2025-09-30,564,35150.0,35150.0,Critical,,,Return,1
WOkWkla,recsRyQtZMJnApKA1,0.0,Detractor,2025-12-02 16:16:00,2025-09-30,180,28739.0,34439.0,Critical,36-45,"150,000+",PAR 30,1
A7dYLQ0,rectvifkspuBraUN9,10.0,Promoter,2025-08-21 05:04:00,2025-06-30,0,0.0,36340.0,Low,,,Active,1
7R9Vz0P,rechNONSU5iBbuSEP,5.0,Detractor,2025-08-12 21:46:00,2025-06-30,0,0.0,25410.0,Low,36-45,"50,000-99,999",Active,1
5BLGZXo,recwjF2UIhRr3kMVg,0.0,Detractor,2025-07-26 14:52:00,2025-06-30,0,15550.0,15550.0,Low,,,Active,1
zxOAjQ1,recwnXksVr30uW7g0,10.0,Promoter,2025-11-05 16:38:00,2025-09-30,0,0.0,15800.0,Low,26-35,,Active,1
QKOqp8G,rec1TTAa6ixm8n6JV,0.0,Detractor,2025-09-25 16:26:00,2025-06-30,98,23840.0,74720.0,Critical,18-25,"30,000-49,999",PAR 30,1
ZjJ0BaA,rec1ybnrEuJlYmn0r,7.0,Passive,2025-07-22 15:33:00,2025-06-30,0,0.0,33900.0,Low,26-35,"150,000+",Active,1
jabZEvR,rec5VIGQKXyJWIK8V,10.0,Promoter,2025-04-23 06:53:00,2025-03-30,0,0.0,59340.0,Low,26-35,"30,000-49,999",Active,1
VL9zMEa,rec5xxcMnILS3w9oJ,8.0,Passive,2025-08-20 05:26:00,2025-06-30,13,2440.0,47580.0,Medium,26-35,"10,000-19,999",PAR 7,1
yPNZGRd,recz9P2LdiWAYmkfD,9.0,Promoter,2025-04-22 16:15:00,2025-03-30,0,0.0,60000.0,Low,26-35,,Active,1
kd9a8Dd,rec7efDKVBaCwVMdr,10.0,Promoter,2025-04-22 16:52:00,2025-03-30,0,1540.0,69480.0,Low,26-35,"20,000-29,999",Active,1
Zjo5LXo,rec9MogCjS6ixcJtm,1.0,Detractor,2025-04-22 16:27:00,2025-03-30,0,0.0,71200.0,Low,26-35,"30,000-49,999",Active,1
gDqj2QD,rec9tMBDrNHWByRGl,9.0,Promoter,2025-05-11 20:32:00,2025-03-30,0,0.0,42450.0,Low,26-35,"150,000+",Active,1
vGrGr20,recAhcmuyUWpMklrO,10.0,Promoter,2025-04-22 18:00:00,2025-03-30,0,0.0,82970.0,Low,36-45,"150,000+",Active,1
1A4o0BW,recCBcin4lDWAnUV4,10.0,Promoter,2025-05-18 08:49:00,2025-03-30,0,0.0,74710.0,Low,26-35,"100,000-149,999",Active,1
Xx9N2aj,recCGlkn1vDtrmcO5,7.0,Passive,2025-10-27 09:13:00,2025-09-30,55,6620.0,24820.0,High,,,PAR 30,1
0QDzjry,recCSSteo0cN5azjj,8.0,Passive,2025-09-25 12:54:00,2025-06-30,0,0.0,0.0,Low,,,Paid Off,1
44pRo7o,recFFqcZFHkqM6GxU,5.0,Detractor,2025-09-25 12:58:00,2025-06-30,0,0.0,0.0,Low,,,Paid Off,1
PdDDdvQ,recFizPG15Ef6gkxg,0.0,Detractor,2025-04-23 09:02:00,2025-03-30,22,3510.0,45370.0,Medium,26-35,"10,000-19,999",FMD,1
81yXkvk,recGxa1I0HPTJ2sWI,8.0,Passive,2025-11-24 16:22:00,2025-09-30,0,0.0,8400.0,Low,,"50,000-99,999",Active,1
dWaZrKN,rec9HXLrt6sdHbGIF,10.0,Promoter,2025-05-06 15:14:00,2025-03-30,0,0.0,34320.0,Low,18-25,"20,000-29,999",Active,1
Ek5zeDX,recF27j93eHkcruZo,8.0,Passive,2025-04-22 16:33:00,2025-03-30,0,59930.0,0.0,Low,26-35,"30,000-49,999",Paid Off,1
yPyoNR0,recQYhN0PTyl4jVqW,8.0,Passive,2025-07-08 13:30:00,2025-06-30,8,3760.0,67680.0,Medium,26-35,"50,000-99,999",PAR 7,1
aQG7P8Z,recQuQcl0PryOAf0X,5.0,Detractor,2025-07-22 19:13:00,2025-06-30,0,0.0,20080.0,Low,36-45,"50,000-99,999",Active,1
yPg61jp,recUmt3DbYL0gb025,0.0,Detractor,2025-10-24 09:44:00,2025-09-30,0,0.0,19950.0,Low,26-35,"30,000-49,999",Active,1
LZK2R4j,recTa8o3gQkTm3lP4,8.0,Passive,2025-05-18 15:19:00,2025-03-30,0,0.0,54180.0,Low,26-35,"5,000-9,999",Active,1
ZjEPY0V,recYO3yYD226tuMP6,8.0,Passive,2025-05-06 16:44:00,2025-03-30,0,650.0,27300.0,Low,26-35,"50,000-99,999",Active,1
Y5RDvqB,recZ4rGnRAkjQGKqA,10.0,Promoter,2025-05-09 13:58:00,2025-03-30,0,0.0,55319.0,Low,46-55,"100,000-149,999",Active,1
q4pXG0Y,recZWWsuP4oClguJj,10.0,Promoter,2025-11-05 13:45:00,2025-09-30,0,0.0,31800.0,Low,26-35,"30,000-49,999",Active,1
lb5XkrN,recaWEjEUhBr0mSCn,10.0,Promoter,2025-11-05 15:45:00,2025-09-30,0,2230.0,19870.0,Low,26-35,"30,000-49,999",Active,1
Xxro86Y,reccVSOOu2BKOfwmo,0.0,Detractor,2025-04-23 19:30:00,2025-03-30,0,0.0,63400.0,Low,46-55,"150,000+",Active,1
rjYlblM,receLhxpuuABIj8mW,10.0,Promoter,2025-10-07 19:55:00,2025-09-30,0,0.0,0.0,Low,36-45,"100,000-149,999",Paid Off,1
xXjxLay,recfGn21idkkksfKD,10.0,Promoter,2025-04-22 16:28:00,2025-03-30,16,4800.0,72000.0,Medium,26-35,"150,000+",PAR 7,1
44BXV5O,recfi8alfWNkKuIOT,10.0,Promoter,2025-04-22 16:58:00,2025-03-30,0,0.0,56580.0,Low,26-35,"50,000-99,999",Active,1
D4KBgpl,recfpJrULms8T9t8o,10.0,Promoter,2025-04-23 08:36:00,2025-03-30,0,0.0,67940.0,Low,26-35,"50,000-99,999",Active,1
MeDX5Mp,recYjydlrWhV1k8sT,10.0,Promoter,2025-04-23 05:17:00,2025-03-30,0,0.0,31570.0,Low,18-25,"50,000-99,999",Active,1
GxKxMp2,recZWWsuP4oClguJj,10.0,Promoter,2025-04-22 21:16:00,2025-03-30,0,0.0,100700.0,Low,26-35,"30,000-49,999",Active,1
QKM2QQX,recglHvMiiwcRGF1k,3.0,Detractor,2025-04-22 17:06:00,2025-03-30,0,0.0,55860.0,Low,26-35,"20,000-29,999",Active,1
b5EpAMZ,reckMED3MxtAvuiT0,7.0,Passive,2025-12-02 15:55:00,2025-09-30,0,0.0,26860.0,Low,46-55,"150,000+",Active,1
WO66Lve,recn0zXHYHLm6X2DO,9.0,Promoter,2025-12-18 21:02:00,2025-09-30,0,0.0,21000.0,Low,,"20,000-29,999",Active,1
J9RDkoY,rechGdXlL0fejKRFh,9.0,Promoter,2025-07-07 14:11:00,2025-06-30,0,0.0,42460.0,Low,,"10,000-19,999",Active,1
kdAWglJ,recn1nFyARgsqZnqe,5.0,Detractor,2025-07-07 14:42:00,2025-06-30,0,0.0,58830.0,Low,26-35,"30,000-49,999",Active,1
KYN9lV7,recsHxiwvorChBWSy,10.0,Promoter,2025-12-02 18:00:00,2025-09-30,0,0.0,36570.0,Low,18-25,"5,000-9,999",Active,1
MeNrvLM,rectIXrYREIgcx5yj,1.0,Detractor,2025-05-06 13:49:00,2025-03-30,0,0.0,33599.6,Low,26-35,,Active,1
jabDr29,recu67IarDCfhWwc6,10.0,Promoter,2025-04-22 16:46:00,2025-03-30,0,0.0,65190.0,Low,26-35,"20,000-29,999",Active,1
VLvdDyv,recuF2KhVjG8aAvFA,,,2025-09-10 07:30:00,2025-06-30,0,0.0,55300.0,Low,36-45,"20,000-29,999",Active,1
zx0VVrE,recureVgb4aTH0IWH,7.0,Passive,2025-08-26 20:50:00,2025-06-30,0,0.0,75440.0,Low,26-35,"150,000+",Active,1
gDAZZRM,recvD48mF7o3k6Uf7,10.0,Promoter,2025-07-07 14:02:00,2025-06-30,0,0.0,81550.0,Low,18-25,"30,000-49,999",Active,1
obgyY2e,recvUZNd1OOablcj6,2.0,Detractor,2025-10-24 10:12:00,2025-09-30,61,9474.0,29814.0,Critical,26-35,"50,000-99,999",PAR 30,1
9qyz985,rec1CjR86jpvdwu27,10.0,Promoter,2025-11-25 09:36:00,2025-09-30,62,6930.0,27720.0,Critical,18-25,"10,000-19,999",Return,1
5Bkvd6v,recxgzlKpMPh9k450,1.0,Detractor,2025-07-07 13:48:00,2025-06-30,0,0.0,23360.0,Low,26-35,"10,000-19,999",Active,1
rjpR0Wo,rec2TMpvEiDC181eU,4.0,Detractor,2025-11-05 14:36:00,2025-09-30,0,0.0,33800.0,Low,26-35,"30,000-49,999",Active,1
81RVRNP,rec3p5dCXCAdFi9kG,10.0,Promoter,2025-09-25 13:11:00,2025-06-30,0,0.0,72160.0,Low,18-25,"20,000-29,999",Active,1
QKvJjkk,rec5R7LjYhPhuniMH,10.0,Promoter,2025-09-08 14:43:00,2025-06-30,0,0.0,82879.0,Low,,,Active,1
eqjXdlq,rec6JuPZ1IpeWppH1,10.0,Promoter,2025-12-02 14:00:00,2025-09-30,0,0.0,95040.0,Low,,,Active,1
gDY76DK,rec6ZB0EvKRqQafeb,5.0,Detractor,2025-09-08 15:18:00,2025-06-30,0,0.0,46350.0,Low,46-55,"150,000+",Active,1
BzbD75Y,rec7nef6iwM71NO0C,9.0,Promoter,2025-08-12 15:14:00,2025-06-30,0,0.0,40800.0,Low,26-35,"20,000-29,999",Active,1
jaqRZAR,rec8X64bGcLoltm0d,,,2025-12-02 14:20:00,2025-09-30,0,0.0,32180.0,Low,,,Active,1
XxOr1YY,recAMMuNF1CAabwRC,3.0,Detractor,2025-08-28 10:47:00,2025-06-30,0,0.0,30800.0,Low,,"30,000-49,999",Active,1
Y5vqxeN,recApzKmt31yPXXTW,3.0,Detractor,2025-11-21 19:42:00,2025-09-30,0,0.0,75000.0,Low,,"100,000-149,999",Active,1
b5krdJL,rec6ZB0EvKRqQafeb,3.0,Detractor,2025-07-07 13:46:00,2025-06-30,0,0.0,46350.0,Low,46-55,"150,000+",Active,1
WODpVWJ,recC4G6Aattx2VyYi,5.0,Detractor,2025-09-08 18:47:00,2025-06-30,0,0.0,31040.0,Low,26-35,"20,000-29,999",Active,1
681e1aP,recCt6WIpBalOBfc0,5.0,Detractor,2025-08-19 15:41:00,2025-06-30,0,0.0,138210.0,Low,46-55,"150,000+",Active,1
obVdQQN,recG8ESDuHDfhW9zO,8.0,Passive,2025-08-12 16:51:00,2025-06-30,0,0.0,19890.0,High,18-25,"10,000-19,999",PAR 30,1
81jZ1Zo,recHSDbtWgt7VKWqM,6.0,Detractor,2025-08-28 20:03:00,2025-06-30,0,0.0,37050.0,Low,26-35,"150,000+",Active,1
obaP4x5,recKoNn5TfLRnMM3I,0.0,Detractor,2025-12-02 17:08:00,2025-09-30,140,27910.0,58500.0,Critical,46-55,"30,000-49,999",Return,1
LZGY7Xl,recGku9qtHqRdZYJ3,3.0,Detractor,2025-07-07 13:21:00,2025-06-30,0,0.0,132790.0,Low,26-35,"150,000+",Active,1
xXQylb9,recGog4RSwof7p5HA,10.0,Promoter,2025-07-07 14:29:00,2025-06-30,0,0.0,107630.0,Low,46-55,"150,000+",Active,1
PdNLq45,recOhJQgR0FKycMO0,5.0,Detractor,2025-12-18 16:26:00,2025-09-30,0,0.0,16550.0,Low,36-45,"100,000-149,999",Active,1
Gx1DZbj,recQPHPCH2YCy0ij9,,,2025-07-07 15:32:00,2025-06-30,0,0.0,100000.0,Low,36-45,"150,000+",Active,1
obgyjQO,recRLHBjn7TUDM62L,0.0,Detractor,2025-10-24 10:40:00,2025-09-30,0,0.0,20580.0,Low,,,Active,1
jaMX1Ax,recRmAZ4WwgCTZ3pc,0.0,Detractor,2025-07-10 18:17:00,2025-06-30,21,4440.0,55500.0,Medium,26-35,"30,000-49,999",FMD,1
KYoD0gK,recTEpt7dGD0pPwAp,5.0,Detractor,2025-07-07 13:54:00,2025-06-30,0,0.0,55860.0,Low,26-35,"50,000-99,999",Active,1
2ErQPop,recTzWIn8iXjTrLpk,5.0,Detractor,2025-07-22 16:55:00,2025-06-30,0,0.0,71910.0,Low,26-35,"30,000-49,999",Active,1
GxgVzvZ,recUV18BlMMZEqNtU,10.0,Promoter,2025-11-05 17:10:00,2025-09-30,0,0.0,41050.0,Low,26-35,"50,000-99,999",Active,1
obKobW1,recV3y5PlvZEgjQbt,8.0,Passive,2025-09-08 05:47:00,2025-06-30,0,0.0,48520.0,Low,26-35,"50,000-99,999",Active,1
xXZOEGJ,recVSJPgSCWWR25tu,8.0,Passive,2025-07-22 19:20:00,2025-06-30,0,0.0,55650.0,Low,36-45,"100,000-149,999",Active,1
VLA96VM,recWmMeaFUttrKvku,6.0,Detractor,2025-11-20 14:47:00,2025-09-30,0,0.0,43480.0,Low,26-35,"50,000-99,999",Active,1
J9oDbyR,recX2gSusjLbuD72D,10.0,Promoter,2025-10-08 15:36:00,2025-09-30,0,0.0,44200.0,Low,26-35,"100,000-149,999",Active,1
gDY72Dd,recXaVcl7KXkTarEs,10.0,Promoter,2025-09-08 15:43:00,2025-06-30,0,0.0,13908.6,Low,,,Active,1
BzLKZ8N,recXvU4T2yg3M573v,8.0,Passive,2025-08-19 15:11:00,2025-06-30,0,0.0,39950.0,Low,18-25,"20,000-29,999",Active,1
Me22gME,recYCGwGitCKN0E3N,1.0,Detractor,2025-12-18 19:43:00,2025-09-30,71,11780.0,47620.0,Critical,26-35,"10,000-19,999",Return,1
ZjJ0WZv,recauBBTVD70plp1e,,,2025-07-22 14:47:00,2025-06-30,0,0.0,70460.0,Low,26-35,"30,000-49,999",Active,1
lbAWqV5,recd0T2Zhm0jHuWgS,10.0,Promoter,2025-09-13 09:48:00,2025-06-30,0,0.0,41550.0,Low,26-35,"150,000+",Active,1
yPGr0k8,recdC2lsO0VBHVlLY,10.0,Promoter,2025-11-05 14:36:00,2025-09-30,3,2000.0,57120.0,Low,,,Inactive,1
VLlY8vJ,recUuMb9eU1vyOb94,,,2025-07-07 13:50:00,2025-06-30,0,0.0,42450.0,Low,18-25,"20,000-29,999",Active,1
44j5eqk,recbsc9o29FK4fopC,10.0,Promoter,2025-07-22 15:58:00,2025-06-30,0,0.0,32560.0,Low,36-45,"150,000+",Active,1
ZjWNDWe,recgBi5aiw5zqLibh,10.0,Promoter,2025-10-24 09:37:00,2025-09-30,0,0.0,37240.0,Low,,,Active,1
EkvQNbX,recgQ6iFXUOWeHv9T,5.0,Detractor,2025-09-07 07:59:00,2025-06-30,17,2970.0,44550.0,Medium,18-25,"30,000-49,999",PAR 7,1
QKxMRQX,reciGGQtqjXnjS6kl,10.0,Promoter,2025-08-19 14:41:00,2025-06-30,0,0.0,57200.0,Low,26-35,"20,000-29,999",Active,1
rj2O1ro,reciow5rNqKGjZMep,8.0,Passive,2025-08-28 18:32:00,2025-06-30,5,1090.0,44690.0,Low,,,Inactive,1
GxLgNgo,recixLfeK6ksuj3GX,10.0,Promoter,2025-07-29 07:22:00,2025-06-30,2,840.0,41690.0,Low,18-25,"Below 5,000",Inactive,1
Me22XP0,recjohRZ1kjIbMtBt,,,2025-12-18 17:22:00,2025-09-30,0,0.0,15300.0,Low,46-55,"150,000+",Active,1
ZjKBKyo,recm0OOvuQBeguwIj,,,2025-11-24 11:41:00,2025-09-30,13,3080.0,57330.0,Medium,26-35,"100,000-149,999",PAR 7,1
RGZPKBl,recmR46Tr4KLkzSWt,10.0,Promoter,2025-12-04 10:20:00,2025-09-30,0,0.0,46110.0,Low,46-55,"50,000-99,999",Active,1
KY0bOgD,rechuHT54JNmMcoKa,6.0,Detractor,2025-07-22 14:53:00,2025-06-30,0,0.0,50400.0,Low,46-55,"150,000+",Active,1
D4Z9xDE,recnCM7Fc5X99I3p5,5.0,Detractor,2025-09-25 13:08:00,2025-06-30,0,0.0,0.0,Low,26-35,,Paid Off,1
lbAWk95,recnEOBH6kEjMlszf,10.0,Promoter,2025-07-07 15:21:00,2025-06-30,0,0.0,20400.0,Low,36-45,"20,000-29,999",Active,1
zxzWxD8,recnaYRKx2x4oUd8p,0.0,Detractor,2025-07-08 03:56:00,2025-06-30,9,2600.0,62400.0,Medium,26-35,"50,000-99,999",Return,1
rjKLARp,recpBakf1samQ6gIJ,8.0,Passive,2025-07-07 13:40:00,2025-06-30,0,0.0,45200.0,Low,36-45,"50,000-99,999",Active,1
pbAWol1,recpGyJyiMY6sv8xA,7.0,Passive,2025-07-07 13:29:00,2025-06-30,0,0.0,35700.0,Low,18-25,"10,000-19,999",Active,1
PdvQB6P,recpyQza9JixSV7mK,2.0,Detractor,2025-09-14 10:03:00,2025-06-30,0,0.0,42500.0,Low,26-35,"5,000-9,999",Active,1
Pd2DPV0,recq0O9aqotsLK57E,4.0,Detractor,2025-08-19 16:09:00,2025-06-30,0,0.0,67210.0,Low,26-35,"5,000-9,999",Active,1
yPreBMB,rectqW3jVEKpzsWAq,8.0,Passive,2025-12-07 15:32:00,2025-09-30,135,31480.0,74410.0,Critical,26-35,"50,000-99,999",PAR 30,1
9qP1DG5,recufXiWygvZ27xH9,1.0,Detractor,2025-12-05 19:05:00,2025-09-30,0,0.0,31640.0,Low,26-35,"30,000-49,999",Active,1
pbJy9qB,recv2chLShnJvktKH,8.0,Passive,2025-09-14 16:08:00,2025-06-30,0,0.0,53240.0,Low,36-45,"20,000-29,999",Active,1
eqKxJN0,recpuRKeUo1NALQzz,2.0,Detractor,2025-09-08 19:12:00,2025-06-30,0,0.0,73140.0,Low,18-25,"30,000-49,999",Active,1
68xavLY,recpw2lCUeuRctSJn,8.0,Passive,2025-07-22 17:30:00,2025-06-30,7,3620.0,79640.0,Medium,18-25,"30,000-49,999",Inactive,1
0Qb7KOy,rect7hhXRFo9z8ICl,2.0,Detractor,2025-08-19 17:16:00,2025-06-30,0,0.0,64680.0,Low,26-35,"150,000+",Active,1
5B2RJDZ,recpuRKeUo1NALQzz,1.0,Detractor,2025-07-22 15:45:00,2025-06-30,0,0.0,73140.0,Low,18-25,"30,000-49,999",Active,1
vGJjYrd,recvx2SkgPq7d1wzU,7.0,Passive,2025-09-13 09:24:00,2025-06-30,0,0.0,34040.0,Low,26-35,"30,000-49,999",Active,1
A7JqWAk,recwn8v4oqtjtXhXf,9.0,Promoter,2025-07-07 17:14:00,2025-06-30,0,0.0,50490.0,Low,55+,"30,000-49,999",Active,1
rjKLABL,recxGTrOOlvHnJTyI,7.0,Passive,2025-07-07 13:38:00,2025-06-30,0,0.0,71550.0,Low,36-45,"20,000-29,999",Active,1
vGxvWq4,recyQq82H44tHWrCM,5.0,Detractor,2025-08-15 13:03:00,2025-06-30,0,0.0,30030.0,Low,26-35,"30,000-49,999",Active,1
Y5oRG56,recyWNzFjIdzX85MA,7.0,Passive,2025-08-19 14:38:00,2025-06-30,0,0.0,40850.0,Low,26-35,"20,000-29,999",Active,1
b5ypveL,reczrd0OPe8OKQIHK,8.0,Passive,2025-11-24 14:02:00,2025-09-30,0,0.0,37400.0,Low,18-25,"150,000+",Active,1
gDVXoYD,rec2JQAdRD7EWk8T8,10.0,Promoter,2025-12-18 16:25:00,2025-09-30,0,0.0,102850.0,Low,36-45,"150,000+",Active,1
PdE4z4x,reczbnoz06M4nrQAo,10.0,Promoter,2025-07-09 13:52:00,2025-06-30,0,0.0,39900.0,Low,26-35,"10,000-19,999",Active,1
lbvGpXk,recDRkDsE1iURwZEF,10.0,Promoter,2025-10-04 06:37:00,2025-09-30,0,0.0,27100.0,Low,18-25,"10,000-19,999",Active,1
2EZzAqV,recENut3wm6WFYQiC,7.0,Passive,2025-11-05 13:46:00,2025-09-30,0,0.0,52500.0,Low,26-35,"30,000-49,999",Active,1
KYNA8BA,recIwPWodTiiL17wV,0.0,Detractor,2025-12-01 16:52:00,2025-09-30,0,0.0,63999.0,Low,,,Active,1
xXz006d,recWs60H3DTif9djP,10.0,Promoter,2025-10-09 05:46:00,2025-09-30,0,1660.0,84660.0,Low,18-25,"30,000-49,999",Active,1
lb9krqk,recYK2tx32v2QXHyw,2.0,Detractor,2025-12-02 08:42:00,2025-09-30,0,0.0,38320.0,Low,18-25,"20,000-29,999",Active,1
44qRJjb,recZlEfRSOjt3xQha,9.0,Promoter,2025-11-05 13:39:00,2025-09-30,0,0.0,27450.0,Low,18-25,"5,000-9,999",Active,1
Xx1Mbg4,reca7kS1fSBBuVt9A,9.0,Promoter,2025-12-18 16:24:00,2025-09-30,0,0.0,58480.0,Low,18-25,"50,000-99,999",Active,1
ob1jxP1,recc6Uz5GZQit6UNI,9.0,Promoter,2025-11-24 11:27:00,2025-09-30,0,0.0,27300.0,Low,18-25,"5,000-9,999",Active,1
xXzplNr,recjjO6LDN8X6PoVX,10.0,Promoter,2025-10-07 15:31:00,2025-09-30,0,0.0,0.0,Low,36-45,,Paid Off,1
5BqvlpZ,reclUj0jGJmxX0jbc,1.0,Detractor,2025-12-03 05:31:00,2025-09-30,0,0.0,21900.0,Low,26-35,"30,000-49,999",Active,1
0QYzprA,recpNEi9KXY4y4fHB,5.0,Detractor,2025-12-18 16:54:00,2025-09-30,0,0.0,42770.0,Low,26-35,"10,000-19,999",Active,1
81WVVqk,recvRljV7xF6mH0R3,10.0,Promoter,2025-11-05 15:26:00,2025-09-30,0,0.0,27300.0,Low,18-25,"30,000-49,999",Active,1
q4pXEvO,recx58gznGmXd3cjP,10.0,Promoter,2025-11-05 14:32:00,2025-09-30,0,0.0,54860.0,Low,36-45,"150,000+",Active,1
japXMYE,recxHSrBTqg63OTln,10.0,Promoter,2025-11-05 14:10:00,2025-09-30,0,0.0,19740.0,Low,18-25,"10,000-19,999",Active,1
xXz1bd9,recyIBXUotUaNd1fl,8.0,Passive,2025-10-11 15:12:00,2025-09-30,0,0.0,0.0,Low,26-35,"50,000-99,999",Paid Off,1
LZ5KEjv,recvotrPln84xdSJ5,10.0,Promoter,2025-08-28 17:38:00,,,,,,,,,1
D4bNJX5,rec4zAYoZfCgJSyUx,8.0,Passive,2025-10-24 09:04:00,,,,,,,,,1
VLBgv9M,recjiFodGqffCLSIW,10.0,Promoter,2025-12-03 03:49:00,,,,,,,,,1
RG6EzKK,recTYpOwvQG7wmiW8,4.0,Detractor,2025-12-03 07:14:00,,,,,,,,,1
rj0BKxp,reclhzp1uGJgKYNvW,10.0,Promoter,2025-08-19 15:06:00,,,,,,,,,1
9qpEg1p,recHsMEnzHIActSaT,0.0,Detractor,2025-09-08 14:59:00,,,,,,,,,1
2Ey6Dze,rece3chK7cLFpLnKM,,,2025-11-24 11:14:00,,,,,,,,,1
pb4WWQB,recCmqwHC3IbHwDzX,9.0,Promoter,2025-08-30 19:55:00,,,,,,,,,1
Zj1xk9v,recDgmRJvJHR2aG45,7.0,Passive,2025-09-19 14:51:00,,,,,,,,,1
449eZvB,recrpytrv9pKjzZNL,0.0,Detractor,2025-09-19 23:18:00,,,,,,,,,1
zxdq0WR,rec2bASf3AHIiK53z,1.0,Detractor,2025-10-07 15:13:00,,,,,,,,,1
2Ekvk8M,recmKA15Rvlisv20x,6.0,Detractor,2025-07-07 13:48:00,,,,,,,,,1
WOpP4ea,recvELUrUeDrPFpwP,4.0,Detractor,2025-08-12 14:18:00,,,,,,,,,1
1AgZz6g,recnWE7L2kfI7td8O,2.0,Detractor,2025-12-03 15:31:00,,,,,,,,,1
VLl9z0N,recscx6pMij72CFzU,8.0,Passive,2025-07-22 14:37:00,,,,,,,,,1
lb0qAgv,recUuLe9KNHZD6Mql,5.0,Detractor,2025-08-19 15:06:00,,,,,,,,,1
NpMJdj0,rec6bUiggiIOfmIMc,4.0,Detractor,2025-09-08 14:35:00,,,,,,,,,1
OD0Ory7,recWRHtsxOKM359Ml,10.0,Promoter,2025-07-22 18:43:00,,,,,,,,,1
xXNPy2k,recfJQF17KRGBdNmF,7.0,Passive,2025-08-12 19:58:00,,,,,,,,,1
Me60Ggg,recGME0Sx2y9bH2g8,8.0,Passive,2025-09-19 13:36:00,,,,,,,,,1
gDkV2GN,recxzoTZYvZyXof8j,8.0,Passive,2025-09-25 17:04:00,,,,,,,,,1
J9gbbEK,recSbvV3CIdhqDrst,8.0,Passive,2025-11-05 15:29:00,,,,,,,,,1
BzK45ye,recflB5Ag0Odf6LTN,5.0,Detractor,2025-04-22 16:17:00,,,,,,,,,1
68eJYe5,recKGakMTzFkL8QST,5.0,Detractor,2025-04-22 16:35:00,,,,,,,,,1
lb0qOZ6,rec6BhJT1t473wv8V,9.0,Promoter,2025-08-19 14:38:00,,,,,,,,,1
vGEO9Dd,recBW3WflBlSL7aee,8.0,Passive,2025-09-08 15:23:00,,,,,,,,,1
vGd6G5Q,recB2R91Lgp7XSwr6,8.0,Passive,2025-09-25 17:28:00,,,,,,,,,1
GxY9OYo,rec2E9dWvBaCAcS8v,2.0,Detractor,2025-08-28 15:16:00,,,,,,,,,1
D40pPzj,reczmdCEsi8fe1xHf,5.0,Detractor,2025-08-28 18:34:00,,,,,,,,,1
yPGbqjB,recM2sBKC7jGkyAyk,7.0,Passive,2025-11-05 17:48:00,,,,,,,,,1
xX1AyBo,recvdntyBk3pOXYA9,9.0,Promoter,2025-11-24 16:36:00,,,,,,,,,1
LZMYqoj,recwKRC1xMe65S3Nc,10.0,Promoter,2025-08-12 17:02:00,,,,,,,,,1
D4XkZMN,recejOrhiIULmgMoj,10.0,Promoter,2025-08-19 20:10:00,,,,,,,,,1
vGYdGaQ,recm2CiZQ0HgthElu,10.0,Promoter,2025-06-01 11:43:00,,,,,,,,,1
rj00kqX,rece227m9PgWAosFa,9.0,Promoter,2025-08-22 05:18:00,,,,,,,,,1
449e8Po,recJ69NKQo7pGxLCr,2.0,Detractor,2025-09-19 19:59:00,,,,,,,,,1
NpRrMOl,recctKnfG8VnqvHJV,7.0,Passive,2025-09-21 08:03:00,,,,,,,,,1
lbMxJLv,recKBo8LbBwwriw1t,,,2025-09-26 15:52:00,,,,,,,,,1
44zaPqO,rec0dpvfRpnngv0dl,6.0,Detractor,2025-09-28 04:57:00,,,,,,,,,1
dW1Q9jz,recDK57IkHZ8vGGn6,10.0,Promoter,2025-11-20 15:55:00,,,,,,,,,1
kdQVZOj,recHldNiLKltXcccK,10.0,Promoter,2025-12-03 11:04:00,,,,,,,,,1
ZjXEerA,recOmIrDn7LYh6BKl,10.0,Promoter,2025-12-04 15:35:00,,,,,,,,,1
kdXe7Do,recsp5lf0FdI9hSUi,7.0,Passive,2025-12-04 15:47:00,,,,,,,,,1
2Exv1XM,recOdH4vrsvMPlQaB,8.0,Passive,2025-08-12 16:09:00,,,,,,,,,1
pb4oLaJ,recP9ZxLehToxJZkO,0.0,Detractor,2025-08-28 17:02:00,,,,,,,,,1
b5K1aKo,recjo66ws3ngu5MbQ,10.0,Promoter,2025-09-11 12:40:00,,,,,,,,,1
lbYp4lv,recrSSgjJJd01Hmei,0.0,Detractor,2025-09-19 13:34:00,,,,,,,,,1
q4MlJ0k,recvcxOaJAgzKMCUi,0.0,Detractor,2025-11-24 11:11:00,,,,,,,,,1
rj1eYVp,recC47kHecD8AXPX2,3.0,Detractor,2025-11-24 17:19:00,,,,,,,,,1
J907ZR4,rec7LnU3e7nPbm1Bk,5.0,Detractor,2025-07-22 15:07:00,,,,,,,,,1
aQje2Yy,recVn1YPpMEJoJnFL,10.0,Promoter,2025-08-19 14:42:00,,,,,,,,,1
eqNDLAk,reclrrsdQsXgEmpwV,10.0,Promoter,2025-08-19 15:10:00,,,,,,,,,1
LZvEXk1,receTst45GsUTyyTC,,,2025-09-08 20:49:00,,,,,,,,,1
J9eyBVo,recfrMDfmfvBnet8W,10.0,Promoter,2025-09-19 13:33:00,,,,,,,,,1
vGrjvjl,rec8xC0dTeg51IJAv,7.0,Passive,2025-04-22 16:24:00,,,,,,,,,1
5B4xdqv,recCCFjPEqUMwnQbD,4.0,Detractor,2025-04-24 04:45:00,,,,,,,,,1
b5Ob8AE,rec8YrNy22sUij5I5,10.0,Promoter,2025-07-22 17:39:00,,,,,,,,,1
RGBYxPj,recNmNo8lQApAO2w8,0.0,Detractor,2025-08-12 14:51:00,,,,,,,,,1
68QOK9O,recdFyovKCPhoKDNo,7.0,Passive,2025-08-12 18:56:00,,,,,,,,,1
1AG4rYb,recnb0Q2A9Khod9M8,8.0,Passive,2025-08-28 17:00:00,,,,,,,,,1
kdOG5Oj,recV5Hcf8X28o8T29,4.0,Detractor,2025-08-28 17:18:00,,,,,,,,,1
KYG6ZVV,reciXDay368u4JigQ,10.0,Promoter,2025-10-07 16:02:00,,,,,,,,,1
PdWaKb5,rec3X8mg7QofWWCnJ,10.0,Promoter,2025-12-03 13:08:00,,,,,,,,,1
RGBYB6p,recwzm6KUwZgXVpiY,2.0,Detractor,2025-08-12 15:56:00,,,,,,,,,1
KYvJjqX,recvDazucywbN0XCG,10.0,Promoter,2025-09-08 15:28:00,,,,,,,,,1
rjGJjGp,recObMVtL2N13CosM,9.0,Promoter,2025-09-09 07:35:00,,,,,,,,,1
dWkXYgN,recrPoRu9X9hLnlnw,7.0,Passive,2025-09-25 12:37:00,,,,,,,,,1
VLPOWQJ,reclHEP9Q9w2nLDjs,10.0,Promoter,2025-05-18 08:56:00,,,,,,,,,1
q4G9LRG,recoYgQuo7UHRic7M,2.0,Detractor,2025-06-01 11:23:00,,,,,,,,,1
rj0BZPL,rec18e77aBYj4aIc3,8.0,Passive,2025-08-19 17:03:00,,,,,,,,,1
kdK7vkM,reclAf1RP8OvSwrKH,10.0,Promoter,2025-09-08 14:31:00,,,,,,,,,1
b56Xxxe,recqShWkmwl9ip9n7,4.0,Detractor,2025-09-25 12:24:00,,,,,,,,,1
XxdJbjL,recG7P44BacEIIsVX,7.0,Passive,2025-12-04 16:26:00,,,,,,,,,1
9qykRaG,rec1cP3mNXOvaYyqP,1.0,Detractor,2025-11-24 13:56:00,2025-09-30,224,50400.0,50400.0,Critical,,,Return,1
dWNqRGz,rec2TngHkBitHsQXn,9.0,Promoter,2025-04-22 16:03:00,2025-03-30,0,0.0,27840.0,Low,26-35,,Active,1
jabaaOJ,rec36huwiNfDs0GKz,9.0,Promoter,2025-04-22 17:45:00,2025-03-30,227,25920.0,25920.0,Critical,26-35,,PAR 30,1
EkgeZ4A,rec3U7ldQW66d8gfC,6.0,Detractor,2025-11-05 14:50:00,2025-09-30,456,60690.0,60690.0,Critical,,,Return,1
VLNZy2y,rec3nhmXyAyajxDLH,10.0,Promoter,2025-10-07 19:50:00,2025-09-30,0,100.0,0.0,Low,,,Paid Off,1
0Qkx5pP,rec6JqpJnoH2KaG4B,9.0,Promoter,2025-10-07 15:59:00,2025-09-30,0,0.0,0.0,Low,,,Paid Off,1
9qlV05Q,rec6xIP5YY5b8w25N,4.0,Detractor,2025-07-22 15:24:00,2025-06-30,0,17980.0,17980.0,Low,,,Active,1
rjgNekX,rec7r7oItBOZJTUFn,10.0,Promoter,2025-10-30 03:20:00,2025-09-30,0,3340.0,13360.0,Low,,,Active,1
9q41y05,rec8LX95LiqqhLRiN,8.0,Passive,2025-10-08 01:16:00,2025-09-30,295,48260.0,48260.0,Critical,,,Return,1
obMY9ae,rec8lzQ6mfIpSOFc1,10.0,Promoter,2025-06-12 07:20:00,2025-03-30,0,0.0,56670.0,Low,26-35,,Active,1
RGdK9zK,rec8z2uIPEvQU89cu,10.0,Promoter,2025-04-22 16:59:00,2025-03-30,122,29680.0,55780.0,Critical,,,PAR 30,1
OD4BRKa,recBHFBeNtEO2uNyt,8.0,Passive,2025-05-06 12:03:00,2025-03-30,0,0.0,780.0,Low,,,Active,1
q4a41X2,recCRRGR1PJ2ge0tP,5.0,Detractor,2025-04-22 20:56:00,2025-03-30,87,14500.0,53110.0,Critical,18-25,"5,000-9,999",PAR 30,1
GxgOP9L,recD99L7t995VxabH,10.0,Promoter,2025-11-06 06:17:00,2025-09-30,324,63059.0,55460.0,Critical,,,Return,1
xX2XPKv,recFQTq3QWel7svRz,9.0,Promoter,2025-07-23 13:40:00,2025-06-30,0,0.0,26400.0,Low,26-35,,Active,1
A79dqdk,recFl85Bn7rysfiWV,2.0,Detractor,2025-10-07 15:01:00,2025-09-30,0,100.0,0.0,Low,,,Paid Off,1
7ReVaka,recFtmBBQmqjxnw2G,8.0,Passive,2025-11-02 20:38:00,2025-09-30,0,0.0,0.0,Low,,,Paid Off,1
Pdryv9V,recH4JI2OadFptOHY,5.0,Detractor,2025-10-11 08:31:00,2025-09-30,0,0.0,0.0,Low,,,Paid Off,1
Pd1210P,recJ3217XgHALXRpr,8.0,Passive,2025-05-06 12:45:00,2025-03-30,12,920.0,23960.0,Medium,36-45,,PAR 7,1
Pd0VKJ5,recNnEHtVKQ5BAGTs,6.0,Detractor,2025-07-22 20:28:00,2025-06-30,0,5260.0,5260.0,Low,,,Active,1
6852AyJ,recQFgQjNatxfDNe5,0.0,Detractor,2025-11-10 08:17:00,2025-09-30,539,41320.0,41320.0,Critical,,,Return,1
PdgN1gQ,recQSnecNTyn9Dvbh,3.0,Detractor,2025-11-05 16:48:00,2025-09-30,468,32080.0,32080.0,Critical,,,Return,1
Bz7DDzY,recSUkWV2KuNiCPh0,0.0,Detractor,2025-05-30 16:56:00,2025-03-30,0,600.0,2940.0,Low,,,Active,1
obeZeLN,recU1rnbDNRhiet4K,0.0,Detractor,2025-05-09 07:34:00,2025-03-30,283,33620.0,35260.0,Critical,,,PAR 30,1
jazy8bY,recW13hYCrONQAH6j,7.0,Passive,2025-10-07 16:22:00,2025-09-30,0,100.0,0.0,Low,,,Paid Off,1
XxWYZ5z,recYNz093h5lvlheF,9.0,Promoter,2025-06-09 12:29:00,2025-03-30,0,0.0,54120.0,Low,36-45,"50,000-99,999",Active,1
pbPWx5V,recYg9hgSFhlSfZNH,9.0,Promoter,2025-08-12 14:38:00,2025-06-30,0,0.0,8870.0,Low,,,Active,1
Pdr6BY5,recbepQKZBlXJWlIm,9.0,Promoter,2025-10-07 15:08:00,2025-09-30,477,36720.0,36720.0,Critical,,,Return,1
GxKvYKO,recei9UEU0e5F9HuG,5.0,Detractor,2025-04-22 15:31:00,2025-03-30,108,13900.0,28690.0,Critical,,,PAR 30,1
VLN04PN,recf81XiIHlCt763y,9.0,Promoter,2025-10-07 15:28:00,2025-09-30,0,0.0,0.0,Low,,,Paid Off,1
9qlV81Y,recfIbBNmjR16tBX1,10.0,Promoter,2025-07-22 15:42:00,2025-06-30,114,19720.0,31320.0,Critical,,,PAR 30,1
NpobKKB,recfvLZp08nPJVUJF,0.0,Detractor,2025-06-01 11:32:00,2025-03-30,99,6900.0,23460.0,Critical,26-35,,FPD,1
Gx9Y4qQ,recgojmUiksICCySR,10.0,Promoter,2025-05-06 17:55:00,2025-03-30,62,6480.0,22320.0,Critical,,,PAR 30,1
5B2R2a6,recbHpduj0t42lqgH,9.0,Promoter,2025-07-22 13:45:00,2025-06-30,0,0.0,7740.0,Low,,,Active,1
VL1vNRE,rechwRVxVLlCkiXWk,10.0,Promoter,2025-08-13 15:28:00,2025-06-30,0,0.0,0.0,Low,,,Paid Off,1
obzAkeP,recj1famXGLWymvK9,0.0,Detractor,2025-10-07 19:09:00,2025-09-30,0,0.0,0.0,Low,,,Paid Off,1
44O8ppO,recjpcZJhzk1NwH9K,9.0,Promoter,2025-10-07 15:30:00,2025-09-30,0,0.0,0.0,Low,,,Paid Off,1
J9z41GK,reclx7h4AdBkijzAN,0.0,Detractor,2025-06-04 05:01:00,2025-03-30,0,0.0,76279.0,Low,18-25,"150,000+",Active,1
D4Y91WR,recmnb33Zlo4uxsDb,5.0,Detractor,2025-11-05 14:09:00,2025-09-30,0,2360.0,8260.0,Low,,"30,000-49,999",Active,1
ZjERBEa,recnqAK9ZHkl4cfch,0.0,Detractor,2025-05-06 11:40:00,2025-03-30,76,11990.0,49050.0,Critical,18-25,,Return,1
ZjeNvEo,recpNOzbuJgu6Mb5n,10.0,Promoter,2025-10-07 15:20:00,2025-09-30,0,100.0,0.0,Low,26-35,,Paid Off,1
MedYENk,recrJdHYZHFDdylAz,10.0,Promoter,2025-08-12 15:08:00,2025-06-30,0,0.0,21060.0,Low,,"20,000-29,999",Active,1
5BZlaNP,rectQZKGYzw4i218T,9.0,Promoter,2025-05-23 05:49:00,2025-03-30,0,0.0,45200.0,Low,18-25,"10,000-19,999",Active,1
GxKv8vo,rectcycx999bXPfce,8.0,Passive,2025-04-22 17:21:00,2025-03-30,0,0.0,0.0,Low,,,Paid Off,1
obpY711,recteegDdOGxpUP73,7.0,Passive,2025-11-05 14:27:00,2025-09-30,0,0.0,9790.0,Low,36-45,"20,000-29,999",Active,1
QKXpjKY,recwMYbeRCBmPWA9A,3.0,Detractor,2025-11-05 15:07:00,2025-09-30,216,25440.0,25440.0,Critical,,,Return,1
RGZdyQQ,recwceuc1d1qQbhrw,7.0,Passive,2025-08-19 17:01:00,2025-06-30,0,100.0,10780.0,Low,,,Active,1
q4769Q7,recwqWyPULgBHHbFM,1.0,Detractor,2025-12-03 05:53:00,2025-09-30,501,33800.0,33800.0,Critical,,,Return,1
b5zlVXe,recxu4HH5QnXWx6qy,8.0,Passive,2025-10-07 17:14:00,2025-09-30,0,0.0,0.0,Low,,,Paid Off,1
lb9EG45,recyqEaKQGTJhLBjC,10.0,Promoter,2025-12-02 13:42:00,2025-09-30,0,0.0,13080.0,Low,18-25,"10,000-19,999",Active,1
LZz1xMy,rec05XU0EE7hoe6gY,1.0,Detractor,2025-04-22 16:50:00,2025-03-30,7,2200.0,49500.0,Medium,36-45,"10,000-19,999",Inactive,1
gDxla6N,rec0ITuqc7Hbmh5I0,9.0,Promoter,2025-12-02 14:19:00,2025-09-30,0,3560.0,35600.0,Low,26-35,"Below 5,000",Active,1
NpVJZLO,rec20hqwavctgVANG,10.0,Promoter,2025-07-07 18:21:00,2025-06-30,0,0.0,60420.0,Low,26-35,"50,000-99,999",Active,1
xXoENEr,rec3XJNCOOQHPkTfv,4.0,Detractor,2025-11-05 14:33:00,2025-09-30,0,0.0,23730.0,Low,18-25,"10,000-19,999",Active,1
Ek5z7vq,rec5C2Ii3TD7nj4Hs,8.0,Passive,2025-05-06 11:51:00,2025-03-30,5,1780.0,74760.0,Low,18-25,"50,000-99,999",Inactive,1
dWADWBz,rec08hbVI8dupecHS,10.0,Promoter,2025-07-07 16:03:00,2025-06-30,0,0.0,32830.0,Low,18-25,"10,000-19,999",Active,1
gDej1VN,rec1I4Edrs4d5BdhW,10.0,Promoter,2025-04-22 16:23:00,2025-03-30,0,0.0,141470.0,Low,46-55,"150,000+",Active,1
44kvoLO,rec8n0QlOBqGhu0gG,8.0,Passive,2025-07-07 14:07:00,2025-06-30,0,0.0,102130.0,Low,36-45,"150,000+",Active,1
Npgvra0,recA8DuV3yLD4bP7m,7.0,Passive,2025-11-05 13:33:00,2025-09-30,0,0.0,8640.0,Low,26-35,"Below 5,000",Active,1
xXo8kz5,recBAntJkRj6Audcy,10.0,Promoter,2025-11-06 07:05:00,2025-09-30,0,0.0,55380.0,Low,26-35,,Active,1
A7jN81l,recBIFH3kZR3zyzEP,10.0,Promoter,2025-09-25 12:44:00,2025-06-30,0,0.0,66960.0,Low,26-35,"50,000-99,999",Active,1
eqY8Nje,recCFSnzftDijmlz0,8.0,Passive,2025-09-25 13:00:00,2025-06-30,0,0.0,0.0,Low,,,Paid Off,1
7Rzk4X9,recCubDKxk9ZDe41v,,,2025-11-24 10:58:00,2025-09-30,2,950.0,21850.0,Low,26-35,"50,000-99,999",Inactive,1
aQ0qagb,recDWzNeSXajtLRzs,5.0,Detractor,2025-07-30 15:44:00,2025-06-30,0,0.0,31640.0,Low,36-45,"150,000+",Active,1
J9kkxO7,recEytMIG4QTn4rqF,3.0,Detractor,2025-08-13 03:14:00,2025-06-30,0,0.0,43920.0,Low,36-45,"50,000-99,999",Active,1
7R9vl4Z,recF63FU2puwDCGC3,10.0,Promoter,2025-08-12 14:40:00,2025-06-30,13,3850.0,57040.0,High,26-35,"30,000-49,999",PAR 30,1
1Agq9qO,recK3k6FnoB6CCNi9,0.0,Detractor,2025-12-03 07:03:00,2025-09-30,0,0.0,20740.0,Low,18-25,"30,000-49,999",Active,1
Ekl77Bq,recKhz6XVNRiMJ74K,0.0,Detractor,2025-05-18 09:16:00,2025-03-30,2,1190.0,49980.0,Low,18-25,"5,000-9,999",Inactive,1
obRJDDe,recNxtJZiOFjRDLhD,5.0,Detractor,2025-05-19 04:38:00,2025-03-30,0,0.0,33880.0,Low,36-45,"150,000+",Active,1
5B9PDDM,recOYR5NPfwdDngZQ,,,2025-05-18 08:07:00,2025-03-30,0,0.0,26620.0,Low,26-35,"10,000-19,999",Active,1
OD4B6kM,recQ0a6Gmc6909lRG,10.0,Promoter,2025-05-06 11:55:00,2025-03-30,0,0.0,60400.0,Low,26-35,"150,000+",Active,1
NpQZyZN,recQAgpQ0G33Dyebb,0.0,Detractor,2025-11-24 11:39:00,2025-09-30,1,1580.0,28440.0,Low,26-35,"10,000-19,999",Inactive,1
A76Vpoe,recQHoYQGDCCemhJT,4.0,Detractor,2025-08-27 08:11:00,2025-06-30,0,0.0,34200.0,Low,26-35,"30,000-49,999",Active,1
2ExJNpL,recSMVYG06J215DK3,10.0,Promoter,2025-08-12 19:16:00,2025-06-30,0,0.0,16640.0,Low,18-25,"10,000-19,999",Active,1
rj2aM4X,recTAxcpfm7ndEw7X,10.0,Promoter,2025-08-28 15:24:00,2025-06-30,0,0.0,70920.0,Low,18-25,"100,000-149,999",Active,1
RGPVPOK,recU0qivR2lOapJvx,0.0,Detractor,2025-06-01 12:36:00,2025-03-30,0,0.0,34760.0,Low,26-35,"100,000-149,999",Active,1
OD0vEdY,recVwq5rFEr7zJrQw,10.0,Promoter,2025-07-22 14:36:00,2025-06-30,0,0.0,45140.0,Low,18-25,"30,000-49,999",Active,1
684kpkO,recWYk75m9HqlUS5g,10.0,Promoter,2025-10-24 16:19:00,2025-09-30,0,0.0,27030.0,Low,18-25,"50,000-99,999",Active,1
VLJ4gxN,recXGrNZ6a89D59WM,6.0,Detractor,2025-06-01 16:07:00,2025-03-30,0,0.0,54260.0,Low,26-35,"30,000-49,999",Active,1
EkB5ZKr,recY7yKMpjNeysS5O,9.0,Promoter,2025-08-19 15:42:00,2025-06-30,0,0.0,33060.0,Low,18-25,"20,000-29,999",Active,1
zxzkRBk,recZcxe03S7y3ETeY,6.0,Detractor,2025-07-12 08:09:00,2025-06-30,0,0.0,40000.0,Low,26-35,"30,000-49,999",Active,1
J9ZqeAo,recbg3opQtBZPWIQj,10.0,Promoter,2025-11-26 06:21:00,2025-09-30,0,0.0,20020.0,Low,26-35,"30,000-49,999",Active,1
J9pkbJo,recckfzgB8WBiR6Px,3.0,Detractor,2025-08-29 09:30:00,2025-06-30,7,2200.0,34100.0,Medium,26-35,"Below 5,000",Inactive,1
Pdr6OlQ,recd8Izhegbdfdcww,8.0,Passive,2025-10-07 14:28:00,2025-09-30,0,0.0,28060.0,Low,26-35,"150,000+",Active,1
9qMBvlp,recfV4sLLigEDZm77,4.0,Detractor,2025-09-28 10:31:00,2025-06-30,0,0.0,0.0,Low,26-35,"50,000-99,999",Paid Off,1
81L49zP,recfa8x7zRNpmmMKa,3.0,Detractor,2025-05-18 09:43:00,2025-03-30,0,0.0,64660.0,Low,36-45,"30,000-49,999",Active,1
447MDab,recWRnWE25sYXEhah,7.0,Passive,2025-05-19 02:24:00,2025-03-30,0,0.0,21000.0,Low,26-35,"100,000-149,999",Active,1
gDejVqM,recZNI80pG0AJlJib,10.0,Promoter,2025-04-22 16:39:00,2025-03-30,0,0.0,29480.0,Low,26-35,"30,000-49,999",Active,1
kdOeqx1,rechBmK9trQkke8ZE,10.0,Promoter,2025-08-28 15:47:00,2025-06-30,0,540.0,17280.0,Low,18-25,"5,000-9,999",Active,1
b5OPYxo,rechTlRC7EQz0eGkI,10.0,Promoter,2025-07-22 14:22:00,2025-06-30,0,0.0,45140.0,Low,18-25,"30,000-49,999",Active,1
1AOlY1M,recjLCHYg0W63oFyq,10.0,Promoter,2025-10-24 10:22:00,2025-09-30,0,0.0,28240.0,Low,26-35,"10,000-19,999",Active,1
vG0rW5Q,reclPAWkQ3luVqJXx,7.0,Passive,2025-08-19 16:06:00,2025-06-30,0,0.0,27990.0,Low,26-35,"10,000-19,999",Active,1
RGLp8p4,recpxmhJrBPowxgDi,5.0,Detractor,2025-07-22 14:13:00,2025-06-30,0,0.0,37450.0,Low,26-35,"30,000-49,999",Active,1
kd9d44R,recqj4f7Kdvhj5MUe,10.0,Promoter,2025-04-22 20:36:00,2025-03-30,0,0.0,47300.0,Low,26-35,"5,000-9,999",Active,1
D41DeWj,recin0YChLEIm5QdQ,10.0,Promoter,2025-07-07 14:05:00,2025-06-30,0,0.0,46920.0,Low,26-35,"10,000-19,999",Active,1
dWADRMy,reciqiueo1Y2z2d11,4.0,Detractor,2025-07-07 17:39:00,2025-06-30,0,0.0,68500.0,Low,26-35,"150,000+",Active,1
b5OPN2L,reckATocdGozDIlXn,6.0,Detractor,2025-07-22 14:12:00,2025-06-30,0,0.0,29260.0,Low,26-35,"20,000-29,999",Active,1
zx0NG6q,reckeQj5A9UPguU9w,9.0,Promoter,2025-08-19 16:05:00,2025-06-30,0,0.0,46360.0,Low,26-35,"30,000-49,999",Active,1
Bz1DByR,recm6hWHVRmZ6pKvH,10.0,Promoter,2025-07-07 13:53:00,2025-06-30,0,0.0,32800.0,Low,,"10,000-19,999",Active,1
MeDX8ek,recpnEaujfzZcAmSv,7.0,Passive,2025-04-23 06:03:00,2025-03-30,0,12640.0,74260.0,Low,46-55,"30,000-49,999",Active,1
LZK218j,recs08B5f3sh5hizW,10.0,Promoter,2025-05-18 10:27:00,2025-03-30,22,4660.0,60520.0,Medium,18-25,"20,000-29,999",PAR 7,1
ja9WPyQ,recugSTJV3GpXNvn7,8.0,Passive,2025-08-12 15:14:00,2025-06-30,0,0.0,21080.0,Low,26-35,"10,000-19,999",Active,1
XxrlkNg,recvc39EvMYnkBKy9,10.0,Promoter,2025-04-22 16:22:00,2025-03-30,0,0.0,106000.0,Low,26-35,"50,000-99,999",Active,1
Zjgr67o,reczG8H0AY6VxGIxN,2.0,Detractor,2025-11-06 08:02:00,2025-09-30,0,0.0,35800.0,Low,26-35,"100,000-149,999",Active,1
PdEY510,rec248OnGNOXPBUUn,8.0,Passive,2025-07-07 15:49:00,2025-06-30,0,0.0,61800.0,Low,36-45,"100,000-149,999",Active,1
gDY7goO,rec2wNKSIr3ElpaZ3,10.0,Promoter,2025-09-08 14:44:00,2025-06-30,0,0.0,39900.0,Low,26-35,"50,000-99,999",Active,1
XxvXaEz,rec2wkfTHArA3wyaQ,8.0,Passive,2025-12-03 05:44:00,2025-09-30,0,0.0,25158.0,Low,26-35,"100,000-149,999",Active,1
QKy1qAY,rec5PPoQBOWbxG54t,3.0,Detractor,2025-11-08 18:43:00,2025-09-30,0,0.0,17000.0,Low,36-45,"10,000-19,999",Active,1
pbAWB9E,rec5ljXdEcechRgtw,7.0,Passive,2025-07-07 13:38:00,2025-06-30,0,0.0,52000.0,Low,26-35,"50,000-99,999",Active,1
obpY5WM,rec71qAxHPOhUDF6B,5.0,Detractor,2025-11-05 14:49:00,2025-09-30,0,0.0,31450.0,Low,26-35,"50,000-99,999",Active,1
VL8gbkl,rec9Gl9MMMZDmyCZ1,10.0,Promoter,2025-07-22 14:28:00,2025-06-30,0,0.0,51840.0,Low,18-25,"10,000-19,999",Active,1
EkGeYNr,rec9QkOtBdnkNXiW7,10.0,Promoter,2025-12-18 15:45:00,2025-09-30,0,0.0,28050.0,Low,26-35,"50,000-99,999",Active,1
WOB7QeJ,recA3QfR2qmBfPsWw,1.0,Detractor,2025-11-24 11:34:00,2025-09-30,0,0.0,24640.0,Low,26-35,"50,000-99,999",Active,1
GxLQ51o,recAN7DtUgp4ceyYr,6.0,Detractor,2025-07-28 07:17:00,2025-06-30,0,0.0,40020.0,Low,18-25,"10,000-19,999",Active,1
ja975JQ,recAONDYUz1lB12Dj,9.0,Promoter,2025-08-12 20:28:00,2025-06-30,0,0.0,52640.0,Low,36-45,"10,000-19,999",Active,1
jaMkgq9,recBPxZxnA9ZQSAmv,0.0,Detractor,2025-07-08 19:01:00,2025-06-30,0,0.0,47310.0,Low,26-35,"30,000-49,999",Active,1
GxoK5RQ,rec8oaF5Gt7HtQTN2,8.0,Passive,2025-08-19 15:55:00,2025-06-30,0,0.0,100230.0,Low,36-45,"100,000-149,999",Active,1
kdgZkz6,recCZFGWkA4ODUdov,3.0,Detractor,2025-10-24 20:36:00,2025-09-30,14,3900.0,31200.0,Medium,36-45,"30,000-49,999",PAR 7,1
5Bkve9Q,recF17PSwzFOCmddt,,,2025-07-07 14:21:00,2025-06-30,5,880.0,52720.0,Low,26-35,"10,000-19,999",Inactive,1
D41DNZZ,recGx6HsupfXGCGtV,10.0,Promoter,2025-07-07 13:41:00,2025-06-30,0,0.0,41420.0,Low,36-45,"100,000-149,999",Active,1
gDAZxWO,recJLc2jXDQ6vHF9U,10.0,Promoter,2025-07-07 15:01:00,2025-06-30,0,0.0,60720.0,Low,36-45,"30,000-49,999",Active,1
LZ0RMj2,recJl8fQTWo8fIveZ,7.0,Passive,2025-07-22 17:43:00,2025-06-30,0,0.0,56640.0,Low,26-35,"30,000-49,999",Active,1
Ek1DXYN,recKBXnkkKvnEeb2t,1.0,Detractor,2025-07-07 13:43:00,2025-06-30,0,0.0,59850.0,Low,36-45,"150,000+",Active,1
zxZE4GM,recKCXmcQ1mzPDLhX,1.0,Detractor,2025-07-23 18:38:00,2025-06-30,0,740.0,34780.0,Low,26-35,"10,000-19,999",Active,1
pbVakBB,recC8M8D7lP2AObzE,10.0,Promoter,2025-07-22 14:27:00,2025-06-30,2,770.0,33880.0,Low,18-25,"50,000-99,999",Inactive,1
ZjJqoD0,recDsBNtrO8HgsYfo,1.0,Detractor,2025-07-22 16:32:00,2025-06-30,0,0.0,43200.0,Low,26-35,"30,000-49,999",Active,1
D4eQDPj,recEEvC5wzBLFgItb,7.0,Passive,2025-07-22 13:54:00,2025-06-30,0,0.0,49280.0,Low,26-35,"20,000-29,999",Active,1
7R9yKjZ,recLaEQUscDOuhdgh,0.0,Detractor,2025-12-03 05:40:00,2025-09-30,0,0.0,67310.0,Low,18-25,"20,000-29,999",Active,1
MerN71M,recMg4pGP2VMJgFMI,1.0,Detractor,2025-08-19 20:05:00,2025-06-30,0,1590.0,71550.0,Low,46-55,"50,000-99,999",Active,1
EkgGbqq,recN6mkgCbVG9K5VW,4.0,Detractor,2025-11-05 17:43:00,2025-09-30,0,0.0,41380.0,Low,18-25,"30,000-49,999",Active,1
gD1oVgd,recNeeXqjDlc8ealZ,5.0,Detractor,2025-11-24 11:54:00,2025-09-30,0,0.0,39200.0,Low,18-25,"30,000-49,999",Active,1
2EZzlOM,recNqJ8GYGWa5Z09m,9.0,Promoter,2025-11-05 14:49:00,2025-09-30,0,0.0,30400.0,Low,26-35,"50,000-99,999",Active,1
Bz1D9N5,recNwiPs6bjFmWzaC,9.0,Promoter,2025-07-07 14:42:00,2025-06-30,0,0.0,43350.0,Low,26-35,"5,000-9,999",Active,1
LZvklgO,recOdFhTM2LcXi7Uu,9.0,Promoter,2025-09-09 15:51:00,2025-06-30,0,0.0,30800.0,Low,18-25,"30,000-49,999",Active,1
xXZK04G,recPU2zJXZjwFzKJL,7.0,Passive,2025-07-22 14:08:00,2025-06-30,0,5049.0,76959.0,Low,36-45,"30,000-49,999",Active,1
81eOAWO,recQabJPcwHQ6YrAW,10.0,Promoter,2025-07-22 14:18:00,2025-06-30,0,0.0,47580.0,Low,26-35,"10,000-19,999",Active,1
QKxMllX,recR2CDCaAmxpZOg1,7.0,Passive,2025-08-19 17:02:00,2025-06-30,0,0.0,35000.0,Low,26-35,"50,000-99,999",Active,1
LZG56dO,recRLtch366MjP2Sj,10.0,Promoter,2025-07-08 06:30:00,2025-06-30,0,0.0,66650.0,Low,18-25,"50,000-99,999",Active,1
5BkrJ4P,recSsLvRLQXTaYzFY,8.0,Passive,2025-07-22 15:06:00,2025-06-30,0,0.0,59000.0,Low,36-45,"20,000-29,999",Active,1
jaYVEaJ,recUlHN0NtswThbDH,6.0,Detractor,2025-11-24 11:25:00,2025-09-30,0,0.0,112440.0,Low,,,Active,1
QK0LJK7,recV9utEfomyinj20,9.0,Promoter,2025-07-22 13:57:00,2025-06-30,0,0.0,34780.0,Low,36-45,"150,000+",Active,1
BzLjgr7,recYFaiQjLfqTeVWL,,,2025-08-22 19:16:00,2025-06-30,0,0.0,41600.0,Low,26-35,"50,000-99,999",Active,1
LZG6KXJ,recYHK7yoidKFj6Vq,10.0,Promoter,2025-07-08 17:13:00,2025-06-30,0,0.0,24000.0,Low,26-35,"10,000-19,999",Active,1
jaMWo86,recZABOImQoFRVSSY,10.0,Promoter,2025-07-07 13:28:00,2025-06-30,0,0.0,23000.0,Low,26-35,"Below 5,000",Active,1
VLbEzov,recaCXnvfMgAumPAN,10.0,Promoter,2025-09-13 09:16:00,2025-06-30,0,0.0,67620.0,Low,26-35,"20,000-29,999",Active,1
2EkvPBe,recYCGwGitCKN0E3N,9.0,Promoter,2025-07-07 13:33:00,2025-06-30,0,0.0,47620.0,Low,26-35,"10,000-19,999",Active,1
dWQak0D,receWB8TrdoTXLbPz,9.0,Promoter,2025-08-28 14:26:00,2025-06-30,0,0.0,40350.0,Low,26-35,"20,000-29,999",Active,1
rjE7qlM,reciC6Gl6SdM0u12H,8.0,Passive,2025-07-22 14:45:00,2025-06-30,0,0.0,43700.0,Low,18-25,"20,000-29,999",Active,1
Y5oaxbz,reciZ3qRbmjXahDAA,2.0,Detractor,2025-08-20 10:16:00,2025-06-30,0,0.0,40850.0,Low,26-35,"20,000-29,999",Active,1
eqA2VyE,reckEArdlaWbibdPx,8.0,Passive,2025-07-07 15:34:00,2025-06-30,0,0.0,22440.0,Low,26-35,"50,000-99,999",Active,1
QKrYBQX,recklc3foC3SByDon,8.0,Passive,2025-07-07 14:11:00,2025-06-30,0,0.0,40850.0,Low,18-25,"100,000-149,999",Active,1
zxRPlk1,reclKZFgCqqnfGWFx,5.0,Detractor,2025-12-03 09:40:00,2025-09-30,0,0.0,52470.0,Low,26-35,"30,000-49,999",Active,1
zxRl5G8,recm6SozCTsIo9KzF,4.0,Detractor,2025-12-03 05:29:00,2025-09-30,0,0.0,32640.0,Low,18-25,"30,000-49,999",Active,1
2EYYzBD,recmXmF9i0AT63mCp,10.0,Promoter,2025-12-18 20:06:00,2025-09-30,18,1580.0,27110.0,Medium,26-35,"50,000-99,999",PAR 7,1
81kP6pk,recdSSZnE4dZXO2oM,7.0,Passive,2025-07-07 17:23:00,2025-06-30,0,0.0,60760.0,Low,36-45,"50,000-99,999",Active,1
Pdr6vM0,recmxNdWgLh04lFDz,5.0,Detractor,2025-10-07 15:23:00,2025-09-30,171,19250.0,39270.0,Critical,26-35,"20,000-29,999",Return,1
Gx0W4eZ,recnT2JvRwNfJ8sBW,10.0,Promoter,2025-07-22 15:00:00,2025-06-30,0,0.0,57240.0,Low,36-45,"50,000-99,999",Active,1
yPD9gMB,recofiPhatqmMPaxB,10.0,Promoter,2025-07-15 17:49:00,2025-06-30,0,0.0,47600.0,Low,36-45,"150,000+",Active,1
44kv2dY,recrDdB41jppxVyid,7.0,Passive,2025-07-07 13:48:00,2025-06-30,0,0.0,89950.0,Low,18-25,"150,000+",Active,1
q4BKQ4G,recs7Lv8Q9Qt6CzfU,8.0,Passive,2025-07-07 18:09:00,2025-06-30,0,0.0,54880.0,Low,26-35,"5,000-9,999",Active,1
pbR7Na1,recuBvmkTXiaiSc0Y,10.0,Promoter,2025-09-08 15:09:00,2025-06-30,0,0.0,44070.0,Low,26-35,"30,000-49,999",Active,1
b54rGj6,recuQsY3FCYiOdKtG,9.0,Promoter,2025-08-12 16:48:00,2025-06-30,0,0.0,40850.0,Low,26-35,"50,000-99,999",Active,1
D41Dpzj,recuhD3qMRGlxt6vh,5.0,Detractor,2025-07-07 13:30:00,2025-06-30,0,0.0,53760.0,Low,26-35,"150,000+",Active,1
Megld0g,recv7bWX2FI3d1MKA,8.0,Passive,2025-11-05 14:32:00,2025-09-30,0,0.0,35100.0,Low,18-25,"50,000-99,999",Active,1
yPjE5qB,recpQHAQwuCUbRKS0,3.0,Detractor,2025-09-08 15:20:00,2025-06-30,0,0.0,24010.0,Low,18-25,"10,000-19,999",Active,1
2Er0b49,recr5N9W5E1SqM6Xj,10.0,Promoter,2025-07-22 14:08:00,2025-06-30,0,0.0,53300.0,Low,26-35,"20,000-29,999",Active,1
b5krWz6,recsUwSARrwhlHYkP,7.0,Passive,2025-07-07 13:29:00,2025-06-30,0,0.0,46920.0,Low,18-25,"20,000-29,999",Active,1
vGvZpAX,recufXiWygvZ27xH9,8.0,Passive,2025-12-02 16:00:00,2025-09-30,0,0.0,31640.0,Low,26-35,"30,000-49,999",Active,1
44PJpBo,recwaSjXmNoDilJ2j,1.0,Detractor,2025-08-28 14:34:00,2025-06-30,0,0.0,42750.0,Low,26-35,"150,000+",Active,1
jaxNz0J,recxQdxBvmsNgA77h,8.0,Passive,2025-07-22 14:37:00,2025-06-30,0,0.0,40800.0,Low,26-35,"20,000-29,999",Active,1
0QMvxO0,recycdkzN0FSd0tiq,8.0,Passive,2025-07-07 13:40:00,2025-06-30,1,1590.0,65190.0,Low,36-45,"150,000+",Inactive,1
VLlMJVN,recytR55CmQOPVI01,10.0,Promoter,2025-07-07 16:30:00,2025-06-30,0,0.0,37050.0,Low,18-25,"30,000-49,999",Active,1
yP16l5p,rec1mAm7t2nup9pKH,,,2025-10-07 14:43:00,2025-09-30,0,0.0,52310.0,Low,26-35,"150,000+",Active,1
RG4YReP,recvx2SkgPq7d1wzU,8.0,Passive,2025-07-07 13:59:00,2025-06-30,0,0.0,34040.0,Low,26-35,"30,000-49,999",Active,1
J9o6BQ4,rec53E3OyJBVAdLJb,8.0,Passive,2025-10-07 15:45:00,2025-09-30,0,0.0,43710.0,Low,26-35,"50,000-99,999",Active,1
EkgevVq,rec7AWiZnJu9x8o12,10.0,Promoter,2025-11-05 14:44:00,2025-09-30,0,0.0,27910.0,Low,18-25,"5,000-9,999",Active,1
D4PGWZl,recB2fAxfhiFoKyAq,10.0,Promoter,2025-11-24 11:26:00,2025-09-30,0,0.0,52020.0,Low,46-55,"50,000-99,999",Active,1
9qYL4Z4,recCGoGXWotHLKAQS,0.0,Detractor,2025-12-21 11:28:00,2025-09-30,0,0.0,55390.0,Low,36-45,"10,000-19,999",Active,1
WOqNROa,recF0dalkzKEbplQ5,10.0,Promoter,2025-10-07 14:19:00,2025-09-30,0,0.0,39500.0,Low,18-25,"20,000-29,999",Active,1
RG6pNqP,recGgjEE7Py9QU1Qz,9.0,Promoter,2025-12-03 05:47:00,2025-09-30,0,0.0,30810.0,Low,36-45,"20,000-29,999",Active,1
XxQWpKP,recSyxSvIyrOMYEDd,1.0,Detractor,2025-10-07 13:30:00,2025-09-30,0,0.0,42560.0,Low,18-25,"20,000-29,999",Active,1
q4zdMJk,recXpKsu5yYfFJiKg,10.0,Promoter,2025-10-07 16:00:00,2025-09-30,0,0.0,31680.0,Low,26-35,"50,000-99,999",Active,1
obzlDV1,recZhWfmAq2Lq6uCJ,9.0,Promoter,2025-10-09 09:04:00,2025-09-30,0,0.0,29460.0,Low,26-35,"5,000-9,999",Active,1
XxkbNZV,recbVUE5w9MSXCls1,10.0,Promoter,2025-11-24 11:26:00,2025-09-30,0,0.0,27060.0,Low,36-45,"30,000-49,999",Active,1
GxbzrO2,recltGz53Fib91WZR,9.0,Promoter,2025-10-07 14:44:00,2025-09-30,0,0.0,53550.0,Low,26-35,"30,000-49,999",Active,1
dWoXGLN,recnOwq9BsI44kA0L,2.0,Detractor,2025-12-18 16:12:00,2025-09-30,0,50999.0,0.0,Low,26-35,,Return,1
XxdYEXe,recrV0k69yfzych8u,9.0,Promoter,2025-12-06 12:29:00,2025-09-30,0,0.0,34000.0,Low,18-25,"10,000-19,999",Active,1
5Bg7Xrd,rectOxsOmxBvP8SP4,6.0,Detractor,2025-12-02 14:17:00,2025-09-30,0,0.0,37239.0,Low,,,Active,1
PdLOAW1,reczw0Irqr4KH36rr,3.0,Detractor,2025-12-05 03:16:00,2025-09-30,0,0.0,34760.0,Low,26-35,"150,000+",Active,1
Np0Ky6O,recyX7h6rDNBLDRI7,8.0,Passive,2025-07-23 06:09:00,,,,,,,,,1
ZjRYPPv,recuhKYrYETJySgRJ,10.0,Promoter,2025-08-12 16:05:00,,,,,,,,,1
obVVGM5,recbdHn2CmBEAdpRq,10.0,Promoter,2025-08-13 00:39:00,,,,,,,,,1
WOergNe,recYllmknDlCvGNjd,3.0,Detractor,2025-08-19 16:11:00,,,,,,,,,1
EkNe2Pq,recNFRxrQjJsXLwMA,7.0,Passive,2025-09-25 14:11:00,,,,,,,,,1
Bz04Xd1,recHvGHMt3gccmLiN,10.0,Promoter,2025-09-27 15:30:00,,,,,,,,,1
0QlzPVB,recbTWJlN1nFsbFsA,9.0,Promoter,2025-11-05 14:12:00,,,,,,,,,1
RG1ybep,recyF4T3i1SB1AG31,1.0,Detractor,2025-12-10 13:03:00,,,,,,,,,1
yP20Z6d,recx6lGEItra6nYfR,10.0,Promoter,2025-05-06 12:24:00,,,,,,,,,1
7RKkxea,reclXZ6CijrSdvgMu,8.0,Passive,2025-05-18 11:33:00,,,,,,,,,1
J9RDJ1r,rectAEiY6qbWtFcgm,1.0,Detractor,2025-07-07 14:05:00,,,,,,,,,1
OD0veWp,receIITBu784FeZzj,10.0,Promoter,2025-07-22 15:09:00,,,,,,,,,1
yPjEb7B,recQuze0jGPHeNPLI,10.0,Promoter,2025-09-08 15:06:00,,,,,,,,,1
xXEDQGr,rec2PGWsiCiDFoGdp,3.0,Detractor,2025-12-04 18:12:00,,,,,,,,,1
kdX0QEr,recGJaInMWBpOou1v,7.0,Passive,2025-12-07 10:23:00,,,,,,,,,1
2EB8oNg,recY1T7InO4NGs4I2,10.0,Promoter,2025-05-18 08:00:00,,,,,,,,,1
rjrLOQl,recr9qWM7YAUGPMfI,5.0,Detractor,2025-08-12 15:08:00,,,,,,,,,1
gDN7ee4,recNZIKRrrVuuIYtJ,8.0,Passive,2025-08-12 18:41:00,,,,,,,,,1
81JxLrO,reccbC3kNZCg1IeDO,5.0,Detractor,2025-08-20 09:03:00,,,,,,,,,1
Pd81NRV,recJ7g2EGM6O1HhCr,1.0,Detractor,2025-08-28 15:06:00,,,,,,,,,1
VLoPB0a,reczr3gVFRt1ArErq,10.0,Promoter,2025-08-28 18:36:00,,,,,,,,,1
OD8JggR,rec0R28P1DkXpudwJ,10.0,Promoter,2025-08-31 07:14:00,,,,,,,,,1
9qoPlGQ,recN1IOKbXK0FlM3Q,8.0,Passive,2025-09-25 12:40:00,,,,,,,,,1
Gx4P4gZ,recSav2E5EQMyvXyA,1.0,Detractor,2025-11-24 11:43:00,,,,,,,,,1
aQxED5X,recubuFF1bk2rlYbS,9.0,Promoter,2025-07-07 14:03:00,,,,,,,,,1
Ek09r2X,recl9YsExnX1qWJxQ,10.0,Promoter,2025-07-22 15:09:00,,,,,,,,,1
MedYdrA,recjYcsxCqPmuIsYQ,10.0,Promoter,2025-08-12 15:56:00,,,,,,,,,1
WOerZ6j,recEOFyS0SxXfpKKk,10.0,Promoter,2025-08-19 16:07:00,,,,,,,,,1
pb4oVLZ,rectg8lcxDP1tACwL,10.0,Promoter,2025-08-28 17:07:00,,,,,,,,,1
7ReORKR,recmBdylg3kpKgU1e,2.0,Detractor,2025-11-05 13:28:00,,,,,,,,,1
b5DMKj6,recVwPnVYh3TNbcFW,10.0,Promoter,2025-11-05 18:00:00,,,,,,,,,1
xX1WzZE,recpkbcbK4tTPIMmz,9.0,Promoter,2025-11-24 11:20:00,,,,,,,,,1
QK8R28X,recdAFddsnIQ1IftD,6.0,Detractor,2025-08-28 16:02:00,,,,,,,,,1
1AGVyeL,rec4ZZqW5XwWNPKs9,6.0,Detractor,2025-08-29 05:42:00,,,,,,,,,1
pbJgpk1,recCTj26Wb3ledLYw,10.0,Promoter,2025-09-19 14:19:00,,,,,,,,,1
GxQG98o,rec9w1qcJMMCWduD9,1.0,Detractor,2025-09-26 10:45:00,,,,,,,,,1
pbVaklb,rec7AWiZnJu9x8o12,6.0,Detractor,2025-07-22 14:31:00,,,,,,,,,1
68QRqeN,recD0jJXQzaxVo3Jn,8.0,Passive,2025-08-12 14:16:00,,,,,,,,,1
ob0Dd91,reciZezQJyHzYtlkw,10.0,Promoter,2025-08-19 15:15:00,,,,,,,,,1
44PNYgA,recnKpSVQr5hhEM1u,7.0,Passive,2025-08-31 13:40:00,,,,,,,,,1
VLbZz6j,recvMG8FAC6952oL2,9.0,Promoter,2025-09-15 15:02:00,,,,,,,,,1
2El2WEb,recVyjC17ve12Qkjl,10.0,Promoter,2025-09-19 14:24:00,,,,,,,,,1
44ygrMk,rec1hGp2DTjzOspDy,10.0,Promoter,2025-11-25 09:48:00,,,,,,,,,1
LZqlLzy,recI9H2lp4HNH5DMC,7.0,Passive,2025-12-03 05:27:00,,,,,,,,,1
Gx0WAMZ,recTzk9tAwABKlyEZ,9.0,Promoter,2025-07-22 15:33:00,,,,,,,,,1
kdR7Gr6,recpmI6EFGdIEwkms,10.0,Promoter,2025-08-12 18:57:00,,,,,,,,,1
rj0BVgL,recwxZEepsNKJk0mA,3.0,Detractor,2025-08-19 15:12:00,,,,,,,,,1
b5K8P2Z,recRUt9IXqfKcYDYA,7.0,Passive,2025-09-08 15:41:00,,,,,,,,,1
9qMNkr5,rech2BGrg4gW5ap8v,6.0,Detractor,2025-09-28 07:36:00,,,,,,,,,1
Pd46PRd,recMbq0BKT2x5kP4T,10.0,Promoter,2025-10-24 09:44:00,,,,,,,,,1
ZjKBQzv,rec0gaonOcIJZ0yiM,2.0,Detractor,2025-11-24 11:25:00,,,,,,,,,1
dWProKK,recp8MSfYeUzO2bUM,9.0,Promoter,2025-07-22 15:16:00,,,,,,,,,1
rjrJgoN,recLZRuICczMBuHMM,10.0,Promoter,2025-08-13 19:44:00,,,,,,,,,1
dWkXNeD,recIhvhUKyQtm2qGq,10.0,Promoter,2025-09-25 12:08:00,,,,,,,,,1
WOXEPya,recFLFlY2AYnaApwk,9.0,Promoter,2025-12-04 14:54:00,,,,,,,,,1
NpBY5Z0,reczTcwekPFEFJBGw,6.0,Detractor,2025-08-12 18:05:00,,,,,,,,,1
A762QYo,recONM6lrNktkJ2cT,10.0,Promoter,2025-08-19 20:30:00,,,,,,,,,1
VLoQByl,recyukTwDUn6ZrGEP,7.0,Passive,2025-08-28 15:03:00,,,,,,,,,1
9q27Qp1,recYG31YRxJ9US0oL,1.0,Detractor,2025-08-28 20:48:00,,,,,,,,,1
9qRex01,recQOvXntXmNQe5i2,9.0,Promoter,2025-09-19 13:45:00,,,,,,,,,1
gDJB8eN,recVrGot2OOTmprNz,,,2025-09-19 14:10:00,,,,,,,,,1
obk8bbV,rec2RZrdJa7dun7EK,10.0,Promoter,2025-09-25 20:54:00,,,,,,,,,1
PdeqP8x,recE6Yr6UFCbq0PxM,3.0,Detractor,2025-11-24 11:26:00,,,,,,,,,1
KYv8767,receP2SRWS9ArZI3x,0.0,Detractor,2025-09-09 03:49:00,,,,,,,,,1
eq0bJRx,recbjApEp3g9H2blQ,10.0,Promoter,2025-09-19 14:24:00,,,,,,,,,1
RGb79NP,rec9N6pqUOcTDxHBf,8.0,Passive,2025-09-20 05:54:00,,,,,,,,,1
jaY9XJJ,recRO9LtqRfIkyT2b,8.0,Passive,2025-11-20 10:51:00,,,,,,,,,1
44NvQ0Y,recOBoLk05cX6Ehq7,9.0,Promoter,2025-08-12 14:52:00,,,,,,,,,1
yPq0k1X,rec7Di6x37VGCNoK8,8.0,Passive,2025-08-13 08:01:00,,,,,,,,,1
VL4j8K6,reccOpUNKCt1As87q,,,2025-09-21 12:40:00,,,,,,,,,1
xXl6jjk,recXRstPYpMzcURWj,10.0,Promoter,2025-09-24 14:08:00,,,,,,,,,1
q4kXWBG,recdIKIbODMQgtzL0,10.0,Promoter,2025-09-25 12:56:00,,,,,,,,,1
ODoKE9k,recrP0da7q6A6c8WV,10.0,Promoter,2025-09-25 13:21:00,,,,,,,,,1
q4zdLN9,recSaQ1koyFH2en7c,3.0,Detractor,2025-10-07 14:07:00,,,,,,,,,1
81apXol,recopD4XRkZeZ6Vet,,,2025-05-06 11:50:00,,,,,,,,,1
RGB61jp,recmINTlgynIbZHfg,8.0,Passive,2025-08-15 13:39:00,,,,,,,,,1
VLoPp2v,recOXinkkzSmVDECS,2.0,Detractor,2025-08-28 16:14:00,,,,,,,,,1
EkvJO7A,recEl62c3uh84Hm2Q,5.0,Detractor,2025-09-08 15:24:00,,,,,,,,,1
aQaJ06B,reck8lO1r6inXIDWT,0.0,Detractor,2025-09-25 19:47:00,,,,,,,,,1
A7N2obB,recOkJ7fzshFNslJG,0.0,Detractor,2025-12-04 16:55:00,,,,,,,,,1
0QjbvvP,reciClMtNzeyejfZo,8.0,Passive,2025-08-13 06:49:00,,,,,,,,,1
EkvNver,rec5w2DeHGLakPlAz,10.0,Promoter,2025-09-09 11:40:00,,,,,,,,,1
pbzKW2E,recEz9A7QKEFJwd5G,9.0,Promoter,2025-10-07 15:02:00,,,,,,,,,1
yP0JP2B,recjZoEHB7orisxvE,9.0,Promoter,2025-08-20 03:27:00,,,,,,,,,1
9qaYElQ,recFLcPX8qCloWl7o,10.0,Promoter,2025-11-05 17:41:00,,,,,,,,,1
PdWxJL0,recb44gqgyr9kkeB8,10.0,Promoter,2025-12-02 16:37:00,,,,,,,,,1
Pd0VkO5,recLiuzAdIm6uuwgE,9.0,Promoter,2025-07-22 18:19:00,,,,,,,,,1
XxODQXz,recvDazucywbN0XCG,10.0,Promoter,2025-08-29 14:25:00,,,,,,,,,1
D40ey5Z,recweCJlZHY2s1UeT,10.0,Promoter,2025-08-30 09:59:00,,,,,,,,,1
NpMRD4Q,recqZo4DVuDI0LIUd,,,2025-09-09 10:31:00,,,,,,,,,1
Pdr6Jz0,recw9LOHtjJECfZOs,5.0,Detractor,2025-10-07 16:29:00,,,,,,,,,1
BzBNo0R,recjjiLTa7dHmV7wb,10.0,Promoter,2025-07-22 15:21:00,,,,,,,,,1
yPDVpk4,recwGsDtkkkPSjEzE,9.0,Promoter,2025-09-08 20:39:00,,,,,,,,,1
PdkAp9b,rec95oTAK69mCWWFv,4.0,Detractor,2025-09-29 16:19:00,,,,,,,,,1
BzgqkzR,recgtU1XkOpDhsogS,7.0,Passive,2025-11-05 13:54:00,,,,,,,,,1
Gxa9Ybj,recMDSoBPsymy3HGr,,,2025-12-04 15:12:00,,,,,,,,,1
D4K2YRN,rec0JjOk4k9QBjUMA,10.0,Promoter,2025-04-22 16:15:00,2025-03-30,21,6640.0,53120.0,Medium,,,PAR 7,1
9qQrypG,rec2VmtmTLcFRIqJu,0.0,Detractor,2025-06-02 08:02:00,2025-03-30,0,8760.0,42340.0,Low,,,Active,1
obDElq1,rec2aSo3VCvv5uHe8,1.0,Detractor,2025-04-23 06:18:00,2025-03-30,171,58420.0,85150.0,Critical,,,PAR 30,1
pbMXOXb,rec3AdDb7h8NyApR1,10.0,Promoter,2025-11-05 13:53:00,2025-09-30,0,0.0,3350.0,Low,,"5,000-9,999",Active,1
gDz0kg1,rec4ywtKX7MgJ5the,9.0,Promoter,2025-10-07 15:30:00,2025-09-30,0,0.0,0.0,Low,,,Paid Off,1
81rKPQO,rec5omYUvaBtFEACn,0.0,Detractor,2025-10-07 15:01:00,2025-09-30,553,30560.0,30560.0,Critical,,,Return,1
dWaZPVz,rec65ANzDsPMJuZUe,2.0,Detractor,2025-05-06 13:34:00,2025-03-30,0,7550.0,7550.0,Low,,,Active,1
9qXG4Z4,rec6r5JWy61FR24fB,9.0,Promoter,2025-04-22 15:54:00,2025-03-30,0,9380.0,22140.0,Low,,,Active,1
jazy2K6,rec6zaCMr7JF5u2Fm,0.0,Detractor,2025-10-07 16:00:00,2025-09-30,354,38080.0,38080.0,Critical,,,Return,1
RGPVxXd,rec8BN04wIJsIzb1x,10.0,Promoter,2025-06-01 12:02:00,2025-03-30,0,100.0,6500.0,Low,,,Active,1
vGz4g1A,rec8KDZPjC2SQUTn3,3.0,Detractor,2025-10-08 11:39:00,2025-09-30,294,32200.0,33700.0,Critical,,"10,000-19,999",Return,1
ZjgAWjy,rec97680LQW9Mtj7Y,0.0,Detractor,2025-11-05 18:33:00,2025-09-30,307,37220.0,43170.0,Critical,26-35,"50,000-99,999",Return,1
gDq616M,rec9lrZZRT4xId51s,4.0,Detractor,2025-05-18 08:10:00,2025-03-30,0,0.0,49170.0,Low,26-35,,Active,1
Y5R5OJ6,recC9jIxztZUgyweE,10.0,Promoter,2025-04-22 18:40:00,2025-03-30,0,100.0,12520.0,Low,,,Active,1
BzeXeMY,recCl39jCFDPDnThA,0.0,Detractor,2025-10-07 15:43:00,2025-09-30,0,0.0,4250.0,Low,26-35,"10,000-19,999",Active,1
xXzdMzd,recDAMzyaWcYlH4Gg,10.0,Promoter,2025-10-07 17:38:00,2025-09-30,341,54390.0,55500.0,Critical,,,Return,1
zxM98bM,recDIyqeSJ04kUBpm,10.0,Promoter,2025-05-18 20:07:00,2025-03-30,0,0.0,0.0,Low,,,Paid Off,1
BzbQ7x5,recG6bQFW58L0ZyO5,8.0,Passive,2025-08-12 19:04:00,2025-06-30,0,0.0,13440.0,Low,26-35,"10,000-19,999",Active,1
dWzlkgq,recHliOEavTLxoHi6,10.0,Promoter,2025-10-08 11:14:00,2025-09-30,453,49560.0,49560.0,Critical,,,PAR 30,1
A79dWgo,recIyf2FYWfRTTYTw,1.0,Detractor,2025-10-07 15:18:00,2025-09-30,0,48499.0,0.0,Low,,,Return,1
VLN0GWv,recJN9dyD5oOPFOiD,10.0,Promoter,2025-10-07 14:10:00,2025-09-30,0,0.0,2340.0,Low,,,Active,1
44O8qgr,recM40JqaHdWapRkj,4.0,Detractor,2025-10-07 15:54:00,2025-09-30,0,0.0,0.0,Low,,,Paid Off,1
kdOeDej,recNfZQ6UmaSys5Bi,,,2025-08-28 15:55:00,2025-06-30,0,0.0,7619.0,Low,,,Active,1
ODEzVJK,recNmYAICNbGwh03f,,,2025-10-07 15:45:00,2025-09-30,0,100.0,0.0,Low,,,Paid Off,1
RGj0JbQ,recOYwGHUUZ960E2E,2.0,Detractor,2025-10-07 15:04:00,2025-09-30,0,100.0,0.0,Low,,,Paid Off,1
WOpYdzv,recQqxR6gb0rnrNKQ,1.0,Detractor,2025-08-12 16:50:00,2025-06-30,0,0.0,17850.0,Low,26-35,,Active,1
Gxl5z1O,recT5wfqBJ9OEFCbJ,8.0,Passive,2025-06-01 17:35:00,2025-03-30,0,100.0,0.0,Low,,,Paid Off,1
PdDjlOe,recRMhqKNN16f3hMS,3.0,Detractor,2025-08-19 16:16:00,2025-06-30,166,39820.0,61400.0,Critical,,,PAR 30,1
yP16ep4,recT97PN9HAxAtbMH,4.0,Detractor,2025-10-07 15:19:00,2025-09-30,0,100.0,0.0,Low,,,Paid Off,1
QKRlbMp,recUt4LmWCJhkPemh,10.0,Promoter,2025-05-18 09:36:00,2025-03-30,0,0.0,54120.0,Low,26-35,"10,000-19,999",Active,1
xXMNG8v,recVE26u8nvcKraos,10.0,Promoter,2025-05-06 11:59:00,2025-03-30,162,26640.0,55500.0,Critical,,,FMD,1
Ek5zrl4,recVMoFHf252ywAMP,10.0,Promoter,2025-04-22 16:25:00,2025-03-30,0,850.0,28050.0,Low,,"30,000-49,999",Active,1
eqp85k0,recVUbwTt7kgYUeqG,10.0,Promoter,2025-11-05 13:29:00,2025-09-30,0,0.0,9690.0,Low,,,Active,1
VLN0Yjv,recWihZpnTJ9pAocQ,10.0,Promoter,2025-10-07 14:56:00,2025-09-30,0,0.0,0.0,Low,18-25,,Paid Off,1
b5DX8YZ,recZDjpgjYPCOl4aa,0.0,Detractor,2025-11-05 14:27:00,2025-09-30,255,55870.0,57380.0,Critical,,,Return,1
b5z7XP6,recZWT8ma3hOZdZ59,10.0,Promoter,2025-10-07 16:13:00,2025-09-30,0,500.0,0.0,Low,,,Paid Off,1
GxLReVz,recbHpduj0t42lqgH,7.0,Passive,2025-07-24 15:22:00,2025-06-30,0,0.0,7740.0,Low,,,Active,1
2EoeLGM,recbIH82V8YtIZpNO,0.0,Detractor,2025-10-07 14:56:00,2025-09-30,236,50640.0,50640.0,Critical,,,Return,1
yPNZRJ0,recdvLol2P0WDO0vl,10.0,Promoter,2025-04-22 16:25:00,2025-03-30,0,0.0,20250.0,Low,,,Active,1
2EB8d2M,recZixuN8JQSPpLtb,10.0,Promoter,2025-04-22 16:47:00,2025-03-30,0,0.0,22960.0,Low,,,Active,1
Me8N9Ek,reciEcC81JDk8laG2,10.0,Promoter,2025-08-28 15:51:00,2025-06-30,0,0.0,23400.0,Low,26-35,,Active,1
2Eoe98b,recjHEtpWJ0NqCcHU,10.0,Promoter,2025-10-07 16:21:00,2025-09-30,0,100.0,0.0,Low,,,Paid Off,1
xX0AzQ9,reckYcabIjELpRWrY,0.0,Detractor,2025-08-26 15:30:00,2025-06-30,0,7200.0,25400.0,Low,,,Active,1
0QkxPXN,reclO80NfLAeTltWy,5.0,Detractor,2025-10-07 14:51:00,2025-09-30,0,29080.0,0.0,Low,,,Paid Off,1
zxdqWdR,recm1uppdarJs8T3G,10.0,Promoter,2025-10-07 15:17:00,2025-09-30,0,4120.0,0.0,Low,,,Paid Off,1
44O2D4Y,recmtoRpoFHXK88rG,5.0,Detractor,2025-10-07 19:52:00,2025-09-30,0,100.0,0.0,Low,,,Paid Off,1
KYeQOA8,recn0q1aDa7KmcSx8,10.0,Promoter,2025-04-22 16:07:00,2025-03-30,0,0.0,36400.0,Low,,,Active,1
7RxaBx2,recnZDA0NGP4ICP1P,6.0,Detractor,2025-06-01 11:25:00,2025-03-30,56,6579.0,23589.0,High,,,PAR 30,1
WOr9LBN,recnbXOQBMmvzA8ki,10.0,Promoter,2025-04-22 17:10:00,2025-03-30,0,0.0,52200.0,Low,,,Active,1
QKeBZRp,recoVeoJCeeHHlQ2C,,,2025-05-06 11:45:00,2025-03-30,0,89.0,5549.0,Low,,,Active,1
5Bjq7yQ,recovoGsbZ89cQmIE,,,2025-05-06 11:49:00,2025-03-30,101,34200.0,75240.0,Critical,,,PAR 30,1
A79l7ae,recqa5ouDuokr6ywO,6.0,Detractor,2025-10-07 17:23:00,2025-09-30,154,20460.0,20460.0,Critical,,,Return,1
81WYvlo,recqbu97A55hyhwAh,0.0,Detractor,2025-11-05 20:14:00,2025-09-30,402,77120.0,77120.0,Critical,,,Return,1
BzbD88Y,recqoXjF4wnnhnyeN,10.0,Promoter,2025-08-12 16:49:00,2025-06-30,0,0.0,26160.0,Low,46-55,"20,000-29,999",Active,1
2Eo4j1A,recri36SyjFAYah5u,10.0,Promoter,2025-10-07 17:25:00,2025-09-30,0,0.0,0.0,Low,,,Paid Off,1
0QkxM0y,recseFCXYutWMjTuF,5.0,Detractor,2025-10-07 14:48:00,2025-09-30,0,100.0,0.0,Low,,,Paid Off,1
689GOko,recuXz88qBeMExpCN,6.0,Detractor,2025-11-05 14:27:00,2025-09-30,227,20800.0,20800.0,Critical,,,Return,1
2EAG5ML,recri36SyjFAYah5u,10.0,Promoter,2025-05-18 08:04:00,2025-03-30,0,0.0,19320.0,Low,,,Active,1
NpE6dOO,recxCBM2Jlpb5vcYT,8.0,Passive,2025-10-24 09:37:00,2025-09-30,0,0.0,7130.0,Low,36-45,"Below 5,000",Active,1
BzeG4Pe,recxKCi0IOYz2dVPE,9.0,Promoter,2025-10-07 17:15:00,2025-09-30,0,0.0,0.0,Low,,,Paid Off,1
D4aNMll,recxNImmL8FD1BIKD,0.0,Detractor,2025-10-07 15:38:00,2025-09-30,314,53059.0,56599.0,Critical,,"100,000-149,999",Return,1
Xxgd6kY,recy0asIpD72bqiyV,1.0,Detractor,2025-11-05 15:44:00,2025-09-30,350,58580.0,58580.0,Critical,26-35,,Return,1
J9o6J7Y,recz9SRT0N3yQziEg,5.0,Detractor,2025-10-07 15:06:00,2025-09-30,0,100.0,0.0,Low,36-45,,Paid Off,1
WOkyxga,rec08hbVI8dupecHS,8.0,Passive,2025-12-03 06:08:00,2025-09-30,0,530.0,20480.0,Low,18-25,"10,000-19,999",Active,1
GxlQRde,rec11VbLRoUj5ai7V,1.0,Detractor,2025-07-22 14:45:00,2025-06-30,0,0.0,20460.0,Low,26-35,"50,000-99,999",Active,1
1Ad2Lzl,rec1beuMSzkd3wRP5,6.0,Detractor,2025-05-06 11:55:00,2025-03-30,0,0.0,44100.0,Low,,"30,000-49,999",Active,1
jagBMox,rec7BhK2j0BW0wWiM,8.0,Passive,2025-10-24 12:17:00,2025-09-30,54,8600.0,28400.0,High,26-35,"30,000-49,999",PAR 30,1
yPYdGq0,recy2zBDo0kA05Che,5.0,Detractor,2025-06-01 14:43:00,2025-03-30,0,0.0,18090.0,Low,,,Active,1
RGPJ5Gp,rec7emS8tGnOSbjCl,8.0,Passive,2025-05-30 20:57:00,2025-03-30,0,0.0,63210.0,Low,26-35,"10,000-19,999",Active,1
VLlYWqE,recA8kRsEXq8ftrqX,7.0,Passive,2025-07-07 15:18:00,2025-06-30,0,0.0,31850.0,Low,18-25,"10,000-19,999",Active,1
yPyvybX,recDGKlMB98zisTCt,0.0,Detractor,2025-07-07 13:49:00,2025-06-30,0,1220.0,45140.0,Low,26-35,"50,000-99,999",Active,1
lbLDRxk,recDGbQI5JOaiJnW7,9.0,Promoter,2025-07-23 09:21:00,2025-06-30,0,0.0,64784.0,Low,26-35,"30,000-49,999",Active,1
9qXGyA1,recFnQ7HA5bSgEbu7,6.0,Detractor,2025-05-06 12:01:00,2025-03-30,0,2330.0,107180.0,Low,18-25,"50,000-99,999",Active,1
aQGVKlB,rec9DAsDzBah82QFi,1.0,Detractor,2025-07-22 14:20:00,2025-06-30,0,0.0,77760.0,Low,26-35,,Active,1
81z1oZl,recIXGQq3Ik0Sq2Cx,5.0,Detractor,2025-06-01 13:22:00,2025-03-30,0,0.0,47250.0,Low,36-45,"100,000-149,999",Active,1
D4K2Pzj,recKY4tcNrxoVVP81,0.0,Detractor,2025-04-22 16:21:00,2025-03-30,0,0.0,26200.0,Low,,"Below 5,000",Active,1
GxK1MMz,recMHKa9WrPytpBPq,0.0,Detractor,2025-04-25 04:31:00,2025-03-30,0,0.0,48590.0,Low,18-25,"100,000-149,999",Active,1
aQ0BpKv,recOOUKUsEhdjoffr,8.0,Passive,2025-07-25 13:20:00,2025-06-30,0,0.0,34200.0,Low,46-55,"20,000-29,999",Active,1
GxKvkoz,recOeT48Om69GV04r,5.0,Detractor,2025-04-22 16:06:00,2025-03-30,28,7100.0,66740.0,Medium,26-35,"30,000-49,999",PAR 7,1
Npl4Drb,recOk9dX4GrrixZ3c,8.0,Passive,2025-05-06 12:41:00,2025-03-30,0,0.0,28810.0,Low,26-35,"20,000-29,999",Active,1
BzK4Np1,recR0w022eXNgKp0A,8.0,Passive,2025-04-22 17:19:00,2025-03-30,0,0.0,62100.0,Low,18-25,"20,000-29,999",Active,1
oboZaMO,recT52rTTMZ47JFVg,10.0,Promoter,2025-07-30 04:37:00,2025-06-30,49,9840.0,52620.0,High,18-25,"150,000+",PAR 30,1
1AKv2o1,recV6QaVi1T0YY59S,10.0,Promoter,2025-08-21 06:25:00,2025-06-30,0,0.0,43290.0,Low,18-25,"10,000-19,999",Active,1
xXQy2Qk,recLW28vqdcodQqNY,3.0,Detractor,2025-07-07 13:55:00,2025-06-30,0,0.0,43290.0,Low,26-35,"50,000-99,999",Active,1
jaoARQY,recVDddS8uVoK9uQD,6.0,Detractor,2025-05-18 09:29:00,2025-03-30,0,0.0,32620.0,Low,18-25,"10,000-19,999",Active,1
WOoYojQ,recWIGyHtLGGYb5FW,3.0,Detractor,2025-07-07 13:51:00,2025-06-30,0,0.0,45140.0,Low,26-35,"50,000-99,999",Active,1
7R9Vb16,recYaOUpQ5YICo0Dj,8.0,Passive,2025-08-12 18:43:00,2025-06-30,0,0.0,43920.0,Low,18-25,"50,000-99,999",Active,1
Pd1Bxax,recZLI6kIftOw7G1U,9.0,Promoter,2025-05-06 11:50:00,2025-03-30,0,0.0,48330.0,Low,18-25,"30,000-49,999",Active,1
zxy0qk8,recboY2H9GckHEjah,0.0,Detractor,2025-05-06 13:13:00,2025-03-30,0,0.0,53110.0,Low,26-35,"5,000-9,999",Active,1
dWNq1BV,reccz2gPGEAGFehDC,9.0,Promoter,2025-04-22 16:25:00,2025-03-30,0,0.0,73140.0,Low,36-45,"100,000-149,999",Active,1
ZjaZ52a,recd0sGXDYPKMmV67,7.0,Passive,2025-06-01 11:31:00,2025-03-30,24,5240.0,58440.0,Medium,26-35,"100,000-149,999",PAR 7,1
PdBYYy1,recgBsZKGxJEezPoS,10.0,Promoter,2025-08-12 15:47:00,2025-06-30,0,0.0,37450.0,Low,18-25,"100,000-149,999",Active,1
BzbDKGe,recedmVkVaMyQdQ6d,10.0,Promoter,2025-08-12 14:59:00,2025-06-30,0,0.0,42780.0,Low,36-45,"150,000+",Active,1
gDdNX44,rech7uI2hQHoZxSVM,9.0,Promoter,2025-05-06 11:17:00,2025-03-30,17,4120.0,80950.0,Medium,26-35,"150,000+",PAR 7,1
2EaxGqV,rechJPf87SXAINP1f,10.0,Promoter,2025-05-06 11:44:00,2025-03-30,0,0.0,61180.0,Low,26-35,"150,000+",Active,1
2EZzgjD,rechrmjHG6ahbNmOH,,,2025-11-05 15:24:00,2025-09-30,0,0.0,39750.0,Low,26-35,"150,000+",Active,1
aQGVAlX,recih7r4wRNNdpHCx,10.0,Promoter,2025-07-22 14:22:00,2025-06-30,92,22400.0,80000.0,Critical,26-35,"30,000-49,999",FMD,1
PdgLbkB,reciqiueo1Y2z2d11,,,2025-11-05 14:48:00,2025-09-30,0,0.0,45231.0,Low,26-35,"150,000+",Active,1
jaxN546,recnGIDqUhAKPb77L,2.0,Detractor,2025-07-22 14:24:00,2025-06-30,28,8200.0,71200.0,Medium,26-35,"150,000+",PAR 7,1
2Eo4v9e,recozbH0rJvgQlpGZ,9.0,Promoter,2025-10-07 18:34:00,2025-09-30,0,0.0,0.0,Low,36-45,"50,000-99,999",Paid Off,1
b5kr8oo,recp0s068L9qsuIJJ,10.0,Promoter,2025-07-07 14:06:00,2025-06-30,0,0.0,39590.0,Low,46-55,"150,000+",Active,1
ja60lG6,recpkFVr06I6lhV3L,0.0,Detractor,2025-05-06 12:57:00,2025-03-30,7,2200.0,47300.0,Medium,18-25,"30,000-49,999",Inactive,1
EkNGabN,recpw6m9dUEaCZ6oU,10.0,Promoter,2025-09-25 16:02:00,2025-06-30,73,11550.0,44100.0,Critical,26-35,"20,000-29,999",PAR 30,1
q4BWW12,recrAPPzJVDoHA5nk,9.0,Promoter,2025-07-07 14:02:00,2025-06-30,0,0.0,68950.0,Low,26-35,"150,000+",Active,1
RGMBAd4,recptyI57jqHb2BFt,9.0,Promoter,2025-05-06 11:52:00,2025-03-30,0,0.0,82720.0,Low,26-35,"50,000-99,999",Active,1
lbA7ZZ5,recrSckHFSV04c81j,8.0,Passive,2025-07-07 17:50:00,2025-06-30,0,0.0,57230.0,Low,18-25,"20,000-29,999",Active,1
rjBybV5,recrmy7WSvZjq30aU,10.0,Promoter,2025-04-22 16:28:00,2025-03-30,0,0.0,36120.0,Low,36-45,"100,000-149,999",Active,1
ob0O0RN,rectp8AsaEpBYwh8u,9.0,Promoter,2025-08-21 07:41:00,2025-06-30,0,0.0,41950.0,Low,18-25,"20,000-29,999",Active,1
2EVeRDV,recvIHjYPgsEWSo3Q,10.0,Promoter,2025-10-24 09:47:00,2025-09-30,0,0.0,15200.0,Low,,,Active,1
b5j4pGg,recvYKKj7buDfB7b0,10.0,Promoter,2025-05-18 08:47:00,2025-03-30,0,0.0,46200.0,Low,18-25,"50,000-99,999",Active,1
xXQy2jG,recyXyvpRjtwyUtKp,10.0,Promoter,2025-08-20 05:22:00,2025-06-30,0,0.0,42700.0,Low,36-45,"150,000+",Active,1
LZVbL7j,recz5yH5BhiFfXsr6,7.0,Passive,2025-10-24 10:34:00,2025-09-30,0,0.0,9500.0,Low,36-45,"100,000-149,999",Active,1
7RL9g6L,reczeeWOObPHIxGep,2.0,Detractor,2025-05-06 11:13:00,2025-03-30,13,1380.0,28980.0,Medium,26-35,"50,000-99,999",PAR 7,1
VL4XeaN,rec01VlZfsRhGD8vI,9.0,Promoter,2025-09-25 14:09:00,2025-06-30,0,10599.0,0.0,Low,,,Paid Off,1
D410RGp,rec0J3aKHPKTG6X0q,6.0,Detractor,2025-07-08 07:53:00,2025-06-30,0,0.0,33880.0,Low,18-25,"30,000-49,999",Active,1
Y5V0xR0,rec1U03szBeOl5mq5,4.0,Detractor,2025-08-28 14:24:00,2025-06-30,0,0.0,50400.0,Low,18-25,"50,000-99,999",Active,1
A78ZDEy,rec2bwDMUeCI0113b,5.0,Detractor,2025-08-12 15:33:00,2025-06-30,0,0.0,63940.0,Low,18-25,"20,000-29,999",Active,1
zx2rbQE,rec6xZfByaQn2FmYd,10.0,Promoter,2025-09-08 14:39:00,2025-06-30,0,0.0,32560.0,Low,46-55,"50,000-99,999",Active,1
Gxoq5Po,rec7HO5EdisKZc8Nv,5.0,Detractor,2025-08-22 18:49:00,2025-06-30,0,0.0,41750.0,Low,18-25,"30,000-49,999",Active,1
VLlMPXj,rec2TMpvEiDC181eU,2.0,Detractor,2025-07-07 16:26:00,2025-06-30,0,0.0,50700.0,Low,26-35,"30,000-49,999",Active,1
jaMWQrY,rec9gwRGIcsO19iLM,9.0,Promoter,2025-07-07 13:40:00,2025-06-30,0,0.0,38950.0,Low,18-25,"20,000-29,999",Active,1
zxepvOE,recApzKmt31yPXXTW,10.0,Promoter,2025-07-23 06:11:00,2025-06-30,0,0.0,117730.0,Low,,"100,000-149,999",Active,1
GxrPx2L,recBpF7X7oMnb6b7H,10.0,Promoter,2025-07-22 14:45:00,2025-06-30,4,9199.0,117319.0,Low,26-35,,FPD,1
b5DJ9dE,recDSlgMbzzblWF6q,9.0,Promoter,2025-11-06 11:13:00,2025-09-30,0,0.0,42000.0,Low,36-45,"150,000+",Active,1
7RpOxv0,recE1lpX0ryVGOqOJ,1.0,Detractor,2025-09-25 12:20:00,2025-06-30,0,0.0,44690.0,Low,26-35,"30,000-49,999",Active,1
xXoE4go,recGku9qtHqRdZYJ3,0.0,Detractor,2025-11-05 14:44:00,2025-09-30,0,0.0,97560.0,Low,26-35,"150,000+",Active,1
b5K4871,recIKN4cG2yryIZUG,10.0,Promoter,2025-09-08 17:08:00,2025-06-30,81,9130.0,39160.0,Critical,18-25,"10,000-19,999",FPD,1
q4qX889,recKI0PIo2chgXF4R,10.0,Promoter,2025-12-18 16:19:00,2025-09-30,68,8500.0,38250.0,Critical,26-35,"100,000-149,999",Return,1
dWAj4py,recDIwV1dA5Swvnkl,10.0,Promoter,2025-07-07 15:01:00,2025-06-30,0,0.0,46870.0,Low,18-25,"10,000-19,999",Active,1
QKrJ5PA,recGnwz5EB7wg90YP,6.0,Detractor,2025-07-07 16:38:00,2025-06-30,0,0.0,53200.0,Low,18-25,"30,000-49,999",Active,1
LZG6k71,recKCXmcQ1mzPDLhX,6.0,Detractor,2025-07-23 18:35:00,2025-06-30,0,740.0,34780.0,Low,26-35,"10,000-19,999",Active,1
Bz1D8GA,recKI0PIo2chgXF4R,10.0,Promoter,2025-07-07 14:17:00,2025-06-30,0,0.0,40800.0,Low,26-35,"100,000-149,999",Active,1
9q1vZK4,recLphyte6NpraSnl,5.0,Detractor,2025-07-07 13:28:00,2025-06-30,0,0.0,65100.0,Low,46-55,"150,000+",Active,1
LZq2l9y,recNIJXxoQGMtslok,10.0,Promoter,2025-12-02 13:50:00,2025-09-30,0,0.0,19250.0,Low,26-35,"30,000-49,999",Active,1
0QyWlgP,recNPh9ncLX5OU3wE,9.0,Promoter,2025-11-24 11:35:00,2025-09-30,0,0.0,30400.0,Low,36-45,"50,000-99,999",Active,1
5BkE6Xo,recOZNlz4GmxNaD9h,0.0,Detractor,2025-07-08 08:38:00,2025-06-30,0,950.0,43700.0,Low,26-35,"30,000-49,999",Active,1
2EDdOqV,recPnQtI8JHB6wS2R,,,2025-09-25 18:44:00,2025-06-30,0,0.0,0.0,Low,26-35,"10,000-19,999",Paid Off,1
dWAj8PK,recQuKj4qMIH3wzly,0.0,Detractor,2025-07-07 14:25:00,2025-06-30,0,0.0,52640.0,Low,26-35,"50,000-99,999",Active,1
44jeaVO,recTApvV3zSAdKmkI,0.0,Detractor,2025-07-22 16:24:00,2025-06-30,0,1200.0,57100.0,Low,26-35,"150,000+",Active,1
eqlXyvJ,recTre3UWBXV3vmFf,0.0,Detractor,2025-11-24 11:29:00,2025-09-30,61,11700.0,55900.0,Critical,26-35,"150,000+",Return,1
Gx1DBqo,recMX99qTWChdRLvd,10.0,Promoter,2025-07-07 14:08:00,2025-06-30,0,0.0,60180.0,Low,26-35,"30,000-49,999",Active,1
VLlY0KN,recTeKYhEoWYwrozD,4.0,Detractor,2025-07-07 13:42:00,2025-06-30,0,0.0,42510.0,Low,18-25,"100,000-149,999",Active,1
MeOYJBX,recOeVZz9LMQllH6U,10.0,Promoter,2025-07-07 14:07:00,2025-06-30,0,0.0,72160.0,Low,26-35,"30,000-49,999",Active,1
2Ek7kxD,recXuTnY8eKCmnaFw,10.0,Promoter,2025-07-08 22:46:00,2025-06-30,0,0.0,34780.0,Low,26-35,"30,000-49,999",Active,1
ZjJqGk0,recY3UIBuhdi5hpLL,2.0,Detractor,2025-07-23 19:15:00,2025-06-30,0,0.0,54500.0,Low,18-25,"50,000-99,999",Active,1
lbVOepp,recYwDkFpPf5BLUa2,,,2025-08-28 16:28:00,2025-06-30,0,0.0,39900.0,Low,18-25,"30,000-49,999",Active,1
XxGYZgP,recZzG6vDlQySyaHX,9.0,Promoter,2025-07-23 17:33:00,2025-06-30,0,0.0,53760.0,Low,26-35,"30,000-49,999",Active,1
VLBg6xa,recbP1zKNaj3Z762i,7.0,Passive,2025-12-03 05:38:00,2025-09-30,0,0.0,25530.0,Low,26-35,"10,000-19,999",Active,1
7R1VP9z,recc28Wq3PgM7USsJ,8.0,Passive,2025-09-08 14:39:00,2025-06-30,0,0.0,40850.0,Low,36-45,"50,000-99,999",Active,1
ODe2aEY,reccHMdDSsANevdvP,10.0,Promoter,2025-12-02 14:18:00,2025-09-30,0,0.0,26600.0,Low,,,Active,1
ZjGoe8y,reccY8g4ltuBwWPLD,1.0,Detractor,2025-08-19 16:03:00,2025-06-30,0,0.0,45200.0,Low,26-35,"50,000-99,999",Active,1
zxelOjE,reccyyL2qhoNTg68Z,7.0,Passive,2025-07-22 14:53:00,2025-06-30,0,0.0,81400.0,Low,26-35,"20,000-29,999",Active,1
obK7gKX,recd1C1uoUgTuNRYC,8.0,Passive,2025-09-08 14:46:00,2025-06-30,0,0.0,62510.0,Low,26-35,"10,000-19,999",Active,1
gD4K15P,recYLvTRNriewcsEi,,,2025-07-22 19:00:00,2025-06-30,0,0.0,127260.0,Low,26-35,"30,000-49,999",Active,1
PdEY9oP,recarGzKCyn5I35Ft,8.0,Passive,2025-07-07 13:26:00,2025-06-30,0,0.0,63240.0,Low,26-35,"30,000-49,999",Active,1
7RgAbea,recdVUGFNZvgW2Z0D,3.0,Detractor,2025-12-02 14:24:00,2025-09-30,0,0.0,42640.0,Low,26-35,"150,000+",Active,1
yPDLdXd,recgiNOiIScQffy39,9.0,Promoter,2025-07-22 14:24:00,2025-06-30,0,0.0,98970.0,Low,36-45,"50,000-99,999",Active,1
OD89jvA,rechb8dCjkR7rEgIu,10.0,Promoter,2025-09-02 13:35:00,2025-06-30,0,0.0,33110.0,Low,18-25,"5,000-9,999",Active,1
81kAaVl,rechhWWi8vEzNh4X6,1.0,Detractor,2025-07-08 09:20:00,2025-06-30,30,3850.0,35420.0,High,46-55,"10,000-19,999",PAR 7,1
1Axz5Dp,recjAypzJUhso3iJp,5.0,Detractor,2025-11-05 15:17:00,2025-09-30,0,0.0,45500.0,Low,,,Active,1
MeLep4p,reck14LoRWL5kVkoI,10.0,Promoter,2025-09-08 18:12:00,2025-06-30,0,0.0,36000.0,Low,26-35,"50,000-99,999",Active,1
WOB7gae,reclnM2VbCD89CbUK,8.0,Passive,2025-11-24 11:35:00,2025-09-30,0,0.0,41590.0,Low,46-55,"100,000-149,999",Active,1
q4Yazr8,reckfXXaVQmtk3hrJ,7.0,Passive,2025-08-19 16:01:00,2025-06-30,0,0.0,54600.0,Low,26-35,"30,000-49,999",Active,1
VL4XGVg,reckpYHjOHXUiCsrP,4.0,Detractor,2025-09-25 12:03:00,2025-06-30,0,0.0,43860.0,Low,26-35,"50,000-99,999",Active,1
gDkXW7d,recmtQfX2A8EYMFdR,6.0,Detractor,2025-09-25 13:03:00,2025-06-30,0,0.0,0.0,Low,36-45,,Paid Off,1
A78ZbND,recnT302T0QkkOULj,8.0,Passive,2025-07-22 14:10:00,2025-06-30,5,950.0,41800.0,Low,18-25,"30,000-49,999",Inactive,1
ODBYDMA,recoGN1f6YAHZh3pj,10.0,Promoter,2025-08-12 14:45:00,2025-06-30,0,0.0,143610.0,Low,26-35,,Active,1
NpVYJ2l,recoa603MNSXaYK6k,0.0,Detractor,2025-07-07 14:04:00,2025-06-30,0,0.0,59850.0,Low,26-35,"30,000-49,999",Active,1
VLvM7v6,recosDF4lClWodDAE,0.0,Detractor,2025-09-08 15:10:00,2025-06-30,0,0.0,50490.0,Low,18-25,"20,000-29,999",Active,1
LZ0lMYO,recqH1v7r2vpjpqgq,9.0,Promoter,2025-07-22 14:02:00,2025-06-30,0,0.0,40650.0,Low,26-35,"20,000-29,999",Active,1
9q1vZkK,recqwtcn3xrVdcVdo,8.0,Passive,2025-09-29 09:11:00,2025-06-30,0,0.0,70730.0,Low,26-35,"150,000+",Active,1
D4vD7lb,recsc4Q1PRdja0OCi,8.0,Passive,2025-08-12 15:14:00,2025-06-30,0,0.0,42750.0,Low,26-35,"100,000-149,999",Active,1
b5DMe5Z,recunWKNeihWkfvvx,10.0,Promoter,2025-11-05 16:51:00,2025-09-30,13,2180.0,30520.0,Medium,,"50,000-99,999",PAR 7,1
ODPEo5A,recueoXCMoqMWVbyp,3.0,Detractor,2025-07-09 06:23:00,2025-06-30,0,0.0,38000.0,Low,36-45,"20,000-29,999",Active,1
WO6bNZa,recw9J25WNvk4UER5,10.0,Promoter,2025-12-18 23:03:00,2025-09-30,0,0.0,37740.0,Low,18-25,"5,000-9,999",Active,1
1AKvKd1,recwcPT1CGoRV5hGe,8.0,Passive,2025-07-07 13:48:00,2025-06-30,0,1590.0,65190.0,Low,,"150,000+",Active,1
WOoeGqQ,recwsHQ4FqMotPku7,6.0,Detractor,2025-07-08 03:46:00,2025-06-30,0,0.0,71910.0,Low,18-25,"30,000-49,999",Active,1
2EkvNEA,recwuvbxFAPHDXofm,2.0,Detractor,2025-07-07 13:35:00,2025-06-30,0,0.0,55200.0,Low,18-25,"150,000+",Active,1
GxgVKPL,recx2qjEdB2nj6Btx,3.0,Detractor,2025-11-05 16:44:00,2025-09-30,0,0.0,41270.0,Low,36-45,"50,000-99,999",Active,1
XxqVV8z,recxFYAHusBOP1tAD,4.0,Detractor,2025-07-23 07:54:00,2025-06-30,0,0.0,45920.0,Low,26-35,"50,000-99,999",Active,1
J9kDYkd,recycNn8s4JKGQi7g,8.0,Passive,2025-08-12 16:48:00,2025-06-30,0,0.0,21420.0,Low,36-45,"30,000-49,999",Active,1
A7bxoZ0,reczfnOdISFTK1xJK,10.0,Promoter,2025-08-12 14:35:00,2025-06-30,0,0.0,98850.0,Low,18-25,"100,000-149,999",Active,1
kdzJBKo,rec0IKT43b6nSwiD6,0.0,Detractor,2025-10-09 19:41:00,2025-09-30,0,2210.0,101660.0,Low,36-45,"10,000-19,999",Active,1
b5ypQPE,rec3nIImsPIlJVe1j,10.0,Promoter,2025-11-24 15:07:00,2025-09-30,0,0.0,27000.0,Low,26-35,"30,000-49,999",Active,1
GxgEQEL,rec9n3AOxUUFh9c3G,3.0,Detractor,2025-11-05 22:41:00,2025-09-30,0,0.0,11080.0,Low,26-35,"10,000-19,999",Active,1
81Wb70O,recFZqxGnudfO7ID7,9.0,Promoter,2025-11-06 06:54:00,2025-09-30,0,0.0,56500.0,Low,18-25,"20,000-29,999",Active,1
xXoE0Qr,recG9E4bDOb5mRM1x,10.0,Promoter,2025-11-05 14:36:00,2025-09-30,0,0.0,42770.0,Low,26-35,"20,000-29,999",Active,1
44YrM4o,recL6gMShGpeGPop3,3.0,Detractor,2025-12-14 06:39:00,2025-09-30,0,0.0,0.0,Low,26-35,,Paid Off,1
RGg1j9Q,recLWEOvZqaguWtVx,10.0,Promoter,2025-11-05 15:02:00,2025-09-30,11,2622.0,55902.0,Medium,18-25,"20,000-29,999",PAR 7,1
QKXpBBl,recLlUuqT0fj2rkQg,5.0,Detractor,2025-11-05 14:31:00,2025-09-30,0,0.0,79050.0,Low,26-35,"50,000-99,999",Active,1
WOXE6qa,recOLJXEIxNjAVh10,2.0,Detractor,2025-12-04 16:06:00,2025-09-30,0,0.0,58500.0,Low,26-35,"50,000-99,999",Active,1
gDVX8oO,recObMVtL2N13CosM,7.0,Passive,2025-12-18 16:16:00,2025-09-30,0,0.0,42120.0,Low,18-25,"20,000-29,999",Active,1
obpWA25,recOmNLOMtlsKwI1X,9.0,Promoter,2025-11-07 05:10:00,2025-09-30,0,0.0,42120.0,Low,18-25,"50,000-99,999",Active,1
pbMX9RJ,recSnl9wEWpr8MbAe,8.0,Passive,2025-11-05 15:17:00,2025-09-30,0,0.0,57730.0,Low,18-25,"30,000-49,999",Active,1
gDXdAQP,recYB9X1HVF138UK1,10.0,Promoter,2025-12-04 14:44:00,2025-09-30,0,0.0,27692.0,Low,26-35,"10,000-19,999",Active,1
J9rbQGX,recjsxNGVL9wetkYP,3.0,Detractor,2025-12-18 16:35:00,2025-09-30,0,0.0,29040.0,Low,18-25,"30,000-49,999",Active,1
PdNLqDb,recmfNR0Hf2iyrv8y,6.0,Detractor,2025-12-18 16:23:00,2025-09-30,0,0.0,34400.0,Low,26-35,"50,000-99,999",Active,1
1ANjxkl,recn5YFBF7LvPqZc6,10.0,Promoter,2025-12-18 16:22:00,2025-09-30,0,910.0,41860.0,Low,18-25,"10,000-19,999",Active,1
Eked9YL,recirCG0aG3720bFJ,4.0,Detractor,2025-12-04 16:42:00,2025-09-30,0,0.0,62350.0,Low,,,Active,1
yPr4oEx,recnnNty757cQkPYH,8.0,Passive,2025-12-04 18:50:00,2025-09-30,0,0.0,29700.0,Low,26-35,"20,000-29,999",Active,1
VLB2Ndj,recoHKjCkGJd549G1,8.0,Passive,2025-12-03 08:22:00,2025-09-30,0,0.0,33400.0,Low,18-25,"20,000-29,999",Active,1
WO6X4Ak,reczW3g2KWVN3r81r,1.0,Detractor,2025-12-18 16:41:00,2025-09-30,59,6732.0,37892.0,High,26-35,"50,000-99,999",FMD,1
ODl1raY,recpAMvI9BVLq1BIk,0.0,Detractor,2025-04-22 16:07:00,,,,,,,,,1
vGexk54,rec8OKjhb0yBWQhsP,5.0,Detractor,2025-05-06 12:07:00,,,,,,,,,1
lbYpvKV,recC7tyHsJjK44Rhn,10.0,Promoter,2025-09-19 13:25:00,,,,,,,,,1
EkZpGbo,rec2j1ExSDuInLqMm,8.0,Passive,2025-09-19 14:04:00,,,,,,,,,1
rjrLG6R,rech79mH5Vp4qhLM1,,,2025-08-13 06:06:00,,,,,,,,,1
OD9NrVk,recxECd5JdkuJeUSv,9.0,Promoter,2025-11-24 11:29:00,,,,,,,,,1
GxoKZPp,recJ7g2EGM6O1HhCr,2.0,Detractor,2025-08-19 17:18:00,,,,,,,,,1
ZjPEkLB,recBd7NAjVdtmYbIW,10.0,Promoter,2025-08-28 15:18:00,,,,,,,,,1
b56MgQ6,recmJ8NAqhEU8aGNl,10.0,Promoter,2025-09-25 16:10:00,,,,,,,,,1
BzklxR7,recbjIEm0ZWc1dUby,0.0,Detractor,2025-06-11 19:59:00,,,,,,,,,1
5BqvQ9o,recBHwnSGNTS34tpS,9.0,Promoter,2025-08-12 16:42:00,,,,,,,,,1
PdBYPoB,rec52YB39i1DPtELv,4.0,Detractor,2025-08-12 17:01:00,,,,,,,,,1
2Exvqrb,recmX9e3xaB95Dtb0,5.0,Detractor,2025-08-12 18:25:00,,,,,,,,,1
eqK7X1k,rec6nmtWAgRZB9hkc,10.0,Promoter,2025-09-08 15:29:00,,,,,,,,,1
EkZpe7N,recoIN6WHonzQfa6E,9.0,Promoter,2025-09-19 14:00:00,,,,,,,,,1
Bz2qb0K,recTvWRvJ4DZlzh0a,6.0,Detractor,2025-09-25 12:55:00,,,,,,,,,1
b5DRjPo,recxooeY4d7Bxzr7M,7.0,Passive,2025-11-05 20:51:00,,,,,,,,,1
D4PGL05,rec23f2Q04GJEWJik,10.0,Promoter,2025-11-24 12:24:00,,,,,,,,,1
MedY1NM,recYSw9TjZLRfCrXo,10.0,Promoter,2025-08-12 14:45:00,,,,,,,,,1
0QjK6r6,recOqjlOPol2Un5LB,8.0,Passive,2025-08-17 14:08:00,,,,,,,,,1
b54rZoe,recWcKcz5P6YpRnAj,10.0,Promoter,2025-08-19 15:31:00,,,,,,,,,1
OD84Z5K,recqxLKBXtRKxfpYb,10.0,Promoter,2025-08-28 15:08:00,,,,,,,,,1
2E1xYbp,recJIqXrVYdBmiJyg,9.0,Promoter,2025-09-08 18:29:00,,,,,,,,,1
eqy67be,recfIbl8NZNYmRvfI,10.0,Promoter,2025-10-24 09:06:00,,,,,,,,,1
ODgZ1GM,rec3dXg7fqny1Fcpg,10.0,Promoter,2025-11-05 16:27:00,,,,,,,,,1
rjB5VyN,recqK064oo2PRNNUj,5.0,Detractor,2025-04-23 05:23:00,,,,,,,,,1
44P7XNr,recH5rrKihkfN0QM9,10.0,Promoter,2025-08-28 16:01:00,,,,,,,,,1
xX4P6Xv,recgpyE43PfSmMMLY,10.0,Promoter,2025-09-08 14:39:00,,,,,,,,,1
zx2r86a,rec80dTdNT3f4Wsnu,,,2025-09-08 15:16:00,,,,,,,,,1
81jLE2O,recb9vfMdhEN6vDfY,5.0,Detractor,2025-09-08 15:20:00,,,,,,,,,1
ob5JpoX,recs5oyB2NJBJow1o,10.0,Promoter,2025-09-19 13:44:00,,,,,,,,,1
LZa8L0O,recg6rBma9O7Nfcps,10.0,Promoter,2025-09-19 14:17:00,,,,,,,,,1
ODe2gBY,recntMKQWwV9p0kU3,2.0,Detractor,2025-12-02 16:02:00,,,,,,,,,1
vG2k8KX,recNIiMy81fXEe1X0,10.0,Promoter,2025-07-22 15:28:00,,,,,,,,,1
A74ZyMo,recVt1rIFwtV2QRDa,4.0,Detractor,2025-09-19 16:52:00,,,,,,,,,1
vGvZPjD,rechKriDCvnlTIcNZ,7.0,Passive,2025-12-02 14:32:00,,,,,,,,,1
68GjQXo,rece5WRtCSTAO5T9M,1.0,Detractor,2025-12-04 15:06:00,,,,,,,,,1
KYex1Wz,rec841Tx8cXpzy4kj,,,2025-04-23 17:59:00,,,,,,,,,1
D4vD79N,recMe7wSfVTSZRBZd,9.0,Promoter,2025-08-12 15:13:00,,,,,,,,,1
LZMEMQ1,recFyUSWNJYfVzk3q,1.0,Detractor,2025-08-13 07:05:00,,,,,,,,,1
D4Xk5gp,reclGWxDg17TbVgJB,8.0,Passive,2025-08-19 19:23:00,,,,,,,,,1
Xx2dO9e,recOCj2r0HmL1kHZM,7.0,Passive,2025-09-25 13:06:00,,,,,,,,,1
ODEzLV8,recFsFpxSG9rjukbp,6.0,Detractor,2025-10-07 14:55:00,,,,,,,,,1
81req0z,recK1SyBEhLc59pr8,9.0,Promoter,2025-10-08 03:57:00,,,,,,,,,1
XxgdEag,rec3b2ktZlms6GIAP,0.0,Detractor,2025-11-05 14:20:00,,,,,,,,,1
dWVMDOD,recPFEra5AQhwsf1T,8.0,Passive,2025-11-15 15:57:00,,,,,,,,,1
Np9D2ab,recxKjPNZkFguGsl5,3.0,Detractor,2025-11-26 11:26:00,,,,,,,,,1
BzBNqZK,reccQdzVEULTjgqHk,8.0,Passive,2025-07-22 15:10:00,,,,,,,,,1
OD0pJRY,recDkPzHUhrAHS3Sv,10.0,Promoter,2025-07-23 04:33:00,,,,,,,,,1
NpBYMX0,recrmKFN1Bg6CwXG0,9.0,Promoter,2025-08-12 16:09:00,,,,,,,,,1
rj0pd5v,recyukTwDUn6ZrGEP,8.0,Passive,2025-08-24 07:27:00,,,,,,,,,1
1AbkByl,recDqxncbuHkFL5iE,5.0,Detractor,2025-09-08 16:07:00,,,,,,,,,1
aQazbby,recTbVfWy2yvhocTR,1.0,Detractor,2025-09-24 13:56:00,,,,,,,,,1
ODBYYL8,recPrR9t6NpBKvrWk,6.0,Detractor,2025-08-12 15:46:00,,,,,,,,,1
eqx2Y6E,rectOIHItf9rDW8Zs,10.0,Promoter,2025-08-12 16:19:00,,,,,,,,,1
ZjGE10e,rec5bXo5PzkgkwCRp,,,2025-08-19 20:03:00,,,,,,,,,1
Y5VOWWW,rec5qc8dhKqtOy7Xx,0.0,Detractor,2025-08-29 22:54:00,,,,,,,,,1
pbkbMry,recHRnwKUt0IV34Z4,2.0,Detractor,2025-09-20 18:57:00,,,,,,,,,1
Bz2qXbA,recooEVUgYPMUMmHs,10.0,Promoter,2025-09-25 12:32:00,,,,,,,,,1
1AOl0y4,rec6ekHoULO8qqAwS,7.0,Passive,2025-10-24 10:26:00,,,,,,,,,1
QKXpvE8,rec3CaozVqnh7mxra,10.0,Promoter,2025-11-05 14:47:00,,,,,,,,,1
XxqXRWL,rec0eXvE3PbzEea8R,9.0,Promoter,2025-07-22 14:05:00,,,,,,,,,1
rjJ7bv5,recv4BJrnRIlBtXb3,9.0,Promoter,2025-09-19 17:27:00,,,,,,,,,1
b56Xdqe,receynvRmOiD5FDs6,10.0,Promoter,2025-09-25 12:19:00,,,,,,,,,1
ODbv0Y8,recuqwZTQNLFhLJru,10.0,Promoter,2025-09-19 15:53:00,,,,,,,,,1
ZjKRxkv,reciTf9t034DqJ9HD,10.0,Promoter,2025-11-20 11:34:00,,,,,,,,,1
44ybb7o,recyCqkpabgvoOpls,1.0,Detractor,2025-11-24 12:08:00,,,,,,,,,1
A7Aqkee,recpSgLxWQIXC6qfw,7.0,Passive,2025-09-08 15:37:00,,,,,,,,,1
NpMBDZ0,recJIdwLyd5iZPHcF,8.0,Passive,2025-09-08 16:23:00,,,,,,,,,1
A7ad4rW,rechZg2q3DVCwd0o1,10.0,Promoter,2025-10-24 09:26:00,,,,,,,,,1
obBdX5M,rechWmTo0Uno1gOSy,4.0,Detractor,2025-07-07 15:45:00,,,,,,,,,1
J907W4o,recdfTWBhB0usoYJw,9.0,Promoter,2025-07-22 14:29:00,,,,,,,,,1
OD0vyoR,recglIk5mlgyvWlUw,5.0,Detractor,2025-07-22 14:59:00,,,,,,,,,1
44NvdYA,recByqqHaKxxSR6kW,,,2025-08-12 16:49:00,,,,,,,,,1
NpVY8YN,recse6r7i9mp3r23P,9.0,Promoter,2025-07-07 14:15:00,,,,,,,,,1
b5MV8k6,recMlfj3hCKQV4H3w,10.0,Promoter,2025-12-12 04:33:00,,,,,,,,,1
Ek6XNXl,rec1jeOAjGr6HABrf,5.0,Detractor,2025-10-07 15:31:00,2025-09-30,305,73480.0,83500.0,Critical,,,Return,1
7RbRM5Z,rec26AkwqYrqYbn3A,0.0,Detractor,2025-04-22 19:42:00,2025-03-30,188,29160.0,44280.0,Critical,,,PAR 30,1
ja7J6Y9,rec2a7qHhYspGWc5v,1.0,Detractor,2025-08-05 08:22:00,2025-06-30,0,6200.0,49700.0,Low,26-35,"50,000-99,999",Active,1
xXYlrYd,rec2hc8U99dmeuuey,10.0,Promoter,2025-06-01 11:53:00,2025-03-30,0,0.0,9820.0,Low,,,Active,1
1Azd27W,rec6l9Ig1YZ4V0ZVh,3.0,Detractor,2025-12-04 15:03:00,2025-09-30,309,51200.0,51200.0,Critical,,,Return,1
WOPODdP,rec8AonvlrcGxikvm,7.0,Passive,2025-07-23 14:00:00,2025-06-30,0,1670.0,31730.0,Low,26-35,,Active,1
q4aLPl5,recB4GhDgrIOAous2,6.0,Detractor,2025-04-23 05:20:00,2025-03-30,0,0.0,21520.0,Low,18-25,"50,000-99,999",Active,1
pbVa8Wy,recBfZSbBxyxDYYab,9.0,Promoter,2025-07-22 15:57:00,2025-06-30,0,0.0,28190.0,Low,26-35,"30,000-49,999",Active,1
9qQoBr1,recCz9I6o8px3ZiVs,9.0,Promoter,2025-06-01 11:56:00,2025-03-30,0,2800.0,48700.0,Low,,,Active,1
xX9YLzk,recH8Lvfc0sYFqvbC,0.0,Detractor,2025-08-29 05:48:00,2025-06-30,0,0.0,19000.0,Low,,,Active,1
PdgLY4d,recLEreb5VVjYP5z7,9.0,Promoter,2025-11-05 14:23:00,2025-09-30,0,0.0,15800.0,Low,,"10,000-19,999",Active,1
obpYbNP,recMbuCBwIz3qEdX9,0.0,Detractor,2025-11-05 13:23:00,2025-09-30,0,0.0,13120.0,Low,26-35,"50,000-99,999",Active,1
pbo27PZ,recOtU7lGjQT359Ds,9.0,Promoter,2025-05-18 12:27:00,2025-03-30,0,19690.0,60860.0,Low,,,Active,1
68471Ro,recT2VWTXun6NwYkH,0.0,Detractor,2025-10-24 09:13:00,2025-09-30,0,4140.0,5000.0,Low,26-35,,Active,1
gDz08rM,recVbAZPr5PlhvsRD,2.0,Detractor,2025-10-07 16:25:00,2025-09-30,191,9780.0,9780.0,Critical,,,Return,1
Y59QODN,recW8LK1T4RtzlgGC,8.0,Passive,2025-10-07 14:44:00,2025-09-30,0,0.0,0.0,Low,,,Paid Off,1
lb0qajV,recYlL1jksm9RkwlS,5.0,Detractor,2025-08-19 14:23:00,2025-06-30,0,0.0,5670.0,Low,,,Active,1
pbzK0xV,recZJYZtxlr34Oe99,10.0,Promoter,2025-10-07 15:09:00,2025-09-30,0,100.0,0.0,Low,,,Paid Off,1
dW99jxK,recZYjzTEC3PRDZ1n,2.0,Detractor,2025-08-19 15:34:00,2025-06-30,0,0.0,17850.0,Low,,"Below 5,000",Active,1
EkedBMA,recZzQf2gbkDlJwbJ,2.0,Detractor,2025-12-04 15:14:00,2025-09-30,280,42920.0,42920.0,Critical,,,Return,1
rjByxk2,recdVrwP8NNfSulo5,10.0,Promoter,2025-04-22 17:28:00,2025-03-30,0,0.0,31820.0,Low,18-25,"20,000-29,999",Active,1
Ek6PVZr,receKmXYJN6pj0w0o,10.0,Promoter,2025-10-07 20:14:00,2025-09-30,283,61090.0,62580.0,Critical,,,Return,1
VLjERQy,recaMvCK6MGg1raZU,7.0,Passive,2025-04-22 17:32:00,2025-03-30,0,0.0,41320.0,Low,,,Active,1
4472Gyr,rechL2lktLH3iS3TR,8.0,Passive,2025-05-13 16:19:00,2025-03-30,0,0.0,41420.0,Low,18-25,"20,000-29,999",Active,1
rjg07AX,recky3DmwojhxSwxc,8.0,Passive,2025-10-25 22:02:00,2025-09-30,0,0.0,13090.0,Low,46-55,"100,000-149,999",Active,1
aQz6oNb,recl5ESGKXWh8o36s,3.0,Detractor,2025-10-07 15:56:00,2025-09-30,159,18000.0,18000.0,Critical,,,Return,1
yP1Djy6,recl7uwCGFd3kMdCg,10.0,Promoter,2025-10-08 06:26:00,2025-09-30,0,0.0,0.0,Low,,,Paid Off,1
rjpQ2zL,recnsf1eochRVZ9jy,0.0,Detractor,2025-11-05 18:00:00,2025-09-30,494,67320.0,67320.0,Critical,,,Return,1
pbzK8WZ,recoBb6bvHrh9Oh5j,1.0,Detractor,2025-10-07 16:58:00,2025-09-30,291,85679.0,85990.0,Critical,,"150,000+",Return,1
eqlXPDq,recp14jwbAekC8z83,0.0,Detractor,2025-11-24 11:42:00,2025-09-30,539,17480.0,17480.0,Critical,,,Return,1
A7Kg7PD,recpLCvPtuKqUHbWT,0.0,Detractor,2025-05-06 11:45:00,2025-03-30,0,0.0,32760.0,Low,,,Active,1
yP2pvr4,recpTKZoZqKyb2vTC,,,2025-05-08 20:26:00,2025-03-30,47,6910.0,32650.0,High,,,PAR 30,1
81rjKzA,recsNcXJ3gcl5Ol7m,10.0,Promoter,2025-10-09 09:37:00,2025-09-30,0,0.0,0.0,Low,,,Paid Off,1
xXzpdv5,recsY615JAcPFxjSb,9.0,Promoter,2025-10-07 14:41:00,2025-09-30,285,69790.0,73210.0,Critical,,,Return,1
rjgK2dM,recvpCSY7Lf5TGuHP,10.0,Promoter,2025-10-24 16:04:00,2025-09-30,0,0.0,8360.0,Low,26-35,"50,000-99,999",Active,1
D4aVD4p,recy2zBDo0kA05Che,8.0,Passive,2025-10-07 18:28:00,2025-09-30,0,0.0,670.0,Low,,,Active,1
81rK8vl,recyPifUr2Bth0tqq,7.0,Passive,2025-10-07 15:03:00,2025-09-30,493,38689.0,38689.0,Critical,,,Return,1
RGdKVNJ,rec1ZRnYchBJhvsCt,4.0,Detractor,2025-04-22 16:02:00,2025-03-30,0,970.0,59770.0,Low,26-35,"50,000-99,999",Active,1
44BXdQB,reczlWsMPQNj2ZuLG,6.0,Detractor,2025-04-22 16:18:00,2025-03-30,0,5900.0,19820.0,Low,,,Active,1
jaMWEja,rec8yk1a8bY1vxHqS,2.0,Detractor,2025-07-07 14:43:00,2025-06-30,70,11770.0,49220.0,Critical,36-45,"150,000+",PAR 30,1
obBdZWX,rec9BromJrPs4Uh8q,10.0,Promoter,2025-07-07 15:14:00,2025-06-30,0,0.0,48300.0,Low,18-25,"20,000-29,999",Active,1
jagBP6a,recCczTOJIPXFDmeC,9.0,Promoter,2025-10-24 11:57:00,2025-09-30,75,12100.0,29700.0,Critical,26-35,"10,000-19,999",PAR 30,1
RGLpX9j,recFED1LYXJq78Gpt,5.0,Detractor,2025-07-22 16:13:00,2025-06-30,0,0.0,38440.0,Low,46-55,"100,000-149,999",Active,1
RGPVMk4,recHj4QvB2voVBz2m,,,2025-06-01 12:11:00,2025-03-30,0,0.0,47630.0,Low,26-35,"100,000-149,999",Active,1
EklOqOL,recAH5Ag1dhSdncBc,9.0,Promoter,2025-05-18 10:53:00,2025-03-30,0,0.0,64000.0,Low,55+,"150,000+",Active,1
KY0bEO8,recBAntJkRj6Audcy,10.0,Promoter,2025-07-22 15:44:00,2025-06-30,10,5030.0,103730.0,Medium,26-35,,PAR 7,1
RGj0Drj,recLNqhorQ1CFS0NI,4.0,Detractor,2025-10-07 14:32:00,2025-09-30,0,0.0,0.0,Low,26-35,,Paid Off,1
1AEqrlp,recR9KcQfXZu2UAo7,10.0,Promoter,2025-07-22 17:09:00,2025-06-30,5,1970.0,72890.0,Low,26-35,"50,000-99,999",Inactive,1
aQ1XqKv,recRui45ni7nJc5JY,10.0,Promoter,2025-12-18 16:20:00,2025-09-30,0,0.0,38299.0,Low,,,Active,1
2Er0OJ9,recTWxQEY22nBbYBP,0.0,Detractor,2025-07-22 14:13:00,2025-06-30,0,0.0,60420.0,Low,26-35,"30,000-49,999",Active,1
gDz0zeO,recTa8o3gQkTm3lP4,9.0,Promoter,2025-10-07 15:37:00,2025-09-30,0,0.0,20000.0,Low,26-35,"5,000-9,999",Active,1
Gx1D17Q,recKmDElDgdWRZSPC,9.0,Promoter,2025-07-07 13:52:00,2025-06-30,0,0.0,45140.0,Low,18-25,"50,000-99,999",Active,1
J9kLN0J,recLaLJRIEuKk40ti,10.0,Promoter,2025-08-12 14:29:00,2025-06-30,0,1600.0,54400.0,Low,26-35,"50,000-99,999",Active,1
Y5xb2gq,recYdRr5oOw861Emd,2.0,Detractor,2025-09-25 17:03:00,2025-06-30,85,11830.0,39130.0,Critical,18-25,"5,000-9,999",PAR 30,1
5BV8RZQ,recYjydlrWhV1k8sT,10.0,Promoter,2025-10-09 15:38:00,2025-09-30,0,0.0,11460.0,Low,18-25,"50,000-99,999",Active,1
J9RDLXR,recahiDgBmmRzkOqD,9.0,Promoter,2025-07-22 18:49:00,2025-06-30,0,0.0,39010.0,Low,18-25,"30,000-49,999",Active,1
ODEzM5k,recbn3lZ5D2te7TEb,9.0,Promoter,2025-10-07 16:32:00,2025-09-30,0,0.0,0.0,Low,36-45,,Paid Off,1
obaqqo5,recbprJ3ndI6F0BhS,8.0,Passive,2025-12-02 20:33:00,2025-09-30,0,0.0,26840.0,Low,26-35,"20,000-29,999",Active,1
LZ7M4Dy,recd7KvkkXMM7sNng,10.0,Promoter,2025-05-06 11:31:00,2025-03-30,11,730.0,16720.0,Medium,26-35,"5,000-9,999",PAR 7,1
WOr9jYJ,receJwqtM49LS8gE8,10.0,Promoter,2025-04-22 15:45:00,2025-03-30,0,0.0,60000.0,Low,18-25,"20,000-29,999",Active,1
obpY8EO,recin0YChLEIm5QdQ,10.0,Promoter,2025-11-05 15:41:00,2025-09-30,0,0.0,28980.0,Low,26-35,"10,000-19,999",Active,1
MeOYYdE,recm127KinE9cH3Xc,5.0,Detractor,2025-07-22 14:18:00,2025-06-30,0,0.0,48320.0,Low,18-25,"20,000-29,999",Active,1
obeVXLX,recmb8srrvabK5Tqo,8.0,Passive,2025-05-06 12:09:00,2025-03-30,35,9540.0,79500.0,High,,"50,000-99,999",FMD,1
jakX529,recn1nFyARgsqZnqe,8.0,Passive,2025-09-25 13:06:00,2025-06-30,0,0.0,58830.0,Low,26-35,"30,000-49,999",Active,1
RGVQkgd,recpLINRHWG8hcGac,6.0,Detractor,2025-09-25 15:56:00,2025-06-30,0,0.0,0.0,Low,26-35,"150,000+",Paid Off,1
EkbQkr2,recopw807ijyfYSt5,5.0,Detractor,2025-08-11 13:57:00,2025-06-30,0,0.0,17280.0,Low,26-35,"30,000-49,999",Active,1
9qZjyJ5,rect0TYvU6fu6linL,10.0,Promoter,2025-05-18 08:07:00,2025-03-30,0,0.0,60270.0,Low,,"50,000-99,999",Active,1
q4DkB0g,recwvFnnbEPRvfoeG,6.0,Detractor,2025-05-07 07:42:00,2025-03-30,0,670.0,28810.0,Low,,"10,000-19,999",Active,1
1ApzMyl,reczcsI07ErvkqA5E,10.0,Promoter,2025-09-25 12:44:00,2025-06-30,0,0.0,0.0,Low,18-25,,Paid Off,1
kdQqq8r,rec0ZgzV4wdKi92O6,6.0,Detractor,2025-12-03 06:04:00,2025-09-30,22,3650.0,32150.0,Medium,36-45,"50,000-99,999",PAR 7,1
LZGY502,rec0k8nKAYWq5WBNd,10.0,Promoter,2025-07-07 14:14:00,2025-06-30,0,0.0,59680.0,Low,26-35,"150,000+",Active,1
68e8LWo,recz5yH5BhiFfXsr6,8.0,Passive,2025-04-22 17:55:00,2025-03-30,0,0.0,26920.0,Low,36-45,"100,000-149,999",Active,1
b529kDL,rec1keD12Vz50fI94,5.0,Detractor,2025-08-19 15:13:00,2025-06-30,0,0.0,66530.0,Low,26-35,"100,000-149,999",Active,1
D4PjPV5,rec2LHn71OLJuZhhj,10.0,Promoter,2025-11-24 17:43:00,2025-09-30,0,0.0,28700.0,Low,36-45,"150,000+",Active,1
44j20KB,rec2gZc6072hZMJiX,6.0,Detractor,2025-07-16 06:48:00,2025-06-30,2,520.0,30880.0,Low,26-35,"20,000-29,999",Inactive,1
BzeX9z1,rec3YEhYfiNLJqQPX,2.0,Detractor,2025-10-07 15:43:00,2025-09-30,0,0.0,23080.0,Low,36-45,"100,000-149,999",Active,1
GxQaXEO,rec4RtatcGlyHpKaO,,,2025-09-25 13:06:00,2025-06-30,0,0.0,31570.0,Low,18-25,"50,000-99,999",Active,1
rjE7dDl,rec515sAXR8r095U2,9.0,Promoter,2025-09-08 15:52:00,2025-06-30,0,0.0,22500.0,Low,55+,"50,000-99,999",Active,1
VLoQNkl,rec5BDV6m2K1SuSye,7.0,Passive,2025-08-28 14:37:00,2025-06-30,0,0.0,31080.0,Low,18-25,"10,000-19,999",Active,1
Xx77oVV,rec5F6hvhSXINiHnr,10.0,Promoter,2025-12-18 17:39:00,2025-09-30,0,0.0,45570.0,Low,26-35,"20,000-29,999",Active,1
zxO40Og,rec5OdT8TCgd4s6IV,5.0,Detractor,2025-11-05 14:36:00,2025-09-30,3,950.0,29450.0,High,26-35,"100,000-149,999",PAR 30,1
q4oYVQY,rec5pxk8WRo8F4EVF,7.0,Passive,2025-09-08 20:16:00,2025-06-30,0,0.0,65480.0,Low,,"30,000-49,999",Active,1
eq9rPOQ,rec8SMVyrkSFVAWc0,10.0,Promoter,2025-08-28 18:28:00,2025-06-30,0,0.0,47940.0,Low,26-35,"50,000-99,999",Active,1
68kvZke,recBM5TBXjT0qfqsM,10.0,Promoter,2025-07-07 13:31:00,2025-06-30,0,0.0,34780.0,Low,26-35,"10,000-19,999",Active,1
68kv6Ko,rec8targ2sEtJwoGG,9.0,Promoter,2025-07-07 15:17:00,2025-06-30,0,0.0,49868.0,Low,46-55,"50,000-99,999",Active,1
pbAWGa1,rec8oaF5Gt7HtQTN2,1.0,Detractor,2025-07-07 13:58:00,2025-06-30,0,0.0,100230.0,Low,36-45,"100,000-149,999",Active,1
zxo6OkM,recC5lnzJZPaf6caI,10.0,Promoter,2025-11-24 11:36:00,2025-09-30,0,0.0,25550.0,Low,,,Active,1
7RDvPvP,recC8AkZ1FUQCB9He,10.0,Promoter,2025-07-07 14:38:00,2025-06-30,0,0.0,42840.0,Low,18-25,"20,000-29,999",Active,1
44je0qB,recC8LzlKqxHYnodi,7.0,Passive,2025-07-22 19:33:00,2025-06-30,0,0.0,66270.0,Low,26-35,"30,000-49,999",Active,1
Pdl00XB,recDsBNtrO8HgsYfo,7.0,Passive,2025-09-08 19:24:00,2025-06-30,0,0.0,43200.0,Low,26-35,"30,000-49,999",Active,1
Y5gbrLv,recGnwz5EB7wg90YP,7.0,Passive,2025-11-05 17:37:00,2025-09-30,0,0.0,35910.0,Low,18-25,"30,000-49,999",Active,1
Me7l8Ql,recGxjWPYOnq4S5Rq,5.0,Detractor,2025-09-25 13:02:00,2025-06-30,0,0.0,0.0,Low,26-35,"150,000+",Paid Off,1
yPdaPbp,recH63WH1v4UC8ELk,9.0,Promoter,2025-09-26 06:34:00,2025-06-30,0,445.0,22375.0,Low,18-25,"20,000-29,999",Active,1
vGBLAVA,recHZBVZsb0B84PKr,10.0,Promoter,2025-07-07 13:43:00,2025-06-30,0,0.0,19890.0,Low,26-35,"50,000-99,999",Active,1
aQGVZ0X,recHarKC7q3S1OTKi,8.0,Passive,2025-07-22 14:12:00,2025-06-30,0,0.0,38000.0,Low,26-35,"50,000-99,999",Active,1
A78ZWxe,recISajmXB3pV65np,,,2025-07-22 14:10:00,2025-06-30,0,0.0,37050.0,Low,26-35,"100,000-149,999",Active,1
rjE7dZ5,recIo9SwsuaGNWv6l,4.0,Detractor,2025-07-22 14:02:00,2025-06-30,6,750.0,43500.0,Low,26-35,"10,000-19,999",Inactive,1
VLN0xPM,recKgj5wAZF9obMo0,10.0,Promoter,2025-10-07 15:42:00,2025-09-30,0,0.0,0.0,Low,26-35,,Paid Off,1
Bz1QNWe,recCvmxRHRrl665y3,9.0,Promoter,2025-07-07 18:39:00,2025-06-30,0,0.0,46870.0,Low,18-25,"20,000-29,999",Active,1
b58Bz97,recFcLn8rGAMpVJUD,8.0,Passive,2025-08-09 10:37:00,2025-06-30,0,0.0,43107.0,Low,26-35,"100,000-149,999",Active,1
5Bl4M6o,recKoNn5TfLRnMM3I,0.0,Detractor,2025-08-19 16:00:00,2025-06-30,48,9290.0,58500.0,High,46-55,"30,000-49,999",PAR 30,1
81eOJxz,recLIqFNZh0ptjuML,7.0,Passive,2025-07-22 14:06:00,2025-06-30,0,0.0,32340.0,Low,46-55,"30,000-49,999",Active,1
xX7EbVv,recLTLatzrJuq6p4t,8.0,Passive,2025-12-18 16:09:00,2025-09-30,0,0.0,51100.0,Low,26-35,"150,000+",Active,1
OD0p6NA,recNrMslNdBAM0aGJ,7.0,Passive,2025-08-29 09:51:00,2025-06-30,0,0.0,58500.0,Low,36-45,"150,000+",Active,1
68xAYL5,recOhbDEnlZQKpsdN,5.0,Detractor,2025-07-17 17:16:00,2025-06-30,0,0.0,38000.0,Low,26-35,"30,000-49,999",Active,1
Y5OqW5N,recOqVEVxBgipuK1w,10.0,Promoter,2025-07-09 09:42:00,2025-06-30,0,0.0,54037.0,Low,26-35,"50,000-99,999",Active,1
kdzZGRM,recPlgZvcZK4V200Y,7.0,Passive,2025-10-08 04:20:00,2025-09-30,0,0.0,0.0,Low,26-35,,Paid Off,1
vGx0xz8,recRv9JaW6yNTBaIU,5.0,Detractor,2025-08-13 07:01:00,2025-06-30,0,0.0,30030.0,Low,,"100,000-149,999",Active,1
RG4JLOp,recSRBMciCdxTISbJ,3.0,Detractor,2025-07-07 16:53:00,2025-06-30,0,30.0,53130.0,Low,18-25,"20,000-29,999",Active,1
q4P6E8Y,recShlIvRo7Gmg1cB,0.0,Detractor,2025-07-22 14:07:00,2025-06-30,0,0.0,55900.0,Low,26-35,"50,000-99,999",Active,1
rj2a95o,recTkudJ5IMKxy0yW,10.0,Promoter,2025-08-28 15:10:00,2025-06-30,41,7800.0,58500.0,High,26-35,"150,000+",PAR 30,1
rjE72dR,recNrKyftyaUYvtu8,7.0,Passive,2025-07-22 14:13:00,2025-06-30,0,0.0,47380.0,Low,26-35,"50,000-99,999",Active,1
PdEBzWe,recOdFhTM2LcXi7Uu,10.0,Promoter,2025-07-07 19:21:00,2025-06-30,0,0.0,30800.0,Low,18-25,"30,000-49,999",Active,1
rjKLdPN,recVR4xvCRqokmJBR,4.0,Detractor,2025-07-07 14:02:00,2025-06-30,0,0.0,30050.0,Low,18-25,"5,000-9,999",Active,1
obBdOqx,recWhCY0kbBuFaZmD,5.0,Detractor,2025-07-07 13:55:00,2025-06-30,0,0.0,47960.0,Low,26-35,"30,000-49,999",Active,1
PdvraKB,recYlFxjiVhKldFZ2,9.0,Promoter,2025-09-09 19:48:00,2025-06-30,0,0.0,129360.0,Low,26-35,"50,000-99,999",Active,1
QKBYBRk,recaXHv2LpUm025j7,8.0,Passive,2025-08-12 15:54:00,2025-06-30,0,0.0,30030.0,Low,18-25,"20,000-29,999",Active,1
44kv2qY,recaeYgID68H3ka3l,1.0,Detractor,2025-07-07 13:44:00,2025-06-30,28,7950.0,71550.0,Medium,36-45,"100,000-149,999",PAR 7,1
vGd9G88,recarZEWwmS3jP6P9,4.0,Detractor,2025-09-26 06:35:00,2025-06-30,0,0.0,61950.0,Low,36-45,"50,000-99,999",Active,1
Y5VG7Ez,recatC5W4XM1eMHf7,5.0,Detractor,2025-08-28 19:05:00,2025-06-30,0,0.0,52980.0,Low,26-35,"30,000-49,999",Active,1
Pd0K810,recblAXoMyVF01Hin,10.0,Promoter,2025-07-22 14:10:00,2025-06-30,0,0.0,60510.0,Low,36-45,"50,000-99,999",Active,1
MeOv1Ll,reccCQZDSv1p0m9YU,8.0,Passive,2025-07-08 08:57:00,2025-06-30,0,0.0,23030.0,Low,18-25,"10,000-19,999",Active,1
68pGpJY,reccuZ7PXKUt0HrDG,0.0,Detractor,2025-09-25 13:10:00,2025-06-30,0,6999.0,0.0,Low,,,Paid Off,1
VL8gvLJ,recVbFZEzgV03AbKm,3.0,Detractor,2025-08-19 19:07:00,2025-06-30,0,0.0,44070.0,Low,26-35,"50,000-99,999",Active,1
Gx1D9k2,recY3UIBuhdi5hpLL,1.0,Detractor,2025-07-07 13:20:00,2025-06-30,0,0.0,54500.0,Low,18-25,"50,000-99,999",Active,1
9q6X7pV,recc28Wq3PgM7USsJ,8.0,Passive,2025-08-19 14:44:00,2025-06-30,0,0.0,40850.0,Low,36-45,"50,000-99,999",Active,1
KYoPxXV,recdXCii5BCoAIPXv,6.0,Detractor,2025-07-07 22:59:00,2025-06-30,16,2200.0,35310.0,Medium,18-25,"5,000-9,999",PAR 7,1
lb1JzMB,recdqDGI5C65WcK55,10.0,Promoter,2025-11-25 07:27:00,2025-09-30,0,0.0,28050.0,Low,26-35,"20,000-29,999",Active,1
zx1P5o1,recfUpPo8r4Q6mHNE,10.0,Promoter,2025-09-27 05:03:00,2025-06-30,0,0.0,66150.0,Low,26-35,"30,000-49,999",Active,1
1AKv61b,rechBXXBRlvxbXXHx,10.0,Promoter,2025-07-07 14:35:00,2025-06-30,0,0.0,18870.0,Low,,"Below 5,000",Active,1
81D1yxx,rechuHT54JNmMcoKa,2.0,Detractor,2025-12-22 01:17:00,2025-09-30,0,0.0,36100.0,Low,46-55,"150,000+",Active,1
Pd81Pze,reciB2U6AWwcqGp1D,10.0,Promoter,2025-08-28 14:47:00,2025-06-30,0,0.0,93519.0,Low,,,Active,1
Y5pgG1N,recjNAuW9SxELdvzc,10.0,Promoter,2025-09-10 06:06:00,2025-06-30,0,0.0,60180.0,Low,46-55,"100,000-149,999",Active,1
A70Y70k,reckPhBCCPeLNdnY4,3.0,Detractor,2025-11-05 16:36:00,2025-09-30,0,0.0,53580.0,Low,18-25,"50,000-99,999",Active,1
0QMJGXZ,recltHige00jdOYOC,8.0,Passive,2025-07-07 17:42:00,2025-06-30,0,0.0,48160.0,Low,36-45,"50,000-99,999",Active,1
1A2vdb1,reckzhkOIZg1Tc1gi,2.0,Detractor,2025-08-12 15:01:00,2025-06-30,0,0.0,33369.0,Low,,,Active,1
Gx1DD5L,recmeZYYNMulOFO90,10.0,Promoter,2025-07-07 14:04:00,2025-06-30,0,0.0,42500.0,Low,18-25,"30,000-49,999",Active,1
VL4OWdj,recnrx9TniOVPwVyJ,10.0,Promoter,2025-09-26 05:16:00,2025-06-30,45,9310.0,62510.0,High,26-35,"20,000-29,999",PAR 30,1
Gx1qdA2,reco4LUroEJqMatWS,,,2025-07-08 13:54:00,2025-06-30,0,0.0,52000.0,Low,26-35,"30,000-49,999",Active,1
NpvRkvl,recogDXMt7YHSSSRv,10.0,Promoter,2025-12-08 07:13:00,2025-09-30,0,0.0,22940.0,Low,36-45,"100,000-149,999",Active,1
7RzqLO9,recp0Sn6XbelAsTVU,,,2025-11-17 17:01:00,2025-09-30,78,14520.0,53240.0,Critical,18-25,"50,000-99,999",PAR 30,1
MerDL6Y,recpGXoWVm6c7X7nK,7.0,Passive,2025-08-19 15:11:00,2025-06-30,0,0.0,99640.0,Low,18-25,"5,000-9,999",Active,1
WOoYoOR,recpnJ9zOyzsNwt70,10.0,Promoter,2025-07-07 13:46:00,2025-06-30,0,0.0,44060.0,Low,36-45,"150,000+",Active,1
Y5OzDp5,recqPAGfXWFxJlYyH,10.0,Promoter,2025-07-22 14:27:00,2025-06-30,0,0.0,42750.0,Low,46-55,"100,000-149,999",Active,1
lblWLvN,recqVzXi0jMtbeHXT,7.0,Passive,2025-08-12 15:43:00,2025-06-30,0,0.0,39950.0,Low,18-25,"50,000-99,999",Active,1
KYaAQDg,recqp5XveR0Bq2OwY,10.0,Promoter,2025-09-25 11:51:00,2025-06-30,0,0.0,62400.0,Low,36-45,"150,000+",Active,1
lbAlKyv,recsSKy5pPOOi1uCa,10.0,Promoter,2025-07-07 20:07:00,2025-06-30,0,0.0,37050.0,Low,18-25,"30,000-49,999",Active,1
gDYNded,rect7hhXRFo9z8ICl,2.0,Detractor,2025-09-08 16:15:00,2025-06-30,0,0.0,64680.0,Low,26-35,"150,000+",Active,1
Gxo9Rpe,rectwLljqBnKYKnbG,6.0,Detractor,2025-08-19 18:31:00,2025-06-30,41,5700.0,48450.0,High,26-35,"30,000-49,999",FPD,1
5B2R6Ob,recumVnDtucimMjZu,10.0,Promoter,2025-07-22 16:06:00,2025-06-30,0,950.0,41800.0,Low,18-25,"5,000-9,999",Active,1
2E1J619,recrTfQBt1tRHhOCF,7.0,Passive,2025-09-08 15:24:00,2025-06-30,0,0.0,36260.0,Low,26-35,"100,000-149,999",Active,1
WO0ylVR,rectqW3jVEKpzsWAq,2.0,Detractor,2025-09-25 12:59:00,2025-06-30,50,12420.0,76020.0,High,26-35,"50,000-99,999",FMD,1
81p8V5P,recwrXDpjjMZOaQyI,10.0,Promoter,2025-08-12 17:07:00,2025-06-30,0,0.0,47380.0,Low,36-45,"150,000+",Active,1
rj2O0vX,recxui796c1BLsCGg,5.0,Detractor,2025-08-28 17:34:00,2025-06-30,0,0.0,22950.0,Low,26-35,"10,000-19,999",Active,1
9qaP1D1,recy6cccC7E0rhXEH,8.0,Passive,2025-11-05 14:07:00,2025-09-30,0,0.0,52480.0,Low,46-55,"150,000+",Active,1
68kv2zo,reczTbhrj3Gp4awkC,9.0,Promoter,2025-07-07 14:12:00,2025-06-30,0,0.0,53300.0,Low,18-25,"50,000-99,999",Active,1
obYeKPN,rec231oEmEQieBCQt,9.0,Promoter,2025-12-04 15:18:00,2025-09-30,0,0.0,29040.0,Low,18-25,"5,000-9,999",Active,1
Bz6X0XN,rec2z8M77AbK9w9JI,10.0,Promoter,2025-10-24 09:35:00,2025-09-30,0,0.0,61200.0,Low,18-25,"5,000-9,999",Active,1
NpQZO6G,rec3UALUCyFEPeW1z,10.0,Promoter,2025-11-24 11:24:00,2025-09-30,0,0.0,45900.0,Low,26-35,"30,000-49,999",Active,1
xXEy8rG,rec46mKhkH4Cd0c83,0.0,Detractor,2025-12-06 14:33:00,2025-09-30,0,0.0,52300.0,Low,26-35,"150,000+",Active,1
obaWq4M,rec4ZC1ooQtrIUWuI,5.0,Detractor,2025-12-03 05:55:00,2025-09-30,0,0.0,52920.0,Low,36-45,"150,000+",Active,1
eqlXoAq,recAB9DbmJARAv3GQ,8.0,Passive,2025-11-24 11:24:00,2025-09-30,0,0.0,46500.0,Low,26-35,"30,000-49,999",Active,1
9q4W5zK,recDKCh02HMN3xJon,10.0,Promoter,2025-10-07 16:00:00,2025-09-30,0,0.0,0.0,Low,18-25,,Paid Off,1
EkGGWko,recRlmsvJnibHtEMf,0.0,Detractor,2025-12-18 17:44:00,2025-09-30,0,0.0,45520.0,Low,18-25,"20,000-29,999",Active,1
zxO405R,recefjR9ey2vUPx6l,10.0,Promoter,2025-11-05 14:36:00,2025-09-30,0,0.0,50950.0,Low,26-35,"5,000-9,999",Active,1
eqG8drk,reclWHpBd6UOir9Bo,10.0,Promoter,2025-12-18 16:54:00,2025-09-30,0,0.0,62730.0,Low,26-35,"100,000-149,999",Active,1
BzlRNR1,reco37EthRoOPhJWP,10.0,Promoter,2025-11-24 12:25:00,2025-09-30,0,0.0,43000.0,Low,26-35,"30,000-49,999",Active,1
Y59Q0Gv,recoVnxzwK7uaDnAM,5.0,Detractor,2025-10-07 14:16:00,2025-09-30,0,0.0,46500.0,Low,26-35,,Active,1
Y59d8LB,reconsK2fHTiayE1a,6.0,Detractor,2025-10-08 08:42:00,2025-09-30,0,0.0,33500.0,Low,18-25,"5,000-9,999",Active,1
Gxb5gRp,recssgHa1NrWURREt,10.0,Promoter,2025-10-10 06:05:00,2025-09-30,0,0.0,50200.0,Low,36-45,"50,000-99,999",Active,1
aQPVqBB,recvotrPln84xdSJ5,,,2025-12-03 05:28:00,2025-09-30,32,2450.0,22050.0,High,36-45,"10,000-19,999",PAR 30,1
jaxNqpQ,recvUKgZT6GsbKAIR,10.0,Promoter,2025-07-22 15:08:00,,,,,,,,,1
xXZKEvG,recViF2OEkR9xCgdO,10.0,Promoter,2025-07-22 15:13:00,,,,,,,,,1
2EbBeWD,rececxcdZAGaNCkHa,7.0,Passive,2025-08-19 14:58:00,,,,,,,,,1
RGZM0jK,recK387EZyPMNvjHE,4.0,Detractor,2025-08-19 18:55:00,,,,,,,,,1
44pRdoX,recwDHIdlgyE8HuYe,10.0,Promoter,2025-09-25 13:35:00,,,,,,,,,1
xXlqlBE,rec8GNqy3mGcBDrS6,8.0,Passive,2025-09-26 11:57:00,,,,,,,,,1
J9kD2yd,recc7o4oZ9puw3WSn,10.0,Promoter,2025-08-12 15:33:00,,,,,,,,,1
D4vDlYb,recfxXnoFRBDXGDO9,10.0,Promoter,2025-08-12 18:08:00,,,,,,,,,1
rjk5B5N,recxkJrdfJhdqu4rI,8.0,Passive,2025-09-21 05:39:00,,,,,,,,,1
jaxNXGE,recsNt6uhEnAW88N9,10.0,Promoter,2025-07-26 15:17:00,,,,,,,,,1
zxWMxN0,reciTERq5KDNZpFO0,0.0,Detractor,2025-08-28 16:06:00,,,,,,,,,1
EkZpA7L,rec1GUTObfRG5hPoB,5.0,Detractor,2025-09-19 13:51:00,,,,,,,,,1
rjYLrjo,rec7BX1DrUn89HEHM,10.0,Promoter,2025-10-08 14:27:00,,,,,,,,,1
9qPZMkG,rectCw6eDoKMYn4n1,4.0,Detractor,2025-12-04 19:02:00,,,,,,,,,1
lb01DVV,recVhO6DhvV8SCL6R,7.0,Passive,2025-08-24 17:02:00,,,,,,,,,1
q4MYWJ7,recEU6Q0T51DD0GDu,1.0,Detractor,2025-11-20 14:06:00,,,,,,,,,1
BzKdrPe,recPekXjYDp0AR7Nk,9.0,Promoter,2025-04-23 16:42:00,,,,,,,,,1
81p8Wlx,recS1R6hjm6dsoulZ,7.0,Passive,2025-08-12 16:47:00,,,,,,,,,1
ZjRDaP5,recB1dzNpdiXqX2Ft,8.0,Passive,2025-08-14 04:55:00,,,,,,,,,1
44A1JZX,recdRympTzEgecEYN,10.0,Promoter,2025-09-08 20:03:00,,,,,,,,,1
EkdbpbN,recHjUGu3akAEoCFi,9.0,Promoter,2025-05-06 11:57:00,,,,,,,,,1
KYPld5k,rece9YR9LFZKxzYc2,9.0,Promoter,2025-08-20 14:54:00,,,,,,,,,1
dWKDO0K,reckP76dIoeSJ24PX,8.0,Passive,2025-09-08 15:30:00,,,,,,,,,1
QKzG95Y,reccMIkcsIQTXlsGe,10.0,Promoter,2025-09-19 14:08:00,,,,,,,,,1
Xx9E6xY,recTJVIKcjZ5xQteJ,7.0,Passive,2025-10-25 04:28:00,,,,,,,,,1
D4Y9A6p,recRIcKkCu2Z8Uz9k,5.0,Detractor,2025-11-05 14:46:00,,,,,,,,,1
KYAGljz,recPadIkQRkboGVhV,0.0,Detractor,2025-12-08 11:43:00,,,,,,,,,1
44NvjeA,recwxZEepsNKJk0mA,2.0,Detractor,2025-08-13 07:10:00,,,,,,,,,1
kdkXg0d,rec58PFtCOTGKCyj0,10.0,Promoter,2025-09-25 13:28:00,,,,,,,,,1
RGjYPEP,recujfUdcT3rdkFJb,10.0,Promoter,2025-10-08 13:50:00,,,,,,,,,1
kdp8RVo,recoGtUpeGAeyFtg4,10.0,Promoter,2025-11-06 03:58:00,,,,,,,,,1
VLBg68M,recfix2VSgcbru32j,3.0,Detractor,2025-12-03 05:37:00,,,,,,,,,1
rjOzMy5,recff2dO9PuTWBiJe,8.0,Passive,2025-05-19 15:11:00,,,,,,,,,1
Pd5e4WP,recff2dO9PuTWBiJe,2.0,Detractor,2025-06-11 22:11:00,,,,,,,,,1
jaMWbB4,recB6FNhR92Rjx7n4,9.0,Promoter,2025-08-19 20:11:00,,,,,,,,,1
b5YPxNe,recFMSNXrVpelQUYO,10.0,Promoter,2025-09-19 15:38:00,,,,,,,,,1
zxelrva,recG0RSr8MTImt3b8,6.0,Detractor,2025-07-22 13:57:00,,,,,,,,,1
Me5BQNk,recjB2YEijISbeaar,10.0,Promoter,2025-07-22 15:08:00,,,,,,,,,1
GxYpYkz,recDXyh4tc9xU6TQg,,,2025-08-28 17:37:00,,,,,,,,,1
obkNZLb,rechTXjahcBH0mzUW,8.0,Passive,2025-09-25 19:52:00,,,,,,,,,1
yPda41X,rec6tLo61Dr7mWG3N,7.0,Passive,2025-09-26 07:03:00,,,,,,,,,1
J9bpGGr,rec9JkVoVosPPEQt5,10.0,Promoter,2025-12-04 15:44:00,,,,,,,,,1
PdljNKP,recGPkLAtogE0C1Yh,8.0,Passive,2025-07-23 11:13:00,,,,,,,,,1
rjVBaKX,recfv4Kqvj7hNw9i2,7.0,Passive,2025-07-24 01:39:00,,,,,,,,,1
D4XkL8j,recbEOHUCbrU9gBsD,2.0,Detractor,2025-08-19 21:36:00,,,,,,,,,1
GxlQlbp,recZVt4WMRjR7oj5r,6.0,Detractor,2025-06-01 12:34:00,,,,,,,,,1
0QPXzbN,recDmEIK3o8zadP19,8.0,Passive,2025-07-22 15:17:00,,,,,,,,,1
ODBYQ58,recFoFJMN7EQkIXfx,1.0,Detractor,2025-08-12 14:46:00,,,,,,,,,1
eqx2rpk,recWwODE1a4g4JE79,10.0,Promoter,2025-08-12 15:06:00,,,,,,,,,1
MerD6jp,recuIUmDlFzGS1kK8,7.0,Passive,2025-08-19 15:46:00,,,,,,,,,1
1AG4Exp,rec5xsG6Wt1JSptS2,8.0,Passive,2025-08-28 17:09:00,,,,,,,,,1
Y5gbDP0,recqqo1a3Yqq5D4rz,8.0,Passive,2025-11-05 16:23:00,,,,,,,,,1
obYeOqX,reckdvqI2bU2vMBSM,10.0,Promoter,2025-12-04 14:50:00,,,,,,,,,1
449ZDWA,rec2MVKBIoAZMRFMu,8.0,Passive,2025-09-19 13:59:00,,,,,,,,,1
PdGL5Wb,rec8at3oXBX7ykMKo,,,2025-09-25 12:25:00,,,,,,,,,1
A7jNdWN,recSIL7kzxNEQzTwm,10.0,Promoter,2025-09-25 12:28:00,,,,,,,,,1
PdDjkDx,rectavMBbkg1rwXIl,10.0,Promoter,2025-04-22 15:48:00,,,,,,,,,1
Mea5bQX,recZbt1Jv0uN6sfcw,8.0,Passive,2025-05-13 22:40:00,,,,,,,,,1
pb0yWjZ,rec7CFQLCsR52eQAs,7.0,Passive,2025-08-19 19:27:00,,,,,,,,,1
Bz8p1W4,rec7CFQLCsR52eQAs,8.0,Passive,2025-08-28 17:10:00,,,,,,,,,1
2EDGMYj,rec7CFQLCsR52eQAs,9.0,Promoter,2025-09-26 06:15:00,,,,,,,,,1
aQaRPqE,recxQ9SOlRSWQgx9I,10.0,Promoter,2025-09-26 15:23:00,,,,,,,,,1
D4PGa6p,recwAAw2H6qJXILwD,10.0,Promoter,2025-11-24 11:24:00,,,,,,,,,1
PdeqPBP,recX0uIw0nJj1P82T,5.0,Detractor,2025-11-24 11:57:00,,,,,,,,,1
WOBWg0J,recGskzjQFkFDzbSn,1.0,Detractor,2025-11-24 14:21:00,,,,,,,,,1
jaqRX5a,recaT8rzOObkTBmMu,6.0,Detractor,2025-12-02 16:19:00,,,,,,,,,1
zx4yeWZ,recBoLvyqLmREif7W,3.0,Detractor,2025-12-04 14:48:00,,,,,,,,,1
LZ5K1RJ,recMtDfSiB0oN3R7h,10.0,Promoter,2025-08-28 16:06:00,,,,,,,,,1
Xx2d2rg,recNmNo8lQApAO2w8,10.0,Promoter,2025-09-25 13:13:00,,,,,,,,,1
44ybEjk,recN7MRq18npveTGL,10.0,Promoter,2025-11-24 11:29:00,,,,,,,,,1
2El2p9g,recIoCMjsopyCTYwY,10.0,Promoter,2025-09-19 14:32:00,,,,,,,,,1
jaJ1Ok4,recIwjaWpQeWzKaBD,10.0,Promoter,2025-09-19 23:46:00,,,,,,,,,1
Xx2dJ9Y,receahL1GpamBixQH,3.0,Detractor,2025-09-25 12:12:00,,,,,,,,,1
LZa8ok1,recaEixc1dCUxL9TR,9.0,Promoter,2025-09-19 13:35:00,,,,,,,,,1
yPkqEGp,recsYmT1liOZG6BVr,10.0,Promoter,2025-11-11 17:09:00,,,,,,,,,1
XxvayRz,recmen6iAgHNO9kxr,6.0,Detractor,2025-12-02 16:07:00,,,,,,,,,1
